id,eval_source,category,Context,Response,Answer
dang_001,dang_real,Caregiving Challenges – Balance & Time,"It is hard to find a balance between how much time you spend on caregiving, how much time you spend on your study or sport or friends, because you can always do more to take care at home. Sometimes you need to finish a deadline but if something happens at home and I need to go home to take care of my youngest sister, you cannot do both and so I need to ask for a postponement — you end up in a vicious circle. I cannot study full time anymore. It takes up much time and it is emotionally draining. You constantly think about it in the back of your mind.",,"That feeling of being pulled in too many directions, and the guilt of not being able to do everything, is really common for caregivers. It sounds like you're caught in a cycle where caregiving keeps interrupting your studies, and that's exhausting. One small step might be to talk to your school about flexible deadlines or arrangements, even if it feels awkward. You're not alone in this, and it's okay to ask for help."
dang_002,dang_real,Caregiving Challenges – Balance & Time,"Last year when COVID hit and everything was put online it was quite challenging to take care of him as well as trying to concentrate, so I ended up working a lot of the time, long hours into the evenings — around 2, 3, 4 in the morning — just to try to catch up with coursework. I suffered a lot and failed a lot of my courses last year because I couldn't really keep up with having to take care of him and doing coursework.",,"That sounds like an impossible situation, trying to work and care for someone while everything shifted online. It's not a failure of *you* when coursework slips when you're juggling that much. Have you been able to talk to your school about what happened last year, and whether there's any flexibility now?"
dang_003,dang_real,Caregiving Challenges – Balance & Time,"I find it difficult to keep up with my studies and social life. He becomes suicidal at times and I have to constantly be there for him, as I am the only one who takes care of him.",,"It's understandable that your studies and social life are suffering when you're the only one providing constant care, especially when there's a risk of suicide. It's not just about time, but the mental load of always being on alert. Have you spoken to your school about accommodations for caregivers? They may be able to offer flexibility with deadlines or coursework. Also, is there a crisis line or mental health professional he's connected with who could offer more consistent support, reducing the burden on you?"
dang_004,dang_real,Caregiving Challenges – Balance & Time,"What I found difficult was the combination of school and caretaking. I was studying for my test and I suddenly heard my mother screaming downstairs in real pain. Then she finally came at 1am, but I had a Latin exam at 9am. Sometimes I would cry at school and the teachers would ask 'are you sure you want to do this' — and I am like 'well, I know I probably should.' I was never really one to go tell other people 'hey I'm having a hard time.' Looking back on high school, I think I should have asked for a lot more help, for extra time, and more space for myself mentally to process my mother's illness. Because she gets worse every year — it's not something constant. It really goes with ups and downs so it keeps you busy.",,"It sounds like you're juggling a lot, and the unpredictability of your mother's condition makes it even harder. It's okay to feel overwhelmed when something like that happens, and it's okay to ask for help. It's also okay to ask for extra time or space to process your feelings."
dang_005,dang_real,Caregiving Challenges – Balance & Time,"It is mostly the mental challenge. A couple of years ago it was also a mental challenge — if you study and if you do everything and anything, it can be pretty hard mentally.",,"It sounds like you're juggling a lot, and the mental load is really heavy. It's okay to not do everything ""well,"" especially when you're also caring for someone. What's the one thing you could let go of, or do just enough to pass, to free up some mental space?"
dang_006,dang_real,Caregiving Challenges – Emotional Impact,"The caretaking itself is not that big of a challenge, because you do it bit by bit. The worrying — I struggled with that a lot, and I notice it's getting worse during corona times. I had intensive support for it. I am part of a caregiving organisation since I was 10, so in there we had a companion group, and from there I got referred because I just worry very intensely. Now, in corona times, I contacted the caregiving fulcrum — sometimes it's nice to tell your story without people judging or without people being in the same situation.",,"It sounds like you're carrying a lot of worry alongside the practical tasks of caregiving. One caregiver found it helpful to have a space to share their story without judgment, like through a caregiving organisation or a ""fulcrum"" support service. Would you be open to exploring options like that, where you could talk things through with someone who understands?"
dang_007,dang_real,Caregiving Challenges – Emotional Impact,"If they do not respond on WhatsApp — since I am in my own room during the week — if they do not respond for a long time, I usually think it's not going well, so I worry about it. Or if you are at home you feel a kind of tension. It is just always there.",,"It's completely normal to feel tension or worry when you don't hear back quickly, especially when you're relying on someone else for care. It sounds like a delayed response can instantly trigger a sense that something's wrong. Is that right? If you're comfortable sharing, what does that worry usually feel like for you?"
dang_008,dang_real,Caregiving Challenges – Emotional Impact,"Of course it is kind of hard, because I really love her. It's hard to see her getting more and more fragile. And of course I am afraid that sometime in the future she will pass, and that's hard. But I think that's a challenge everyone has to deal with. So I don't have any really personal specific challenge going on.",,"It sounds like you're holding a lot of love and a lot of worry at the same time. It's normal to feel both when someone you care about is becoming more fragile. The fact that you recognize the fear of loss as something everyone faces doesn't make it less real, just more universal. Is there anything small you can do today to feel a little more connected to her, or to take care of yourself while you hold this worry?"
dang_009,dang_real,Caregiving Challenges – Emotional Impact,"It is sometimes a very difficult balance to keep, and it is also very easy to feel guilty when you say 'okay I don't feel good now, I cannot help you much today' — because you can't help that other person. You can practically still help, but sometimes that's counterproductive. That's what makes me feel very guilty and very selfish — but I do think that's what a lot of caregivers feel. That balance of 'how do I keep space and time for myself, without putting myself out for someone else?'",,"That guilt is really common, and it doesn't make you selfish at all. It means you're aware of the impact on both of you when you're running on empty. It's like the airplane rule: put your own oxygen mask on first. A small step could be naming one thing you need to recharge, and building that into your week, even if it's just 15 minutes."
dang_010,dang_real,Caregiving Challenges – Emotional Impact,"We created a system where if I get overloaded I can take a break at any time. Taking breaks is much more useful to me than going to a therapist, because if I go to a therapist, I already know what to do and how to do it — I'm quite self-aware and very into psychology. It's more that I just need space: going out with friends, balancing things out, doing things on my own, and reminding myself that caregiving is not everything in my life. I have a lot of things going on too.",,"It sounds like you're finding that space and breaks are more helpful than talking things through, which is really common. It's about remembering you have a life outside caregiving, and that taking time for yourself isn't selfish, it's essential. Do you have a system in place for those breaks, or is that something you'd like to work on?"
dang_011,dang_real,Caregiving Challenges – Care Recipient Behavior,"A lot of times — I mean, I'm not blaming her — she has mood swings, anxiety, insecurity on an extreme level. And I can't blame it on her because she doesn't want it to be that way. But it hurts, sometimes, how hurtful the way she acts around me, especially when she's triggered. She got triggered by literally everything. The first six months of this year was really horrible. Because of that, she can't take care of me mentally, so I have to sort out my own mental issues by myself.",,"That sounds really isolating, having to manage your own emotional needs when the person you're caring for is struggling. It's common for caregivers to feel like they have to navigate their own mental health alone, but it's not something you should have to do. Would you be open to exploring some resources for caregivers, like support groups or individual therapy? They can offer a safe space to process your feelings and develop coping strategies."
dang_012,dang_real,Caregiving Challenges – Care Recipient Behavior,"She doesn't like to be helped that much. She's very mentally strong, completely fine, very smart, she does uni — she doesn't like to be babied. But sometimes we have to force her a little bit: 'you have to calm down.' She doesn't like to be felt sorry for. Sometimes it takes my energy. And it's also hard to distinguish — when should I push her a little? Maybe I should just let her do her own thing. I think that's the balance.",,"It sounds like you're walking a really delicate line between supporting her and respecting her independence, and it's exhausting to constantly second-guess when to step in. It's good you're thinking about that balance. Sometimes, ""letting her do her own thing"" can be the most supportive thing, even if it feels counterintuitive. If you're finding it hard to know when to push and when to pull back, it might be worth talking to a professional, just to get an outside perspective. The Children's Society has a 'Know Your Rights' pack that might help you understand what support is available."
dang_013,dang_real,Caregiving Challenges – Care Recipient Behavior,"He can't clean very well anymore because he can't see very well, so certain things — when something falls, or reading things — you have to read that out loud and speak loudly so that he understands everything. It's more about the way others talk to him, because he's half deaf.",,"It sounds like communication is becoming a bigger part of your caregiving role. Reading things aloud and speaking clearly can be tiring, but it's a way of keeping him connected to what's happening around him. It's good to be aware of his needs, and to adjust how you communicate to make sure he understands."
dang_014,dang_real,Caregiving Challenges – Distance Caregiving,"When I'm away, it's difficult to keep a tab on how things are going — that's a challenge, to make sure that things are going right and they are visiting and taking things on time. I'm mostly depending on them. I usually ask them 'how is it going, are you keeping track?' — like that's the only way I can take care of those things. Sometimes when they say they don't feel so well, that's when I get concerned: 'Oh, what went wrong? Did you take your medications? Did you exhaust yourself?'",,"It sounds like you're carrying a lot of responsibility, even when you're not physically present. It's natural to feel concerned when you hear someone isn't feeling well, and to want to know the details. It's also common to feel like you're the only one keeping track.

When you're away, could you ask the person providing care to send a short daily summary, rather than waiting for a problem to arise? Something like ""Medication taken, lunch eaten, no new concerns"" can be reassuring without requiring a long conversation."
dang_015,dang_real,Caregiving Challenges – Distance Caregiving,"I use a reminder app on my phone to remind me to call her every Monday, Wednesday, Friday, and Sunday. I get some information from the internet for smaller things, but not for really important things because I don't want to get biased or get misinformation.",,"That's a really sensible approach. A regular schedule with reminders can make a big difference, and being careful about where you get information is smart. It's easy to get lost in the internet and end up more confused than when you started."
dang_016,dang_real,Caregiving Challenges – None Reported,"No, not really. Most of the time I have studies to do. I just do it with her in her presence, you know. There's no complication.",,"It sounds like you're managing to fit caregiving around your own life, which is good. It's okay to have your own things going on, and it's smart to find ways to do them *with* your loved one when you can. Is that working for you, or are you finding it hard to balance everything?"
dang_017,dang_real,Caregiving Challenges – None Reported,No challenges faced. The caregiving is not that difficult at the moment.,,"That's good to hear. It's helpful to know that things are manageable right now. Even when things are going well, it's worth thinking about what resources or information might be useful down the road, like what the other caregivers mentioned about dementia or household tools. Is there anything I can help you think through today?"
dang_018,dang_real,Support Currently Used,"Not practical things per se, but I do get psychological assistance. I am with POH GGZ since November, I think, and I am on the waiting list for the normal GGZ.",,"It's good you're already getting psychological assistance. Being on a waiting list for more in-depth support can be frustrating, but it's a sign you're proactively seeking help. Do you have a sense of how long the wait might be, or what kind of support the ""normal GGZ"" offers? Knowing that might help you plan, or decide if you need to explore other options in the meantime."
dang_019,dang_real,Support Currently Used,"The only thing I know so far is the therapy sessions. In the early stages of taking care of my dad I received quite a few therapy sessions, which really helped me cope with the diagnosis and processing what was going on, and helped me try to provide the best care I could give him.",,"It sounds like those early therapy sessions were a lifeline, helping you make sense of a huge shift and figure out how to move forward. If you're finding yourself needing that kind of support again, remember you can ask friends for referrals, and it's okay to ""shop around"" for a therapist who feels right. CBT (Cognitive Behavioral Therapy) is often a practical starting point, focusing on solutions."
dang_020,dang_real,Support Currently Used,"I went to therapy a few times, but every time I go to a therapist, I already know what to do and how to do it. I'm quite self-aware and very into psychology. Going to a therapist doesn't give me the support that I need. It's more that I just need space and going out with friends.",,"It sounds like you've already done a lot of work on understanding yourself, which is great. If therapy feels like it's stating the obvious, maybe it's not the right fit right now. Other caregivers have found that building in regular breaks and time with friends is more helpful than therapy when they already have a strong sense of self-awareness. Would you like to explore some ways to build that space into your routine?"
dang_021,dang_real,Support Currently Used,I am part of a caregiving organisation since I was 10. In there we had a companion group — caregivers of our own age in a similar situation. That's the support I've had.,,"That sounds like a really good setup. Having a companion group of peers who understand the situation can be a big help. Do you still have access to that group, or is it something you've grown out of?"
dang_022,dang_real,Support Currently Used,"Every year we go to MS children's camps, arranged by the UMCG. You basically go with all other children who also have a parent or family member with MS. It's a weekend of fun activities, and it's free of charge — so those with low income can also go. Parents can send their child there so they can get in contact with fellow sufferers, children in similar situations. And so they can be away from home for a weekend.",,"That sounds like a really good opportunity for your child. Camps like that can be a great way for kids to connect with others who understand what they're going through, and for parents to get a little break knowing their child is in a safe and supportive environment. Do you know if the UMCG runs camps near you, or if there are similar organizations in your area?"
dang_023,dang_real,Support Currently Used,"Sometimes I ask somebody else to go shopping or something like that, if I don't have any time. So there's no real complication.",,"It sounds like you're finding ways to make things work, even if it's just delegating a shopping trip now and then. That's a good start. It's also normal to feel hesitant about letting others into your space, especially with personal tasks like laundry. A shared calendar or task list with trusted family and friends could be a good way to coordinate help without feeling like you're opening the door to strangers."
dang_024,dang_real,Support Currently Used,Not taking any support in caregiving apart from talking to her boyfriend.,,"It’s common to feel like you’re juggling too much when you’re the main support for someone, and it’s easy to get caught in a cycle of always feeling like you should be doing more. It sounds like you’re trying to balance a lot right now, and it’s okay to ask for help. Is there anyone else you could talk to, or a service that could take some of the load off, even for a little while?"
dang_025,dang_real,Support Currently Used,I don't have time to look for it.,,"That's a common feeling when you're already stretched thin. It's okay to let things slide if you're just trying to get through the day. If you'd like, I can help you find a few resources, or just hold the thought for when you have a bit more space."
dang_026,dang_real,Support Currently Used,"Maybe there were services, but people didn't tell me 'oh hey, this is also a possibility.' Back then I didn't know.",,"It's really common to feel like you're figuring things out as you go, and that important options weren't pointed out when you needed them. It's not a failing on your part, just a gap in how information gets shared. Is there someone you trust who's navigated similar situations, or a local agency that could help you map out what's available now?"
dang_027,dang_real,Support Currently Used,I never felt that much of a need to look into this. So I haven't really explored if there is something that would help me or that could give us some assurance that things are going right.,,"It's easy to fall into that pattern. When things feel okay, it's hard to imagine what might go wrong, and even harder to start looking for ways to prepare. It's okay to start small. Is there one thing you could look into this week, even just a quick search online, that might give you a little more peace of mind?"
dang_028,dang_real,Support Currently Used,I'm aware of them but I don't know too much about them.,,"It's common to hear about resources and not know where to start. Sometimes people don't share what's available, or it just doesn't click until later. If you're curious about learning more, a small step could be checking out their website or a quick online search to see what they offer. Would that feel manageable?"
dang_029,dang_real,Support Currently Used,"I think not yet, but I will definitely look for support when things get a bit difficult.",,"That's a good plan. It's very common to feel like you don't *need* support until things feel harder, and it's smart to get ahead of that. It's also okay to wait until you're ready, and to start small. What kind of support feels most appealing right now?"
dang_030,dang_real,Support Needed,"On one hand you want help, and there are also people that want to give help, but it's hard to bring those together. You also don't want random people in your house doing the laundry or something. So I think it would be handy if you had a sort of tool in which you could put what needs to be done, and other people — family members or people you can trust — can see it and indicate 'oh I can do groceries today.' I would not want strangers doing those kinds of things.",,"It sounds like you're wanting to make it easier for people you *already* trust to help, rather than opening things up to strangers. A shared list or calendar where family can sign up for tasks could be a good way to do that. It's a small step, but it could make a big difference in feeling less alone with everything."
dang_031,dang_real,Support Needed,"I really haven't had the time. It's always something you think of in the back of your head — 'oh I should maybe look for more resources' — but I know that it is a daunting task to go through the internet, to skim through everything and find something. So I always put it off.",,"That's a really common feeling. It's easy to know you *should* look for resources, but the actual searching can feel impossible when you're already stretched thin. One thing that helped another caregiver was to focus on reading firsthand accounts on sites like Reddit or Quora, rather than trying to wade through formal articles. It might feel less overwhelming to read what others have actually experienced."
dang_032,dang_real,Support Needed,"I would try to get in touch with a professional, someone who is trained in the field — like a doctor or psychiatrist.",,"It sounds like you're thinking about getting professional support, and that's a really good step. It's okay to shop around for someone who feels like a good fit, and CBT (Cognitive Behavioral Therapy) can be a practical place to start. Would you like some tips on finding a therapist, or resources for online information?"
dang_033,dang_real,Support Needed,"I think just telling your story without someone immediately judging, or referring you, or thinking you need more help. Just someone who listens and thinks along when necessary — mainly that. I like that about the support from the caregiving organisation.",,"That's a really good point. It's so helpful to have a space where you can just *talk* about what's happening, without someone jumping to solutions or feeling like you need to be ""fixed."" It sounds like that caregiving organisation has something valuable in offering that kind of listening. Is that something you've found yourself looking for, a place to share without pressure?"
dang_034,dang_real,Support Needed,"Mental support with a psychologist — that is something I missed last year. Just someone you can talk to. And also being able to talk about it with my parents, and that they, for example, ask for help from other people — that is also a step. Because asking for help is difficult of course, and your family just does that. But help from outsiders you don't know is more difficult.",,"It sounds like you're carrying a lot, and it's okay to admit that asking for help feels hard. It's especially tough when it's not just about asking *for* help, but letting others *give* it. If you've had a transition assessment, there should be a written report outlining next steps and ongoing support. The Children's Society also has a ""Know Your Rights"" pack that might help you understand what support you're entitled to. Would you like me to share a link for that?"
dang_035,dang_real,Support Needed,I think more information about how to make space for yourself when someone is dependent on you. Because that is sometimes a very difficult balance to keep. That's what makes me feel very guilty and selfish — but I do think a lot of caregivers feel this: the balance of 'how do I keep space for myself without putting myself out entirely for someone else?',,"That balance *is* hard, and the guilt is a common signal that you're navigating it honestly. It's not selfish to need space, it's a condition of being able to keep giving care. What's one small thing you could do this week that's just for you, even if it's only 15 minutes?"
dang_036,dang_real,Support Needed,"I think all I would need is information regarding especially dementia, and also easier access to some household tools.",,"It's good to know what would help most: information about dementia, and access to tools. Do you have a local Age UK or Alzheimer's Society branch? They often run courses and have lists of local resources. For tools, is it borrowing, a small grant, or something else that would make things easier?"
dang_037,dang_real,Support Needed,"Maybe talking to other people who also are in the same situation? How to deal with it? I'm not sure, maybe.",,"That's a really common feeling, wanting to connect with people who understand. It's not always easy to find that, but it can make a big difference. Sometimes just knowing you're not alone is a relief. There are groups for caregivers, both online and in person, where you can share experiences and get ideas. Would you like me to help you find some resources?"
dang_038,dang_real,Support Needed,I feel like I already have it. I'm not her only friend — there are also other friends. We sometimes talk to each other about it. And I can also talk to my boyfriend.,,"It's good you have a network of friends and a partner you can talk to. That's a solid base for navigating the ups and downs of caregiving. It's also normal to feel like you're already ""getting it,"" but remember that caregiving is a long game, and needs change. Check in with your friends and partner regularly, and don't hesitate to ask for specific support when you need it."
dang_039,dang_real,Online Support – Willingness,"Yes, completely. I feel like all the sites I go through are usually really medical and heavy — they have really hard medical terms and I have to spend time trying to understand the article, whereas the article was supposed to make me understand. I would appreciate something that is more concise.",,"It's really common to find information that's hard to wade through. It's frustrating when you're already stretched thin and need something clear and direct. I'll focus on keeping things simple and practical. If you're looking for career ideas that make a difference, 80,000 Hours has some good starting points, especially in newer fields where things are still being figured out."
dang_040,dang_real,Online Support – Willingness,Through online support I will be able to monitor the CR better as I sometimes don't live with the CR or have to go to school or for my job. I also wish to seek information about how to talk or behave in front of my CR.,,"That's a really practical way to think about online support – using it to stay connected and informed when you can't be physically present. It's also smart to want to learn how to communicate more effectively with the person you care for. Sometimes just knowing what to expect can make things easier. Do you have a sense of what kind of situations you'd like to prepare for, or what kind of communication feels most challenging right now?"
dang_041,dang_real,Online Support – Willingness,"That would be perfect, especially since I now live in another country. Getting support online — especially information — is what is most needed, I think. But in terms of formal actual support, I think it wouldn't be as useful, because the reason why my support works with her is because there's a really close relationship between us. Information about how I should act or how I should talk would be a bit more useful.",,"It sounds like you've found something that works well with the person you care for, and that's really valuable. Distance makes that harder to maintain, so it makes sense that information feels more useful than a new formal support arrangement. What kind of information would be most helpful right now?"
dang_042,dang_real,Online Support – Willingness,"Yes, it will give some new insights.",,That's good to hear. Sometimes just seeing how others navigate similar things can make it feel less overwhelming. What feels most pressing right now?
dang_043,dang_real,Online Support – Willingness,Because if I also have to go somewhere else — school and a side job — it's easier for me to just watch online. If it's just online I can just access it whenever.,,"It sounds like you're juggling a lot, and the flexibility of online options is a big help. Is there anything specific you're trying to fit in, or a task that feels especially hard to schedule around everything else?"
dang_044,dang_real,Online Support – Willingness,"Yes, I think more contact with fellow informal caregivers would be good. They already exist of course. You can understand each other a bit — but like someone who has MS and with whom I've dealt with for 21 years, that is different from other diseases. Experiences can be very different from each other.",,"It's really common to feel like no one quite *gets* it, even among caregivers. Every illness, every family, every person is different. It's good to remember that even if someone else's situation isn't exactly like yours, they still understand the weight of caregiving. Would you be open to exploring some caregiver support groups? Sometimes just knowing you're not alone makes a difference."
dang_045,dang_real,Online Support – Willingness,I would be happy if I have access to an online version of information from professionals. I don't have time for looking for any support otherwise.,,"That makes total sense. It's hard to carve out time for extra research when you're already stretched thin. I'll keep that in mind as I respond. Is there anything specific you're looking for information on right now? If you tell me the topic, I can try to find a concise, reliable source."
dang_046,dang_real,Online Support – Barriers,"It depends on what it is — whether it is practical or emotional support. And also whether there are strangers in charge of it or people I know, or whether I can see those people in real life or only online. I do not feel the need to have more things online just because everything is already online.",,"It sounds like you're thinking about what kind of support would be most helpful, and whether online options would really fit the bill. It's good to recognize that some things—especially building trust—are easier in person, and that more screen time isn't always the answer. What kind of support are you hoping to find right now?"
dang_047,dang_real,Online Support – Barriers,"I think I would use online support much less because I need to trust someone a bit before actually talking about it. And I already know the caregiving consultant who is coaching me, for 8 years or something — that person really knows me. That level of trust is something you can't build online quickly.",,"It makes sense that you'd want to stick with someone you already trust. Building trust takes time, and it's great you have that with your consultant. Online support can be good for quick info, but it doesn't replace a relationship where someone really *knows* you."
dang_048,dang_real,Online Support – Barriers,"Only issue I could see would be internet connectivity — there are certain places where you can't get internet or maybe you've exhausted your data. In those situations you can't get access. Apart from that, maybe compatibility with the device could also be a possible issue. But apart from that, I don't see any other issue.",,"It's good to think through practical things like internet access and device compatibility before relying on online support. Those are real barriers. It's also valid to feel unsure about opening up to someone you don't know online, or to worry when a message goes unanswered. It's a tension many caregivers feel. If you're trying out online support, maybe have a backup plan for when tech fails or you need a more personal connection."
dang_049,dang_real,Online Support – Barriers,There would be a bit of concern just because my grandma is so used to certain people and a certain way of doing things. I'd be concerned about how someone else coming in would interfere with that.,,"It's natural to worry about how a new person will fit into an established routine, especially when someone is used to things being a certain way. It's good to think about what's most important to protect, and to talk with the new caregiver about respecting those preferences."
dang_050,dang_real,Online Support – Barriers,I would be less willing to use it because I need to trust somebody before opening up and asking for help — and that won't really be possible with online support.,,"That's a really common feeling. It makes sense to need to know someone before sharing what's going on. It's good to know what you need to feel safe, and to be cautious about opening up to people you don't yet trust. Is there someone you *do* trust who you could talk to, even if it's not about everything?"
dang_051,dang_real,Current Digital Tool Use,"I use Minimalist on my phone. It's like a task list application I use to put in my tasks every day. I've been using it since the beginning of the year. I just have to put my tasks at the end of the day for the following day and then cross them off as I go. It's quite simple and easy to use. Before I used to use an online note-taking journal but I found that quite difficult because I'd always have to go to the website and it's not on my phone, so it's not easy to access.",,"It sounds like you're looking for a way to manage tasks and feel more in control of your day. One caregiver found that Minimalist, a task list app on their phone, works well because it's simple and always accessible. Another caregiver uses a reminder app on their phone to help them remember regular calls. Would you like to explore some task management apps or reminder tools?"
dang_052,dang_real,Current Digital Tool Use,I participated in the MeWe study and used the app for some time. I also use the agenda function on my phone.,,It's good you've already tried a couple of things – MeWe and your phone's agenda. Sometimes just knowing what *doesn't* work is a step forward. Is there a particular part of managing things that feels most overwhelming right now? Maybe we can break that down into smaller pieces.
dang_053,dang_real,Current Digital Tool Use,"I use a reminder app on my phone to remind me to call her every Monday, Wednesday, Friday, and Sunday. It's the inbuilt iPhone app called Reminders. What I especially like is that if I forget to call on a particular day, it will remind me the next day as well — so it keeps reminding me more and more often. I also get some information from the internet for small things, but not for really important things because I don't want to get biased or receive misinformation.",,"It's good to hear you're using a reminder app to stay connected, and that it keeps nudging you if you miss a day. That's a really smart way to handle it. And you're right to be careful about internet information, especially for important things. It's easy to get lost in biased or inaccurate advice."
dang_054,dang_real,Current Digital Tool Use,"I read articles about emotional parenthood — how to emotionally support someone — because that's what I'm dealing with right now. Some parental tricks actually work. I just Google things and read things on Reddit and Quora — firsthand human experience, rather than just textbook, although I do read articles too. It's just that I never really find or look for specific things.",,"It makes sense to look for help that feels real, from people who've been there. It's good you're finding things on Reddit and Quora, and also reading articles. If you're looking for something more specific, the 80,000 Hours guide has resources for anxiety, ADHD, perfectionism, and imposter syndrome, and suggests that finding a therapist who's a good match is key. The Children's Society also has resources for young carers, and stresses the importance of talking to someone you trust."
syn_000027,synthetic_heldout,Caregiving Challenges – Emotional Impact,My grandma in Cairo was diagnosed with Parkinson's six months ago. I'm studying engineering part-time and I call her every week but lately after we hang up I just cry. She sounds weaker each time and there's nothing I can do from here. I feel so disconnected from her and from my own life.,"Hearing someone you love sound weaker each week, and not being able to do anything but listen, is genuinely painful, and crying after those calls makes complete sense. A couple of practical things: ask her doctor's clinic whether there's a local Parkinson's support group or community nurse who could visit, so she has in-person support beyond you. And for yourself, those tears after every call are worth mentioning to your university's student counselling service. You're grieving something real alongside the caregiving. You don't have to hold that alone.","It's natural to cry when you feel helpless and disconnected, especially when it's someone you love. It's hard to hear someone you care about getting weaker, and harder still when distance keeps you from being there. It's okay to grieve the changes in your relationship with your grandma, and to feel the weight of not being able to fix things.

One small step could be to ask your grandma about something specific from her past, something she's told you about before. It might help you feel closer, and it might give her something to look forward to. If you're able, you could also ask a trusted adult for help with the emotional weight of this."
syn_000039,synthetic_heldout,Caregiving Challenges – Emotional Impact,I graduated in history last year and I'm job-hunting in London while caring for my grandma who has chronic pain. She lives with me and it's been about a year. I love her but some days her pain makes her snappy and I take it personally even though I know I shouldn't. Then I feel awful for being hurt.,"When someone you love is in pain and becomes snappy, it's natural to feel hurt even when you know the pain is speaking, your emotions don't switch off just because you understand the cause. That doesn't make you unkind. It makes you a person absorbing a hard situation daily. Two things: ask her GP about a pain management referral if she doesn't already have one, because better pain control can ease everyone's experience. And when you're job-hunting, try to carve out time outside the home, a library, a café, so the caregiving environment and your work space aren't the same four walls.","That's a really common cycle when you're close to someone who's in pain. You know it's not *about* you, but it still stings when it's directed at you, and then the guilt makes it worse. It's okay to feel both things.

One thing that can help is to try to notice when you're starting to take it personally, and remind yourself that it's the pain talking. It's a small shift, but it can make a difference.

There's also a lot of evidence that CBT can help with managing emotions like this. The 80,000 Hours guide suggests a book called ""Feeling Good"" by David Burns, or an app called Uplift. They both teach techniques for changing how you react to things. Would you like me to send you links to those?"
syn_000049,synthetic_heldout,Caregiving Challenges – Emotional Impact,"I'm 19, studying history in Madrid. My mum has schizophrenia and I live with her. It's been about six months since her last relapse and she's stable but I'm constantly on alert, checking if she's taking her meds, watching her mood. I can't relax at home. My faith teaches compassion but I'm just so tired of being vigilant.","Living in a state of constant vigilance, checking meds, watching mood, never quite letting your guard down, is exhausting in a way that builds up quietly, and being tired of it doesn't mean you've run out of compassion. It means your nervous system is overstretched. Two things: ask your mum's care team if there's a community mental health nurse or support worker who could do some of the medication monitoring, so it's not solely on you. And look for a carers' support group through your local mental health services, meeting others who live this specific vigilance can ease the loneliness of it. You need home to feel like home too, not a watchtower.","Six months of stability is good, but it doesn't stop the vigilance. It's normal to feel exhausted by that constant state of alert, even when things are going well. It's not a failure of compassion, it's a natural response to a long period of worry.

You're studying history in Madrid, which means you're building a life outside of caring. Is there any space in that life for something that helps you switch off, even for an hour? A hobby, a friend, a quiet cafe? It doesn't have to be big, just something that's yours.

If the constant checking is wearing you down, could you talk to her doctor or a mental health worker about ways to share some of that responsibility? Or even just to get their opinion on whether your level of vigilance is helpful or counterproductive?"
syn_000050,synthetic_heldout,Caregiving Challenges – Emotional Impact,"I'm 23, studying psychology in Manila. My older sister has diabetes with complications and I've been helping coordinate her care from a distance for a few months. She keeps skipping meals and not checking her blood sugar. I've tried everything, reminding her, ordering her supplies, talking to her doctor. Nothing works and I feel like I'm failing her.","Watching your sister not manage her health despite everything you're doing, and feeling like her choices reflect on your efforts, is a really painful position, and it's one many carers reach when the person they care for isn't following medical advice. But her choices are hers, not a measure of your care. What would help: is there a diabetes educator or counsellor her doctor could refer her to, someone who works with the emotional side of managing chronic illness, not just the clinical side? And for you: what would it look like to step back from monitoring and let her care team hold that? You can love her without being responsible for every decision she makes.","It's hard to feel like you're failing when you're trying so hard, and it's especially hard when you're doing it from a distance. It sounds like you've covered a lot of practical ground already, and that's a lot to have on your plate while you study.

One thing that comes up for other caregivers is the balance between pushing and letting go, especially with someone who's mentally strong. Sometimes the person you're caring for doesn't want to be babied, and it's hard to know when to push a little and when to let them do their own thing.

Have you talked to her doctor about the skipping meals and blood sugar? Sometimes hearing it from a medical professional can make a difference. Also, if your university has a counselling service, they might be able to help you work through the feelings of failure and the stress of coordinating care from a distance."
syn_000095,synthetic_heldout,Caregiving Challenges – Distance Caregiving,My aunt in another province has schizophrenia and I've been her long-distance support for over five years. I work part-time in psychology here in the Philippines and I feel like I should be better at this by now. But every crisis still hits me like it's the first time.,"Five years in and every crisis still hitting hard isn't a sign you're bad at this. It's a sign you love someone whose illness is unpredictable, and no amount of experience makes that stop hurting. Psychology training teaches you to understand patterns. It doesn't make you immune to the emotional impact. One thing worth trying: after each crisis, note what helped and what didn't, so you're not starting from scratch each time. And if you have a supervisor or mentor in your psychology work, talking through the emotional side of being a caregiver, not just the clinical side, could be valuable. You deserve support too, not just skills.","Five years is a long time to be a long-distance support, and it's understandable that crises still hit hard. Even with a psychology background, it doesn't make you immune to the emotional impact. It's not about 'should' be better, it's about acknowledging the ongoing toll. Do you have a support system for yourself, or a supervisor you can talk to about the emotional weight of this?"
syn_000139,synthetic_heldout,Support Currently Used,"My grandmother had a stroke about a year ago and lives with me in the Netherlands. I'm studying social work and my Hindu faith is very important to me. It frames seva as my duty. But between physio appointments, medication management, and my studies, I'm running on empty. My temple community helps but I don't ask enough.","Your sense of seva is clearly a deep anchor, and a year of co-resident care alongside full-time study is an enormous amount. Running on empty isn't a failure of duty. It's what happens when one person carries too much. One practical step: pick one person in your temple community and ask for something specific, a meal, a weekly visit, help with transport to an appointment. People want to help. They often just need to be told how. And if your university has a carer support service, use it. Asking for help is part of sustaining seva, not a departure from it.","It's a lot to balance physio, medication, studies, and faith-based duty. You're right to notice you don't ask enough of your temple community. What's one small thing they could take off your plate?"
syn_000163,synthetic_heldout,Support Needed,My grandfather in another city has had a spinal cord injury for over five years now. I'm studying business in Germany and trying to support from here. I feel like I should know by now what help exists but I've never really looked into carer support for myself.,"Five years and only now looking into support for yourself is incredibly common. Most carers put themselves last. In Germany, start with the Pflegestützpunkt (care support point) in your grandfather's region. They advise family carers on available services and benefits. Also look into the German Red Cross family caregiver support programs, which offer phone consultation and local groups. You've been carrying this quietly. Reaching out now isn't a failure, it's a smart next step.","You're right to think about support for yourself. It's easy to get stuck in 'doing' and forget that you're entitled to help too. You're studying business in Germany while supporting your grandfather from a distance, which is a lot to carry.

If you're at university, your student support team is a good first point of contact. They can advise on financial support, academic adjustments, and wellbeing resources. Some universities have specific support for young carers.

If you're starting a new job, look into your work benefits and local government resources. Knowing your rights and asking for what you need can make a big difference.

It's okay to not have all the answers right now. Start with one small step, like contacting your university's student support team, and see what they suggest."
syn_000169,synthetic_heldout,Support Needed,"My older sibling had a stroke six months ago and lives with me here in Canada. I work full-time in medicine so you'd think I'd know where to get support, but I'm too close to it. I need to find carer support for myself, not more clinical information.","Being a healthcare professional doesn't make you immune to the weight of caring for family, if anything, it can be harder because you know too much. The Canadian Stroke and Recovery Foundation has resources specifically for family carers, and the Young Carers Initiative in Canada may offer peer support for someone your age. Also, your sibling's rehab team can connect you with a social worker who understands family carer burnout. You need space to be a sibling, not just a clinician.","You're right to recognise that being close to the situation makes it hard to see the wood for the trees. It's common to feel that you *should* know what to do, especially with a medical background, and that makes it harder to ask for help.

The NHS guide (I've included a link below) suggests starting with local mental health nurses or Macmillan nurses, and Action for Children has a text/email support service. But the other caregiver's experience suggests that you might prefer to build trust with someone first, before talking. Is there a colleague you trust who could help you find resources? Or someone at your hospital who specialises in carer support?

[https://www.nhs.uk/conditions/social-care-and-support/young-carers/](https://www.nhs.uk/conditions/social-care-and-support/young-carers/)"
syn_000200,synthetic_heldout,Online Support – Willingness,"I'm 20, Black Caribbean, Christian (it's very important to me), doing a business apprenticeship in Kenya. My mum has diabetes with complications and I've lived with and cared for her about six months. I'd use online support but I want something that understands faith matters in how I cope, not just 'self-care' talk.","That's a fair thing to want, when faith is central to how you make sense of things, generic self-care language can feel hollow. A few places to look: diabetes organisations with faith-sensitive carer pathways, your church community (some congregations have carer support circles), and Christian carer networks that blend practical caregiving with spiritual grounding. Online, some faith-based carer platforms offer both peer discussion and prayer or reflection alongside practical tips. Would you like help finding which of those might be accessible in Kenya, or would you prefer to start with something international?","Six months is a long time to be caring, and it's good you're looking for support that fits *you* — not just generic advice. Faith is a big part of how you cope, and it's right to want that respected. Online resources are good, but they don't always get that.

You mentioned being a business apprentice, and that's a lot to balance with care. Do you have a mentor or someone at work you trust to talk to about that side of things? It's not about sharing personal details, just saying ""I have responsibilities outside work"" and getting them to understand.

If you want to explore faith-based support, your church is a good place to start. They might know of groups for young carers, or have someone who can offer practical help. If you're not comfortable talking to someone at church, your family doctor might know of faith-based counselling services."
syn_000204,synthetic_heldout,Online Support – Barriers,"I'm in Mexico City studying biology and working part-time. My grandmother lives with us and has bipolar disorder, three years now. All the online resources are either for the person with bipolar or for their parents, not for a granddaughter who's 20 and also trying to get through uni. I can't find anything that fits.","That mismatch is frustrating. Most mental health carer content assumes a parent or spouse, not a grandchild juggling study and work. Try searching 'jóvenes cuidadores salud mental México'. There are emerging young-carer networks in Mexico that specifically address mental health in the family. Also, your university's student support service likely has counselling that can factor in your caregiving context. It's not just for academic stress. One conversation there might open doors you didn't know existed. You shouldn't have to fit yourself into resources designed for someone else's role.","That's a really common gap, and it's frustrating when resources don't fit. You're in a unique spot, not a parent, not the person with the condition, but a young adult with your own life alongside a caregiving role. It's okay to feel stuck between those two worlds.

One thing that might help is to look at resources for adult children of parents with mental illness, even if your grandmother isn't your parent. The dynamics can be similar. Also, since you're at uni, see if there's a carers' support group there. Even if it's mostly for students caring for parents, you might find people who understand the juggling act."
syn_000303,synthetic_heldout,Caregiving Challenges – Care Recipient Behavior,"My aunt moved in with us in Lagos about a year ago. She has MS and some days she won't let me help with anything, then other days she's upset I didn't step in. I'm studying engineering and I never know which version of her I'm getting. It's exhausting.","That unpredictability is one of the hardest parts. You're constantly second-guessing and still getting it 'wrong.' MS fatigue and mood changes can fluctuate day to day, so her needs genuinely do shift, which means neither version is the 'real' her. On days she pushes you away, try leaving a neutral offer open: 'I'm here if you need me, no rush.' On days she's upset you didn't help, a simple check-in earlier in the day, 'just checking, do you want a hand today?', can prevent that gap. MS support organisations have good resources on this push-pull dynamic, and her care team can help you read the pattern.","That back-and-forth is a real energy drain, especially when you're already juggling studies. It sounds like she wants to feel independent, but needs help on bad days, and it's hard to read her mind. You're right to ask when to push and when to step back. Maybe you could try a quick check-in a couple of times a day: ""How are you feeling about things? Anything I can do?"" That way you're offering, not assuming, and she can set the pace."
syn_000304,synthetic_heldout,Caregiving Challenges – Care Recipient Behavior,"My best friend has cystic fibrosis and I'm studying nursing in Sweden but we're in different cities. He's started pushing me away and cancelling calls. When I ask if something's wrong he says nothing, but I know his health has been worse lately. I pray about it but I also feel useless from here.","It's really hard to be kept at arm's length when you're trying to stay close, and the distance makes everything feel more helpless. Sometimes people pull away when their health worsens because they don't want to be seen differently or feel like a burden. A low-pressure message, something like 'no need to reply, just want you to know I'm here', can keep the door open without demanding energy he may not have. Does he have other people in his daily life who might give you a quiet heads-up if things get serious? And have you been able to talk to him about what he wants from you when things get rough, outside of a crisis moment?","It's a really hard feeling when someone you care about pulls away, especially when you know their health is declining. You're right to notice that his silence isn't just a mood, it's a signal. It's natural to feel useless when you're separated by distance, but you're not. You're still a friend who notices and cares.

If he won't tell you what's happening, is there someone else who knows him well who you could ask? A family member or another friend who might be able to give you a clue? If he's seeing doctors in his city, maybe you could ask if they're able to share any information with you, with his permission.

You're studying nursing, which means you're learning how to listen and support people. When he's ready to talk, you'll be ready to listen. In the meantime, keep letting him know you're there. A simple text saying ""thinking of you"" can mean a lot."
syn_000322,synthetic_heldout,Caregiving Challenges – Care Recipient Behavior,"My uncle has a genetic illness and moved in with me in Brazil a few months ago. He's started refusing to let me come to his medical appointments with him, but then he comes back confused about what the doctor said and I can't help properly. I'm an apprentice in psychology and I feel stuck.","That's a really common and frustrating cycle, he wants independence at the appointment but then needs support afterwards, and you're left trying to piece it together. His desire for privacy is understandable, and so is your need to know what's going on to help him. A couple of questions: would he be open to you going but sitting in the waiting room, so he has independence in the room but someone to debrief with straight after? Or would he let him and his doctor record a short summary of key points that you could listen to together at home? Sometimes a middle-ground option respects his autonomy and still gets you the information. Has he said what specifically he doesn't want you to hear?","That's a tough spot to be in, especially when you're training to be a psychologist and want to help. It's understandable that you're stuck when he won't let you come to appointments, then needs help understanding them. Have you asked him directly why he doesn't want you there? Sometimes people have reasons that aren't obvious, and knowing them might help you find a way forward."
syn_000328,synthetic_heldout,Caregiving Challenges – Distance Caregiving,"My grandmother is back in our home country and I'm studying law here in Vietnam. For the past year I've been managing her schizophrenia care remotely, calling clinics, refilling prescriptions, talking her through episodes. I'm Christian and I pray about it but I feel like I should be there and the guilt won't stop.","Managing someone's psychiatric care from another country for a year is real, heavy caregiving, and the guilt of not being physically present is one of the most common and painful parts of distance care. Can I ask: is there anyone locally, a neighbour, a community member from your church, a clinic social worker, who could be your eyes and ears on the ground? Also, what would your grandmother say if she knew you were carrying this much guilt on top of everything you already do? Sometimes the person we're caring for would want us to be gentler with us than we are with ourselves.","Guilt is a common companion for caregivers, especially when distance keeps you from being physically present. It sounds like you're carrying a lot of responsibility, and the fact that you're praying about it shows how much you care. It's okay to feel like you should be there, but it doesn't mean you're failing her by being where you are. You're still providing vital care, even from afar. Would you be open to talking with a counselor or spiritual advisor about the guilt specifically? Sometimes just voicing it to someone can help lighten the load."
syn_000352,synthetic_heldout,Caregiving Challenges – None Reported,My girlfriend is recovering from anorexia and I support her from a different city here in Nigeria. We've been long-distance about six months now and things are stable. I graduated recently in engineering and I'm job-hunting. My faith helps me stay grounded. Honestly things are okay right now.,"It's good to hear things feel stable, long-distance support with eating recovery is no small thing, and it's worth acknowledging. Since you're in a calmer patch and job-hunting too, a couple of things worth checking: do you have someone in your corner you can talk to about your own stress, separate from her care? And have you and she talked about what 'stable' looks like and what you'd do if things shifted? Knowing that while things are calm can save a lot of scrambling later. Glad you reached out.","Okay, that's good to hear. ""Okay"" can be a really solid place to be, especially with a lot going on. You're balancing a long-distance relationship with someone in recovery, a new graduation, and a job search, and you're leaning on your faith. It makes sense that things feel stable, but also that you're aware of the fragility of that stability.

If you want to talk about any of those areas, or how they connect, I'm here. If you're thinking about the job search, the guide mentions how much connections matter. Is that something you're actively working on, or does it feel like a separate thing right now?"
syn_000385,synthetic_heldout,Support Currently Used,"My little brother has a genetic illness that's shaped our family for three years now. I'm doing a business apprenticeship in Guadalajara and we live at home. I started meditating with a local Buddhist group which helps me stay calm, but when I come home the calm disappears and I feel guilty that I needed to leave to find it.","That guilt about needing space away to find calm is something many co-resident carers recognise, leaving to recharge can feel like abandoning, even when it's the opposite. A couple of questions: is there a way to bring a small piece of that calm home with you, even five minutes of sitting in your room before re-entering the household? And does your brother or your family know where you go and why, or is it something you keep to yourself? Sometimes naming it simply, 'this helps me come back steadier', removes the guilt for everyone.","That's a really common pattern, needing to leave the house to find calm and then feeling guilty about needing that space. It sounds like you've found something that works for you in meditation, and that's great. The guilt is a sign that you're aware of the balance between your needs and your family's, and that's a good thing. It doesn't mean you're selfish. It means you're a person with needs, too. What would it take to bring a little of that calm home with you? Even a five-minute meditation in your room after you get back?"
syn_000391,synthetic_heldout,Support Currently Used,"My mum was diagnosed with a hereditary illness about six months ago. I'm in Cape Town studying and working, she's in Port Elizabeth. Our church family has been incredible, visits, meals, prayers. But I'm here and sometimes I feel so far away that no amount of prayers from here feels like enough.","That ache of being too far to make prayer feel like enough is real, and it's not about faith being weak. It's about love wanting to be hands-on. Your church stepping in practically where you can't is genuinely valuable, even when it doesn't feel like yours. One thing that helps: ask your church to nominate one person who gives you a weekly update on your mum, a quick text so you're not relying on your mum to tell you how she is. And if the distance-ache doesn't ease, a counsellor at your university could help you sit with it.","Six months is still very new, and it's normal to feel helpless when distance makes it hard to be hands-on. It's good that your church is helping, but it's also okay to feel it's not enough. Do you have one person in PE you can check in with regularly, just to get a quick sense of how things are going? Not to ask them to fix things, just to get a temperature check?"
syn_000392,synthetic_heldout,Support Currently Used,My best friend has diabetes complications and we've been flatmates for about a year. I'm a med student in Warsaw and I help with his care. My Hindu community is supportive from a distance but I feel like I crossed a line from friend to carer and I don't know how to talk to him about it without hurting him.,"That shift from friend to carer is one of the trickiest transitions, and the fact you're worried about hurting him shows how much the friendship matters to you. Two questions: has he ever acknowledged the shift himself, or is it unspoken between you? And are there tasks you're doing that could go to a healthcare professional instead, so you can be his friend first? Sometimes the conversation isn't 'I'm your carer now' but 'I want to make sure I'm being the friend you need, not just the helper.' How do you think he'd respond if you framed it that way?","That's a really common feeling when a friendship shifts into a care role. It's normal to feel unsure how to name it, and worry about hurting him. It sounds like you're trying to balance being a friend and a carer, and that's a lot to hold. Maybe you could start by saying you've noticed the care role growing, and you want to make sure you're both comfortable with how things are going? It's okay to say you're figuring it out together."
syn_000401,synthetic_heldout,Support Needed,"My girlfriend had a stroke a few months ago. She's still recovering and we live together in São Paulo. I'm trying to find design work but between therapy appointments and helping her at home, I'm drowning. I don't even know what support exists for young partners here.","It's a lot to hold, recovery and job hunting at once. A few starting points: Brazil has organizations like ANDC that support stroke families, and your local municipality may offer home support you can request. If you're job-seeking, some employment programmes give priority to caregivers, worth asking at your local labour office. Also, your synagogue or community centre might know volunteers who could help with transport or meals. You don't have to build this alone from scratch.","That's a lot to balance, and it's normal to feel overwhelmed when you're juggling recovery, caregiving, and a job search. The guide suggests looking into work benefits and local government resources, but it sounds like you're also looking for something more specific to young partners. São Paulo has a network of stroke associations that might have peer support groups or information on local services. Would you like me to help you find those?"
syn_000416,synthetic_heldout,Support Needed,My grandmother has Down syndrome and we live together in Jakarta. I'm doing a computer science apprenticeship and it's been about six months since I became her main carer. I don't know what support exists for someone in my position. I'm just doing it day by day.,"Day by day is how everyone starts, and looking for something more structured after six months is a natural next step. A couple of questions: does your grandmother have a regular doctor or clinic that knows her well, and have you asked them what support services they can connect you with? And have you looked into local disability organisations in Jakarta, some offer family carer support or home visit programmes. Also, is there anyone in your family or community who could share even one task a week? Sometimes one small handover creates breathing room you didn't expect.","Six months is a long time to be doing it day by day without knowing what support exists. It's good you're getting through it, but it's also okay to look for help. In Jakarta, there are organizations that support people with Down syndrome and their families. They may know about carer support too. Would you like me to help you find some?"
syn_000423,synthetic_heldout,Support Needed,My grandfather has cancer and I've been supporting him from the UK for over five years. I work full-time in history. Five years and I've never had any support myself. I just kept going. Now I feel like I'm running on empty and I don't even know where to start.,"Running on empty after five years of giving without receiving isn't a personal failure. It's what happens when no one offers you a seat. A couple of questions: have you contacted Macmillan? They support family carers, not just patients, and their helpline can talk you through what's available. And does your grandfather's care team know you're his main long-distance support? Sometimes that triggers a referral to a carer support service. Also, your workplace may have an employee assistance programme, worth checking. You've kept going. Now let something catch you.","Five years is a long time to carry that alone. You're right to feel running on empty, and it's a sign of strength to recognise it. A first step could be to see what support your university offers, as different universities may offer different support. You could find out what is offered by your selected universities before you apply. The Children's Society guide suggests Carers Passports schemes, which could help you avoid repeating your story to different people."
syn_000436,synthetic_heldout,Online Support – Willingness,"I'm a history student in the US and my uncle has cystic fibrosis. I've been supporting him from two hours away for about two years. Being Hindu is part of how I process things, but I'd only join an online group if it were actually useful and not just people venting. I need something structured.","Needing structure rather than open venting is a clear and useful filter, some people process by talking, others by learning, and both are valid. Cystic fibrosis foundations often run structured online education sessions for family members that cover practical management and updates in care, which might suit you better than an open forum. Some also have facilitated peer groups with a set format rather than free discussion. Your uncle's CF clinic may know of family education programs you could join virtually. Structured support exists. It just doesn't always advertise itself as loudly as the informal stuff.","Two years is a long time to support someone from a distance. You're right to want something structured, not just venting. Hindu beliefs can be a real source of strength, but it's good to know you're not relying on that alone.

There are online groups for caregivers of people with cystic fibrosis, and some of them have structured programs. The Cystic Fibrosis Foundation has a list of resources, including online communities: [https://www.cff.org/Life-With-CF/Support/Online-Communities/](https://www.cff.org/Life-With-CF/Support/Online-Communities/)

Would you like me to help you find some structured resources for caregivers?"
syn_000452,synthetic_heldout,Online Support – Barriers,"My boyfriend has had long COVID for three years now. I graduated in CS in São Paulo but can't find work, and every online group I find is people sharing miracle cures and supplements. I just want somewhere evidence-based where I won't be told to try magnesium baths.","That frustration is completely valid, long COVID communities have been flooded with unverified remedies, and as someone who's been in this for three years, you need better than that. Look for groups affiliated with post-COVID clinics, university research programmes, or recognised respiratory or rehabilitation organisations. They tend to moderate more strictly. What would actually help you most right now, practical day-to-day management tips, or connecting with other partners who understand the long haul? And have you come across any hospital-based long COVID programmes near him that might have associated patient or family networks?","That's a really frustrating situation, and it's understandable to want evidence-based information when you're surrounded by unhelpful advice. It's also tough to be looking for work in CS and not finding anything, and that adds to the stress.

There's a resource called 80,000 Hours that helps people find careers that do good, and they have a section on global health, which might be relevant to long COVID. It's not a direct support group, but it's a place where people are thinking about health problems in a systematic way. [2]

Would you like me to send you a link to their page? Or, if you're looking for a support group that's more focused on long COVID, I can try to find some that are moderated by medical professionals."
syn_000453,synthetic_heldout,Online Support – Barriers,"I'm a graphic design student in Manila and my grandmother has heart failure back in our province. I try to find support online but everything is in English and very Western. As a Muslim from a mixed family, I can't find anything that reflects how we do things, prayer, family roles, all of it.","What you're describing is a real and common barrier, so much caregiving content assumes a Western, English-speaking, individualistic setup that it can feel like it wasn't written for you at all. It might help to search in your grandmother's local language first, and look for heart failure resources from health organisations in your country rather than international ones. Can I ask, are you mainly looking for medical information about her condition, or more for emotional and spiritual support for yourself as her grandchild? And is there an imam or community elder you trust who might know of local family support networks?","That's a real gap, and it makes sense you're not finding what you need. Western resources often miss the cultural and faith-based parts of caregiving that matter so much. Have you tried searching in Tagalog or Arabic, even if it's just to find a starting point for local groups or resources? Sometimes even a local Muslim community centre can point you towards someone who's been through this before, or knows where to look."
syn_000457,synthetic_heldout,Online Support – Barriers,I live with my cousin who has Down syndrome and I've been his main carer for over five years here in Indonesia. I work full-time in education. Every online support group treats Down syndrome like it's a childhood thing. He's an adult now. I can't find anything about adult caregiving.,"You've hit a well-known gap. Down syndrome support is overwhelmingly geared toward parents of children, and adult caregiving resources are much harder to find. Try searching specifically for 'adult Down syndrome' or 'Down syndrome ageing' alongside your country's disability organisations. Some have adult-focused branches that just aren't well advertised. International Down syndrome associations often have adult life sections too. If you tell me roughly where in Indonesia you're based, I can suggest what type of organisation to search for first, and your local disability council may know of adult-focused groups that don't show up easily online.","That's a really common gap in support, and it's frustrating when groups focus on childhood when your situation is different. It's good you've noticed that disconnect. You're right to look for adult-focused caregiving resources. In Indonesia, you could try contacting organisations that focus on disability rights or adult social care to see if they have specific support for carers. Do you have a local disability advocacy group? They might know of resources I don't."
syn_000467,synthetic_heldout,Online Support – Barriers,"My close friend had a spinal cord injury two years ago and I support him from here in Poland. I'm Hindu, Latino, recently graduated and job-hunting. Everything online is about the first months after injury, rehab, hospitals. He's two years in. Where's the support for the long term?","That drop-off after the acute phase is a pattern in spinal cord injury resources, the early months are well covered, but the long-term reality of living with and supporting someone years out gets far less attention. You're not alone in feeling that gap. Try searching for 'spinal cord injury long-term' or 'SCI community living' alongside international spinal cord injury associations, which sometimes have sections for ongoing life rather than just rehabilitation. What are you most looking for, practical day-to-day support, or connection with other long-term carers who understand? And does your friend's rehabilitation hospital have any alumni or long-term family networks that continue beyond discharge?","Two years in is a different world. You're right to notice the gap. The focus really does shift to the first months, and then things get quiet.

There's a small but growing field of peer support for people with long-term spinal cord injuries, and for their friends and family. It's not as visible as the acute care stuff, but it's there.

Would you like me to find some resources for peer support in Poland? Or maybe some online groups that connect people with long-term SCI and their caregivers?"
syn_000471,synthetic_heldout,Online Support – Barriers,"My boyfriend has schizophrenia and I've been supporting him for over five years from here in India. I'm Christian, East Asian, recently graduated in economics and job-hunting. All the online support is either crisis-focused or for parents. I'm a partner. I need something about the long-term, day-to-day reality.","Five years as a long-distance partner supporting someone with schizophrenia, and finding only crisis-focused or parent-oriented content. That's a narrow and frustrating gap. The long-term, day-to-day reality you're describing is exactly what most resources miss. Try searching for 'schizophrenia family carer long-term' or looking at national mental health organisations in India, which sometimes have partner-inclusive support that isn't obvious from the main page. What does the day-to-day look like for you, are you mainly managing check-ins and emotional support, or helping coordinate his care from afar? And does his care team have any family or partner resources, or know of support groups that include partners rather than just parents?","Five years is a long time to be the main support for someone with schizophrenia. It's understandable that crisis-focused resources don't fit your reality. You're right to want something about the day-to-day.

The NHS guide mentions Macmillan nurses, who can help people affected by cancer and young carers. They provide a range of medical and emotional support for people who have cancer, and their families. They may be able to help you.

Also, another caregiver said they would try to get in touch with a professional, someone who is trained in the field — like a doctor or psychiatrist.

You're a partner, not a parent, and you're in India, not the UK. That makes finding the right support harder. Do you have a psychiatrist or doctor who's familiar with your boyfriend's case? If so, could you ask them about support for partners?"
syn_000486,synthetic_heldout,Current Digital Tool Use,"My girlfriend had a traumatic brain injury six months ago and is recovering in her family's home far from me. I'm studying history full-time. I use a shared calendar for her rehab appointments and a WhatsApp group with her mum, but I feel like I'm always the one chasing for updates and I don't know if I'm being overbearing or appropriately involved.","That tension, wanting to stay informed versus fearing you're pushing too hard, is something a lot of long-distance caregiving partners feel, and it doesn't get talked about enough. A couple of things to think about: have you asked her mum what kind of update cadence would work for her, weekly, or after each appointment? Sometimes naming it directly removes the guesswork. And what does your girlfriend herself want from you in terms of involvement? If she can tell you, her preference is the one that matters most, and it might relieve the pressure you're putting on yourself.","That's a really common feeling when you're a distance caregiver, and it's good you're asking whether you're being overbearing. It sounds like you've already set up some good systems for staying informed, but maybe it's worth asking her mum directly how she prefers to share updates. You could say something like ""I want to be helpful but not intrusive, so what's the best way for me to stay in the loop?"" That way you're asking for her preference, not just assuming you're doing something wrong."
syn_000530,synthetic_heldout,Caregiving Challenges – Emotional Impact,My older brother has dementia and I've been his distance carer from Poland for three years now. I work full-time in social work and on bad weeks I just go numb. I can't feel anything at work or at home. People at the temple notice and ask if I'm okay and I just say yes because I don't know what else to say.,"Going numb when you're stretched thin isn't a failure of feeling. It's your mind rationing energy when there's been too much for too long. Three years of distance care alongside full-time social work is enormous. Two practical things: when someone at temple asks, try 'Honestly, it's been a heavy few weeks'. You don't have to explain more, and it lets people in. And that numbness is worth mentioning to your GP, especially if it's lasting days or weeks at a stretch. It's a signal, not a personality change.","""Numb"" is a very honest word for what happens when you're carrying too much for too long. It's a way your system protects itself, but it also cuts you off from the support you need. You're already noticing people at the temple are picking up on something being off, and that's a good sign, because it means you're not invisible. It's okay to not have a clear answer when someone asks how you are. You could try ""I'm managing, but it's a tough time"" or even just ""I'm not at my best right now."" You don't owe anyone a detailed explanation, but you do deserve to be seen.

You're a social worker, so you know how important it is to have a support network. Are there any colleagues you could confide in, or a supervisor you trust? Bright Horizons offers senior care support, and caregiver.org and usa.gov can help you find programs in your state."
syn_000533,synthetic_heldout,Caregiving Challenges – Emotional Impact,"My cousin in another city has early-onset Alzheimer's and I've cared from Sweden for two years. I'm studying economics and working part-time, and lately I get angry at small things and then cry for no reason. I feel like I'm cracking and I don't know if it's the caregiving or just me.","That cracking feeling, the sudden anger, the unexpected tears, is a very common response to sustained caregiving pressure, especially when you're balancing study and work too. It's not 'just you' breaking. It's your system overloaded. Two things: track those moments for a week (what triggered them, when), patterns often emerge that point to specific things you can adjust. And please talk to your university's student health service or your GP about what you're feeling. What you're describing is your mind asking for support, not a sign of weakness.","That's a lot to hold, two years of long-distance caregiving while studying and working. It's not ""just you"" to feel like you're cracking, or to be irritable and then unexpectedly sad. Those are common signs of being overwhelmed, and they're not failures.

You're balancing three big demands, and it's okay to wonder if it's the caregiving, or you, or both. It's worth talking to someone about this, a professional who can help you sort it out. A counsellor or therapist can give you tools to manage the stress and the emotional swings.

If you're in Sweden, your university may have counselling services. Or, you could ask your doctor for a referral. If you're not sure where to start, a carers' organisation might have a list of local resources."
syn_000539,synthetic_heldout,Caregiving Challenges – Emotional Impact,"My girlfriend has epilepsy and I've supported her from the UK for three years. I'm studying biology at college and trying to hold to Hindu values of duty. But every time she has a seizure and I'm not there I spiral for days. I can't eat, can't study. I feel like duty is eating me alive.","Spiralling for days after a seizure you can't be present for is a really specific kind of helplessness. It's not just worry, it's the collision of duty and distance. That it affects your body (not eating) as well as your mind tells you it's not just thought-patterns. Your whole system is responding. I want to understand: during those days of spiralling, is there anyone near her who checks in and could message you quickly to confirm she's safe? And what would duty look like if it included duty to your own body, even one meal, one study session, during those hard days?","Three years of long-distance support is a lot, and the feeling of spiraling after a seizure when you can't be there is a clear signal that your system is overloaded. Hindu values of duty are a strong foundation, but duty without self-preservation isn't sustainable. Is there a college counselor or advisor you could talk to about the impact of this stress on your studies? Or a trusted elder in your community who understands both duty and the need for balance? You're not failing her by seeking support for yourself."
syn_000572,synthetic_heldout,Caregiving Challenges – Care Recipient Behavior,"My grandfather has epilepsy and lives with me in Lagos. I'm job-hunting after my education degree and my Muslim faith is very important to me. He's started hiding his seizures, won't tell me when they happen, and I only find out from his medication running out faster. I feel like he doesn't trust me.","Finding out indirectly that he's hiding seizures would sting anyone, and it's natural to read it as a trust issue. But with older adults, hiding seizures often comes from a place of not wanting to be a burden or fearing loss of independence, not a lack of trust in you. Has his neurologist reviewed his seizure pattern recently? The medication running out faster is something they need to know. And if you approach it as 'I noticed your medication's running low, shall we talk to your doctor together?' it might feel less like confrontation and more like partnership.","That feels like a double blow, job-hunting and now this. It's a sign of trust that he's living with you, and it's understandable to feel hurt when that trust seems to falter. It's also possible he's trying to protect you from worry, or feels embarrassed. Have you talked with his doctor about this, and whether there's a way to reassure him that you're a safe person to share with?"
syn_000605,synthetic_heldout,Caregiving Challenges – None Reported,"My cousin back home was diagnosed with early-onset Alzheimer's about a year ago. I'm in Ireland working in social work. Things are stable for now, her husband is managing well and I check in weekly. I'm Buddhist and try to sit with the uncertainty. Being Latino here, I sometimes feel far from family, but it's okay.","It sounds like you've found a thoughtful balance, weekly check-ins, a trusted primary carer, and a practice of sitting with uncertainty. That distance from family and culture is real, even when things are manageable. A couple of things to consider while things are calm: is there a plan in place for when her husband needs a break or if things change? And is there a way to stay connected to your community or family, even from afar? Both are worth tending to during stable stretches.","Alzheimer's diagnosis is a lot to process, even when things are stable. It's good you're sitting with the uncertainty, and that weekly check-ins are possible. Being far from family, even when okay, can add to that. What's one small thing you could do this week to feel a little more connected to them, even if it's not Alzheimer's-related?"
syn_000637,synthetic_heldout,Support Currently Used,"I'm 25, South Asian, studying education part-time in the UK. My boyfriend is on dialysis and we've lived together for two years. I've got a really supportive spiritual practice, meditation, journaling, but lately I can't focus during meditation because I'm worrying about his next round of tests.","It's frustrating when a practice that usually grounds you gets hijacked by worry, but that doesn't mean it's broken. It just needs a small adaptation. Try a 'worry window' before meditating: spend five minutes writing down every fear about his tests, then physically close the notebook. That act of externalising can free up mental space. Also, it's okay to shorten the meditation, even three minutes of breath-focus counts. And if the worry about tests feels bigger than meditation can hold right now, naming it to his renal team or a counsellor might carry some of that weight. Your practice can flex. It doesn't have to be perfect to help.","That's a common experience when you're caring for someone, and you're already doing the things that help most people: a spiritual practice, meditation, journaling. It's a sign you're carrying a lot of worry, and that your meditation is a place for it to surface. Try shortening your meditation, or doing a body scan to notice where the worry is held in your body, and breathe into it. If that doesn't help, ask your teacher for advice on how to meditate with worry."
syn_000645,synthetic_heldout,Support Currently Used,"I'm 21, Indigenous and Sikh, doing an apprenticeship in Sweden. My aunt has cystic fibrosis and lives back home. I've been supporting from a distance for two years. I go to the gurdwara when I can and it helps me feel connected, but the community there doesn't really know I'm a carer. I keep it separate.","Keeping caregiving separate from your spiritual community is a choice many carers make, and it's okay, not every space needs to hold everything. But if the gurdwara is where you feel grounded, there might be value in letting one trusted person there know. Even saying 'my aunt is unwell and I support her from here' gives the community a chance to show up for you in a way they can't if they don't know. If you'd rather keep it separate for now, that's valid too, but consider whether a Sikh or carer-specific online group could bridge the gap. Seva goes both ways, and you're allowed to receive as well as give.","Two years is a long time to carry that on your own, especially while you're building a life in Sweden. It makes sense to keep things separate at the gurdwara if you're not sure how it would land, but it also means you're missing a potential source of support. Is there anyone there you trust enough to start with, even just to mention you're dealing with a family health issue? It doesn't have to be the full story at first."
syn_000660,synthetic_heldout,Support Needed,"I live with my grandmother who's autistic and I've been her carer for two years. I'm studying social work full-time in Ireland, Middle Eastern background, not religious. I love her but I'm overwhelmed and I've never asked for help. Where do I start?","Two years of caring for a grandparent while studying full-time is a lot, and asking is a brave first step. A couple of questions to help me point you well: does your grandmother have a social worker or any existing supports through the HSE or local disability services? And is there a specific part of the caregiving that's most overwhelming, daily routines, emotional load, or something else? Ireland has carer support organisations that could be relevant, and your university may have services too, but knowing what's already in place helps me suggest the right next step.","Two years is a long time to carry that alone. It's okay to be overwhelmed, and it's a sign of strength, not weakness, to ask for help. You're studying social work, so you know how important support systems are. Start by listing everything you do for your grandmother, then see what could be shared or taken on by someone else.

In Ireland, there's Carers Ireland, and they have local resource centres that can offer practical and emotional support. Also, your university's student support services might be able to connect you with resources specifically for student carers.

You mentioned your Middle Eastern background. Sometimes, cultural expectations can make it harder to ask for help. Remember, taking care of yourself is part of taking care of your grandmother."
syn_000678,synthetic_heldout,Online Support – Willingness,"My dad's on dialysis for kidney failure and I've been caring for him from afar for years. I finished my psychology degree recently and I'm job-hunting in the UK. I'd use an online group if it existed, something specifically for distance carers my age. The general carer forums feel irrelevant.","Distance caring has its own shape, and general forums often miss it, the guilt of not being there, the coordination logistics, the isolation. A couple of routes worth trying: Carers Trust and some UK kidney charities run online groups specifically for young adult carers, and several have distance-caring threads. You might also look at NKF UK's peer support, which understands dialysis specifically. Since you're job-seeking, a group with flexible drop-in timing rather than fixed sessions may fit better. Your situation is more common than the forums suggest. You just need the right door.","Distance caring is a unique kind of strain, and it's understandable that general carer forums don't feel right. A group for carers your age who are also doing it from afar would be a good fit. You're right to want that specific connection.

The Children's Society guide mentions resources for carers in employment. You could share those with potential employers to help them understand your situation. Here's the link: carers.org/sites/default/files/media/employment_booklet_a5_leaflet_version_4_final.pdf. Employers for Carers also have guidance for employers: employersforcarers.org/."
syn_000686,synthetic_heldout,Online Support – Willingness,"I'm 23, Black Caribbean, Sikh, living in Sweden. My dad has chronic pain and we live together. It's been a few months. I study and work part-time in computer science. I'd be open to online support but only if it's practical. I don't want a pity circle.","Wanting practical over pity is a clear and fair standard. A few things to look for: groups that structure sessions around problem-solving or skill-sharing rather than open sharing, and carer organisations that offer toolkits or workshops alongside peer support. Some chronic pain charities run online sessions focused on communication strategies and care planning. If a group's description emphasises 'sharing stories' over 'sharing strategies,' that's a sign to keep looking. You're after people who'll help you think, not just nod.","Okay, so a few months in, studying, working, and helping your dad with chronic pain. You're clear about wanting practical help, not just a space to share feelings. That's good to know.

Since you're studying computer science, have you looked at apps or websites that help with pain management? Some track symptoms, others offer exercises, and some have online communities. It's worth seeing if anything fits your dad's needs and your time.

Also, Sweden has a lot of digital health resources. Your dad's doctor might have suggestions, or you could check the 1177 Vårdguiden website. They have a lot of info in different languages.

If you find something useful, let me know. If not, we can look at other options."
syn_000693,synthetic_heldout,Online Support – Willingness,"I'm 25, Latino, living in Sweden, caring for my younger sibling with heart failure from a distance for about six months. I work full-time in biology. I'm spiritual but not religious. I'd try online support, but I travel for work a lot, so I need something asynchronous, not scheduled sessions.","Asynchronous support makes sense for your schedule, and it's more available than you might think. Forum-based communities, WhatsApp or Signal groups, and some carer organisation platforms let you post and read on your own time without needing to be online at a specific hour. A couple of questions to help narrow it: would you prefer a heart-failure-specific group where people understand the medical side, or a general young-carer space where the sibling relationship is the common thread? And would a mix, one condition-specific forum and one general young-carer chat, feel manageable, or is one group enough to start?","Six months is a long time to be balancing work and distance caregiving, especially with a condition like heart failure that can be unpredictable. Asynchronous support is smart, given your travel. Have you looked at online forums or message boards specifically for caregivers of people with heart conditions? Those can be useful for quick questions or just seeing what others are dealing with. Do you have a care coordinator or social worker connected to your sibling's medical team? They might know about local or national resources that offer asynchronous support."
syn_000712,synthetic_heldout,Online Support – Barriers,"My older sibling has early-onset Alzheimer's and I support them from Vietnam. I'm studying graphic design, Middle Eastern and Christian. It's been three years and every single online resource is for spouses in their sixties. I'm 23 and caring for my sibling. Nothing fits. I'm so tired of looking.","Early-onset Alzheimer's resources do almost exclusively target spouses, and a younger sibling caring from another country is so far outside that frame that it's no wonder you're exhausted by the search itself. Young-onset dementia organisations are slightly better than general Alzheimer's ones at acknowledging non-spouse carers, so that's worth trying. Also try searching for young carer organisations internationally, some have online communities that include sibling carers of people with early-onset conditions. Your sibling's care team may also know of family support that could work across distance. You're not wrong, the gap is real.","Three years is a long time to be looking for something that doesn't exist. It's okay to stop looking for a while. You're right, the resources are not made for you. That doesn't mean you're alone, but it does mean you're pioneering. It's exhausting to be the first one. Are you able to talk to the caregiving consultant mentioned in the background information? They might be able to help you find resources that aren't online."
syn_000726,synthetic_heldout,Current Digital Tool Use,"I've got my aunt's Parkinson's meds sorted in a spreadsheet and a shared calendar. I'm studying CS and working part-time so I need it tight. It's been two years living together and honestly the system mostly holds, but one missed dose last week shook me.","A spreadsheet plus shared calendar is a solid setup. Most caregivers run on less. One missed dose in two years is worth reframing: that's a remarkably low failure rate, not a sign your system is broken. If you want a small upgrade, medication reminder apps like Medisafe add push alerts that catch you when you're deep in coursework. You could also ask your aunt's pharmacist about dose packs, which remove a step from your process. The system is working, one wobble doesn't change that.","A system holding for two years is a real win, especially with everything else you're juggling. One missed dose can feel like a big wobble, even when things are usually solid. Is there a way to add a quick check-in to your routine, maybe a five-minute scan of the spreadsheet before you start work, just to give you that extra reassurance?"
syn_000744,synthetic_heldout,Current Digital Tool Use,My close friend has long COVID and I support them from across the country. Three years now. I use a shared journal app and we FaceTime weekly. The app helps me feel connected but lately I've started dreading opening it because every entry is just.. more of the same. No improvement. I feel awful saying that.,"You're not awful for feeling that, watching someone you care about stay stuck, entry after entry, is genuinely hard, and dread is a natural response to chronic helplessness. One small thing: it's okay to step back from the daily entries for a bit. Check in on FaceTime, keep the weekly call, and let the app sit. You don't have to witness every hard day to be a good friend. And if the weight of it is building, a counsellor or support line can help you carry the stuff that doesn't belong in the journal.","It's not awful to feel that way. Three years of unchanging entries is a lot to carry, even from a distance. The app was meant to connect you, and now it's become a place where you see the weight of the situation every time you open it. You're still showing up, and that matters. Maybe you could talk to your friend about how the journal feels now, or try setting a boundary around how often you check it. Sometimes, a small shift like that can make a big difference."
syn_000751,synthetic_heldout,Caregiving Challenges – Balance & Time,"I'm a fine arts student in Jakarta, and my cousin back home has cystic fibrosis. I've been helping coordinate her care from afar for about a year now. Between studying and calling clinics, checking on her, I haven't touched a canvas in weeks. My faith keeps me going but I'm drained.","It's clear how much you love your cousin, and that distance makes everything harder. You're managing care across miles while trying to hold onto your own future. That creative block isn't failure. It's exhaustion. Can I ask what your weekly schedule looks like right now? If we can see where the care tasks actually sit, we might carve out even one short block that's just for painting, no phone, no check-ins. Your art isn't selfish. It's part of what keeps you whole enough to keep helping.","That's a lot to carry, coordinating care from a distance while trying to study. It's understandable that you're drained, and that your art has taken a backseat. Faith is a strong anchor, but it doesn't mean you don't need to find ways to replenish your energy.

If you're able, could you carve out even 15 minutes a day for something that isn't caregiving or coursework? Even a small creative act might help. And if there's someone else who can share some of the coordination tasks, even for a few hours a week, that could make a difference."
syn_000761,synthetic_heldout,Caregiving Challenges – Balance & Time,My boyfriend has had depression for three years. I work full-time in business in Berlin and he's in another city. Most evenings I'm on the phone supporting him. I haven't seen my own friends in months. I don't know how to have a life that isn't about his illness.,"Three years of being the evening support line while working full-time. That's a lot, and it makes sense your own life has narrowed. A question: what would happen if you had one or two evenings a week where you weren't the primary contact, not pulling away, just creating space? Is there a friend, family member, or therapist in his life who could be a backup person on those evenings? And when was the last time you saw your friends? Even one regular social commitment a week could reopen a door that feels closed right now.","You're carrying a lot, working full-time and being the main support for someone else's mental health, especially at a distance. It's understandable that your own life feels lost in that. It's not selfish to want to see your friends again, or to want evenings that aren't about managing a crisis.

One thing that's helped others is finding a regular time that's *not* for crisis support, just for connecting. It could be a short phone call once a week, or a video chat. It's about building a separate space for your relationship that isn't defined by his illness.

There's a guide I can share with some techniques for changing unhelpful beliefs, and a mindfulness practice that might help with stress. Would you like me to send those over?"
syn_000783,synthetic_heldout,Caregiving Challenges – Emotional Impact,My cousin moved in with me after his spinal cord injury three years ago. I work full-time in psychology and somehow I'm still not coping. I know all the theory about stress and it doesn't help. Some nights I just cry after he's asleep and I don't know why.,"Knowing the theory of stress and actually living inside it are completely different things. That gap isn't a failure, it's just how it works. Crying after he's asleep sounds like your body releasing what the day has held, and it makes sense. Can I ask: do you have anyone you talk to about this, not as a psychologist, but as a person who is also carrying a lot? And is there any respite care or support you could access so the nights aren't your only decompression time? Sometimes the crying is a sign that one outlet isn't enough anymore, and that's worth listening to.","Three years is a long time to be carrying this, even with your professional knowledge. It's not a failure that theory doesn't fix things, it's that theory doesn't account for the weight of actually living it. Crying when he's asleep is a sign you're holding it together until you can't, and that's a pattern worth noticing. Bright Horizons offers senior care support, and caregiver.org and usa.gov can help point you toward available programs in your state. Would you like me to share links to those?"
syn_000786,synthetic_heldout,Caregiving Challenges – Emotional Impact,My grandmother's cystic fibrosis got worse six months ago and she moved in with me. I'm doing an engineering apprenticeship and between her treatments and my work I'm running on nothing. I try to meditate but I fall asleep every time.,"Falling asleep when you try to meditate isn't a failure of practice. It's your body telling you it's deeply tired, and that's worth listening to. Six months of daily treatments alongside an apprenticeship is a heavy load. Two practical things: check whether your local authority or a CF organisation offers respite care or carer grants, even a few hours of help a week could change things. And if meditation isn't working right now, a short walk or even lying down for ten minutes counts as rest. If the exhaustion feels relentless, mentioning it to your GP would be worth it, your wellbeing matters too.","That's a lot to take on, and it's not surprising that you're exhausted. You're juggling a demanding apprenticeship with the needs of someone who's seriously unwell, and that's a lot for anyone. Meditation is a good idea, but if you're falling asleep, it's a sign that you're running on empty.

What does your apprenticeship provider say about your situation? They may be able to offer some flexibility or support. And is there anyone else who could share some of the caregiving load, even for a few hours a week?"
syn_000817,synthetic_heldout,Caregiving Challenges – Care Recipient Behavior,"My girlfriend has been on dialysis two years. I'm in the US working full-time as a nurse, Christian faith is important to me, and I'm Black African. She's started skipping sessions and saying God will heal her. I respect her faith but I'm terrified she's going to die. I don't know how to talk to her.","That fear is real, and being a nurse probably makes it harder because you know exactly what skipping sessions means. Faith and medical care don't have to be in conflict, many people hold both. Try something like 'I believe God works through medicine too, and I want you here with me.' If she has a faith leader she trusts, involving them could help bridge this in a way that honours her beliefs and her safety. Her renal team also needs to know she's skipping, if they don't already. You're carrying a lot. A counsellor or your church community could be a space for your own fear and grief.","You're a nurse, so you know the science of dialysis. You're also her partner, and you're seeing her faith and her choices at odds with her health. It's natural to be terrified, and to feel stuck between respecting her beliefs and wanting to protect her.

One thing that might help is to separate the ""God will heal her"" from the ""skipping dialysis"" and talk about the latter. You could say, ""I respect your faith, but I'm concerned about the practical effect of missing sessions. Can we talk about what's making it hard to go, and how we can make it easier?""

If she's open, you could also talk about how faith and medical care aren't mutually exclusive. Some people find that medical treatment *is* how God chooses to work healing.

If you're still stuck, a chaplain at her hospital or church might be able to help you both find a way forward."
syn_000846,synthetic_heldout,Caregiving Challenges – Distance Caregiving,"My uncle has Down syndrome and lives in another city in Sweden. I've been his main long-distance carer for a few months since my aunt passed. My Christian faith is very important to me and I pray for guidance, but I feel completely unprepared for this role.","Stepping into a caregiving role after a loss, especially when you feel unprepared. That's a lot to navigate, and it makes sense that you're reaching for guidance. Can I ask: what did your aunt used to handle that now falls to you, and is there anyone in your uncle's local community who was part of his support network before? Sometimes those people are still there but waiting to be asked. And does your church have a pastoral care team or small group you could talk to about this transition? You don't have to figure out a new role alone. Sometimes faith communities are good at walking alongside people through exactly this kind of unexpected responsibility.","It's very common to feel unprepared when you step into a caregiving role, especially with distance involved. And it's good you're drawing on your faith for guidance, but it's also okay to need practical help. Since you're in Sweden, there may be local government resources and work benefits available to carers — it's worth asking your employer and local authorities what's available. You can also ask them about information on how to act or talk to your uncle, as that's what one carer found most useful."
syn_000852,synthetic_heldout,Caregiving Challenges – None Reported,"My aunt and I have found a good rhythm living together. Her bipolar moods are manageable right now and my engineering studies aren't too overwhelming. Alhamdulillah, things are balanced at the moment.","That balance is worth noticing and holding onto. When things feel stable, it can help to write down what's making it work, which routines, which signals, which support, so you can spot early if something starts slipping. And since you've got some breathing room, this is a good time to do one small thing just for you, whether that's seeing friends, a walk, or just an uninterrupted afternoon. Enjoying a calm stretch isn't selfish. It actually helps you be steadier when the next hard phase comes.","That's wonderful to hear. It sounds like you've both found a way to make things work, and that's a huge relief. It's good that you're able to study while she's nearby, and that her moods are stable. Keep doing what you're doing, and don't hesitate to reach out if things change."
syn_000866,synthetic_heldout,Caregiving Challenges – None Reported,"My cousin's early-onset Alzheimer's is stable and I'm studying economics part-time here in Germany. We've got good support near him. Things are okay right now, just wanted to check in.","That's genuinely good to hear, a stable period with good local support near your cousin is worth appreciating, especially alongside your studies. Since things are calm, this is a natural time to do one small thing for yourself, seeing friends, a proper rest day, or something you've been deferring. It's also worth noting down who the local supports are and what they handle, so if things shift you know exactly who to contact without figuring it out under pressure.","That's good to hear things are okay right now. Stable is a word to hold onto. It's easy to forget to check in when things aren't actively bad, but it's also when it's easiest to make small plans for yourself. Are you doing anything for you this week?"
syn_000868,synthetic_heldout,Caregiving Challenges – None Reported,My boyfriend's cancer is in remission and things are calm at home. I'm a medical apprentice here in Poland and we've been through a lot over three years. Things are genuinely okay now.,"That's genuinely good to hear, remission and a calm home stretch after three years is something worth pausing to appreciate, especially alongside a medical apprenticeship. Since things are stable, this is a natural time to do one small thing for yourself, seeing friends, a proper rest, or something you've been deferring through the hard stretches. It's also worth noting down what made the difficult periods manageable, so if anything shifts you already know what worked and who you can lean on.","That's a big shift from three years of a lot to genuinely okay. It's good you're noticing the calm, and that it's real. It's also good you're in medical training, so you're seeing both sides of this. You're well-placed to know when to enjoy the calm, and when to look for the next step."
syn_000875,synthetic_heldout,Caregiving Challenges – None Reported,My older brother's chronic pain is manageable and we've found a good rhythm at home. I'm working part-time in law here in Ireland and my Muslim faith keeps me grounded. Things are calm right now.,"That's genuinely good to hear, a manageable stretch with chronic pain and a working home rhythm is worth appreciating, especially alongside work and your faith. Since things are calm, this is a natural time to do one small thing for yourself, seeing friends, a proper rest day, or something you've been putting off. It's also worth noting down what makes the current routine work, so if his pain flares you know which pieces are yours and which could be shared with family or his care team.","That's good to hear, a calm rhythm is a real gift. It's also smart to be aware of the potential for things to shift with chronic pain, even when it's well-managed. The guide mentions that back pain and RSI are common in desk work, and that even small changes to posture or regular breaks can help. It's good to be aware of those things, especially if your work involves a lot of sitting or typing."
syn_000906,synthetic_heldout,Support Needed,"My uncle's on dialysis and I'm an apprentice in the UK, so I can't be there in person. It's only been a few months but I feel useless from this distance. I don't even know if there's such a thing as support for someone like me. I'm not the one doing the hands-on stuff.","You're not useless, managing worry and staying connected from a distance is real caregiving, even if it doesn't look like the hands-on version. A few things that help: kidney care organisations often have resources specifically for family members who are far away, including phone support lines and online forums. Your workplace may also have an EAP, apprentices are usually eligible and it's confidential. And a regular check-in call with your uncle's main carer, just to ask how they're doing, can make you part of the team without being in the room. You count.","It's really common to feel useless when you can't be there in person, even when you know someone else is doing the hands-on care. It's not about the amount of time you spend, it's about the worry and the feeling of not knowing.

There *is* support for people in your position, even if it's not the same as for direct carers. It's about finding ways to stay connected and feel useful from a distance.

One thing that's come up with other carers is that asking specific questions about how things are going can help you feel more in the loop. You could ask about medication, or how your uncle is feeling, or whether the care team is visiting on schedule.

There are also online resources that can help you understand dialysis and what to expect. Kidney Care UK is a good place to start: [https://www.kidneycareuk.org/](https://www.kidneycareuk.org/)

If you're feeling overwhelmed, it might also be worth talking to someone at your apprenticeship. They might be able to offer some flexibility or support."
syn_000955,synthetic_heldout,Online Support – Barriers,My dad has severe depression and I've been trying to support him from Nairobi for over five years while studying biology and working. I'm Jewish and find some online faith-based mental health content helpful but a lot of it dismisses medication. That's dangerous for him.,"You're right to be cautious, content that frames medication as optional or faith-incompatible can be genuinely harmful, especially for severe depression. For faith-sensitive content that respects medical treatment, look at organisations like the Blue Dove Foundation, which is Jewish and mental-health-focused. For clinical reliability, stick to established mental health foundations and your dad's care team for anything that affects his treatment. If something online contradicts what his doctor says, the doctor wins. You've been carrying this a long time, do you have support for yourself too?","It's good you're finding some faith-based content helpful, but you're right to be cautious about anything that dismisses medication. You know your dad best, and if medication is part of his treatment plan, that's important. You're balancing a lot – studies, work, supporting your dad from a distance, and navigating faith-based resources. That's a lot to hold. Do you have a mental health professional you can talk to about your dad's care and your own wellbeing?"
syn_000979,synthetic_heldout,Current Digital Tool Use,"My dad had a traumatic brain injury about six months ago. I'm at uni studying engineering in another state and I use a Google Sheet to track his rehab appointments, medications, and symptoms. My mom updates it too but we keep overwriting each other's notes and missing things.","A shared spreadsheet is a smart starting point, and the fact that you and your mom are both updating it shows real teamwork. The overwriting problem is super common though. A couple of questions: how many people need to edit this, and would colour-coding by person or date columns help you spot who changed what? Sometimes switching to a simple shared note app with edit history, or even just adding a 'last updated by' column, clears up the confusion without learning a whole new tool. What's been getting lost when the overwriting happens, appointments, symptoms, or meds?","That's a common problem when multiple people are updating a shared document. Have you considered a shared calendar app like Google Calendar, or a dedicated care coordination app like MeWe? They're designed to avoid that kind of overlap, and can also send reminders. If you'd like to try a new system, you could start by listing everything that needs tracking (appointments, meds, symptoms) and then compare how different apps handle those features."
syn_001060,synthetic_heldout,Caregiving Challenges – Care Recipient Behavior,My nan had a stroke about a year ago and I support her from Ireland. She's recovered a lot but now she refuses to do her physio exercises whenever I'm on the phone with her. She says she's had enough. I work in psychology full-time so I feel like I should know how to handle this but I don't.,"Knowing the theory doesn't make living it any easier, and being a carer to someone you love is a completely different thing to supporting a client. Her refusing physio might be fatigue, frustration, or feeling like she's done enough hard work. Practical things that sometimes help: ask her physiotherapist for two or three exercises she can do sitting down while you chat on the phone, so it becomes part of your time together rather than another demand, and check with her GP whether her motivation has dipped enough to warrant a review. You can care deeply and still not be the person who gets her moving. That's a physio's job, not a gap in your skills.","It's a tough spot to be in, knowing what she *should* do and seeing her resist. It's also a lot to carry, feeling like you should know how to handle this because of your work. What if you tried shifting from checking on the exercises to asking about her day, and then casually mentioning the physio as something that might help with something she's talked about? It might feel less like a demand and more like a suggestion."
syn_001063,synthetic_heldout,Caregiving Challenges – Care Recipient Behavior,"I live with my friend in Amsterdam and she's had long COVID for as long as I can remember. I'm doing a nursing apprenticeship. Some days she's fine, other days she can't get out of bed and gets really tearful and frustrated with me for no reason. I never know which version of her I'm coming home to.","That unpredictability is exhausting in its own way. You're constantly bracing, and the emotional whiplash of good days and bad days takes a real toll. Her frustration probably isn't really about you. It's about the illness stealing her good days. A couple of things to think about: have you two ever talked about what she needs on a bad day versus a good one (some people find a simple code like 'it's a duvet day' helps avoid negotiation in the moment)? And what does your own rest look like, are you getting any time that's completely separate from caring? Because coming home to uncertainty every day will wear you down if you're not actively countering it.","That's a lot of uncertainty to carry, not knowing what each day will bring. It's natural to feel frustrated when someone lashes out, even if it doesn't feel directed at you. It's also really common to feel helpless when someone you care about is in pain. Do you have a supervisor or mentor at your nursing apprenticeship you could talk to about this? They might have some ideas about how to navigate the emotional side of caregiving, and how to protect your own energy."
syn_001077,synthetic_heldout,Caregiving Challenges – Distance Caregiving,"I'm a biology student in Nigeria, working part-time, and my uncle with MS is back in the US. I manage his medication orders online and coordinate with his carers there, but the time zones and the cost of calling his team are draining me. I've been doing this about a year and my grades are slipping.","Coordinating care across continents while studying and working is a serious load, the distance doesn't make it lighter, and the cost adds real pressure. Can I ask two things: first, is there one person on your uncle's care team who could be your single point of contact, so you're not chasing multiple people? Second, what's your budget for these calls, would email summaries or a shared document reduce the need for live calls? Sometimes carving out a weekly written update and keeping calls for emergencies only can cut both cost and stress. Your university may also have support for students with caring responsibilities that could ease the academic pressure.","That's a lot to manage across time zones and with money tight. It's not surprising your grades are slipping when you're constantly juggling medication orders, carers, and calls. You're doing a lot for your uncle, and it's okay to admit it's draining you.

Have you looked into whether his US team uses email or a messaging app for non-urgent updates? That could cut down on call costs and time zone issues. Also, is there anyone closer to him in the US who could take on some of the coordination? It's okay to ask for help, even if it means shifting some responsibility."
syn_001084,synthetic_heldout,Caregiving Challenges – Distance Caregiving,My cousin in another Spanish city was diagnosed with cancer a few months ago. I'm working part-time in biology and I've become her go-to person for researching treatment options. My Sikh community is supportive but I'm spending every evening reading medical papers I barely understand and I'm terrified of giving her wrong information.,"It's clear you care deeply about your cousin, and carrying the fear of giving wrong information is a heavy weight. A quick filter: stick to information from her oncology team, national cancer organisations, and hospital resources, and run anything you find past her medical team before sharing it with her. That protects both of you. What would help more: narrowing your research time to one or two evenings a week rather than every night, or stepping back from the research role entirely and helping her prepare questions for her oncologist instead? You don't need to become her medical translator. You need to be her cousin. Her team is the right source for treatment decisions.","You're doing a lot for your cousin, and it's good she has you to help. It's also really common to feel overwhelmed by medical papers, especially when you're not a medical professional. You're right to be careful about giving information, and it's okay to say to your cousin, ""I'll keep looking, but let's also talk this through with her doctor.""

Do you have a doctor or oncologist you can contact to ask questions? If you're looking for resources, the National Cancer Institute has a lot of patient-friendly information."
syn_001109,synthetic_heldout,Caregiving Challenges – None Reported,"My younger sister has Down syndrome and we've lived together for two years now. I'm studying biology part-time in Nairobi. Things are going well, we have a good routine and my family helps. My Hindu faith is a big part of how I approach caring for her. Just checking in.","A good routine with family support and your faith as a foundation. That's a solid place to be. Since things are steady, it's worth asking: is there any part of your sister's routine that works because you personally hold it together? Writing that down now can make it easier to share the load later. And is there something just for you, a hobby, time with friends, rest, that you've been meaning to prioritise? Calm periods are the best time to invest in your own reserves.","It's good to hear things are going well, and that you have a routine and family support. It's also really valuable that your faith is a source of strength. It's easy to forget to check in with yourself when things are stable, so just acknowledging that is a good step. Is there anything specific you'd like to talk about, or are you just sharing that things are okay?"
syn_001111,synthetic_heldout,Caregiving Challenges – None Reported,My boyfriend's diabetes complications have been manageable since he moved in with me two years ago. I'm doing a graphic design apprenticeship in Madrid. My faith helps me stay patient with the daily routine. Things are going fine right now.,"Two years of co-resident caregiving with a manageable routine is genuinely something to feel good about, and your faith sounds like it helps you stay steady. While things are calm, it might help to ask: is there any part of his daily routine that only you know how to handle, something worth writing down in case someone else ever needs to step in? And is there a small thing for yourself, creative, social, rest, that you've been meaning to get back to? Stable periods are ideal for that.","That's good to hear, and two years is a good run. You've found a rhythm that works, and your faith is a real strength. It's also smart to know that things *can* get harder, and to be ready to ask for help when they do."
syn_001124,synthetic_heldout,Caregiving Challenges – None Reported,"My older sibling has had long COVID for over five years. I study engineering part-time in the US and support them from a distance. My Jewish identity is important to me and gives me perspective. Things are stable right now, just wanted to check in.","Over five years alongside part-time engineering study is a lot to carry, and a stable period is genuinely worth appreciating. Your faith giving you perspective clearly helps. While things are calm, two questions: is there something you've been meaning to do for yourself, academically, socially, or just rest, that's taken a back seat? And is there any part of your sibling's care that you coordinate from a distance that would be useful to document? Calm stretches are the best time to tend to your own needs and make contingency notes.","Five years is a long time to be living with long COVID, and supporting someone from a distance adds another layer of complexity. It's good that things are stable right now, but that doesn't mean you don't need to look after yourself too. Your Jewish identity being a source of perspective is a real strength, and engineering is a demanding field. Do you have a regular way to check in with your own wellbeing, or a friend or mentor you can talk to about the emotional side of things?"
syn_001178,synthetic_heldout,Online Support – Willingness,"I've been caring for my mum who has bipolar disorder for over five years, we live together in Berlin. I work part-time in fine arts and my Buddhist practice helps me cope. Honestly I'd be open to online support but I'd need it to not be crisis-only. I want something for the long haul, not just emergencies.","That distinction matters, so much mental health support is built around crisis points, and living with bipolar disorder in the family is often more about the long, steady stretches between them. It makes sense to want a space that reflects that. What would 'long-haul' support look like for you, more practical day-to-day sharing, or something more reflective about sustaining yourself over time? And would you prefer a group specifically for relatives of people with bipolar, or something broader for young carers? That'll help narrow what to search for.","Five years is a long time to be a caregiver, and it's good that you've got a Buddhist practice to help you cope. It's also really smart to think about what kind of support would be most useful for you, and to want something for the long haul, not just emergencies. It sounds like you're looking for something that can help you navigate the day-to-day challenges of caring for your mum, and that's a really valid need.

The NHS guide suggests local mental health nurses can offer emotional support and advice about mental health conditions. Macmillan nurses can also help if your mum's condition is related to cancer. If you're looking for information about your rights, benefits, and money, the National Careers Service is a good place to start. Action for Children also has a text and email support service.

You mentioned you'd be open to online support, but it needs to be for the long haul. It's worth exploring what's available and seeing if anything fits your needs."
syn_001183,synthetic_heldout,Online Support – Willingness,"My grandfather is recovering from a stroke and I help coordinate his care from another state in Nigeria. It's been a few months. I'm 22, studying part-time. I'd try an online support group but I worry it'll be all Western advice that doesn't fit our family setup. We make decisions as a family, not just me alone.","That concern makes a lot of sense, care structures vary widely, and advice that assumes an individual decision-making model can feel disconnected from how your family actually works. Nigerian stroke and carer organisations, where they exist, tend to be more attuned to collective family dynamics. It might also be worth asking your grandfather's hospital if they run a family carer group, those are often more grounded in local realities. Would you want a group specifically for stroke recovery, or would a general carers' space work if the facilitator understood family-centred care?","That's a very fair point. Online groups can sometimes feel very one-size-fits-all, and family decision-making is really important in your setup. Have you spoken to your grandfather's care team about whether they know of any support groups or resources specifically for stroke recovery in Nigeria? They might know of something that's more culturally relevant."
syn_001191,synthetic_heldout,Online Support – Willingness,"I've lived with and cared for my grandmother who's on the autism spectrum for as long as I can remember. I'm 18, recently graduated in fine arts in South Africa. I'd try online support but I worry everyone will be talking about elderly care and dementia, my situation is completely different.","You're right to be cautious. Most carer groups for grandparents default to dementia or physical decline, and autism-specific support for older adults is still under-recognised. Look at autism organisations rather than general carer groups. Some run family support spaces that include siblings and grandchildren, and a few have specific channels for people supporting autistic elders. Would you prefer a group that's autism-focused but mixed-age, or one specifically for young carers even if the conditions vary? Either could work, but the first might give you more relevant content about autism itself.","That's a very real worry, and a good reason to be cautious about jumping into general online groups. Autism care is very specific, and it's easy to feel lost in conversations about other conditions. The Children's Society guide I have here suggests universities have support for young carers, and you can ask them about that before you apply. Would you like me to find some autism-specific carer groups in South Africa? Or perhaps some resources that focus on neurodiversity and family care?"
syn_001201,synthetic_heldout,Online Support – Barriers,"My boyfriend was diagnosed with early-onset Alzheimer's at 31. I'm in Nigeria studying psychology part-time, and I support him from a distance. Every online group I find is about elderly patients or based in the UK or US. Nothing fits our situation, young partner, MENA background, long-distance. I've stopped looking.","It makes sense you've stopped looking. Most early-onset Alzheimer's resources assume an older spouse, not a young partner managing from another country. Two things worth trying: search specifically for 'young onset dementia' rather than just Alzheimer's, as those communities tend to include more partners in their 20s and 30s. And check whether Alzheimer's Disease International lists a member organisation in Nigeria, even a general dementia helpline can connect you to others in similar situations. You're not wrong that the gap is real, but one good contact can open doors you can't see yet.","That's a really common experience, finding that the support available doesn't fit your situation. It's exhausting to keep searching and finding nothing. Stopping looking is a sensible thing to do, for now.

Would you be open to trying to *create* the support you need? It doesn't have to be big. Maybe a small online discussion group, or even just a list of resources for young carers in the MENA region? It's a lot to add to your plate, but it could be a way to connect with people who understand."
syn_001209,synthetic_heldout,Online Support – Barriers,"My cousin in another city has Parkinson's and I've been helping coordinate her care for six months. I'm in Poland, recently finished a law degree, and I'm Christian. The problem is every Polish resource I find is for people over 60. I'm 23. I can't relate to retirement-era advice.","That age gap in resources is frustrating. Parkinson's support materials overwhelmingly assume the carer is a retired spouse, not a young cousin managing from afar. Try the European Parkinson's Disease Association's website. They have a 'young onset' section and resources for family members that aren't age-limited. For carer-specific support, search for the Polish carers' organisation (they may operate under a name like 'Opiekun' or similar), even if their main audience is older, a single call can connect you to other young family carers they know about. One direct conversation often beats hours of searching content that wasn't written for you.","That's a really common problem with caregiving resources. They're often geared toward older caregivers, not people in their 20s. You're right to notice that disconnect. It's also really common to feel like you're carrying something that no one else understands. You're not alone in that.

You're in a unique position as a young caregiver with a law degree. That means you're probably good at research and advocacy. Start by looking into your work benefits such as paid leave, mental health support, or flexible work arrangements. Outside of work, you can also research financial aid, grants, or government programs that may help ease the burden. 

If you're looking for online resources, you can also look into companion groups — caregivers of your own age in a similar situation. That's the support I've had."
syn_001238,synthetic_heldout,Current Digital Tool Use,"My younger sister has early-onset dementia, which is rare at her age. I work part-time in tech and I've built a little app to send her reminders throughout the day. It works well technically but she's starting to ignore the notifications and I don't know how to fix that.","Building a custom reminder app for your sister is genuinely impressive, and the fact that she's starting to ignore it probably isn't about the app at all. Notification fatigue happens when alerts feel impersonal or overwhelming. Try changing the tone of the reminders, a voice note from you instead of a text notification, or fewer prompts that cover only the most critical moments. Sometimes reducing the number by half actually increases follow-through. If the pattern continues, her care team might have strategies for adapting reminders to how her attention is changing.","That's a really common problem. Reminders can be useful at first, but people often tune them out, especially if they're not linked to something meaningful. Have you tried linking the reminders to something she enjoys, like a favourite song or a photo? Or maybe a reminder to call a friend she likes? It's worth trying to make them less like tasks and more like invitations to something good."
syn_001287,synthetic_heldout,Caregiving Challenges – Emotional Impact,My closest friend has severe depression and I've been her long-distance support for three years. I'm training as a psychology apprentice in Spain. My Sikh faith grounds me but honestly I'm running on empty. She called at 2am again last night and I couldn't get up for work today.,"Supporting someone through severe depression for three years while training in the field yourself is a heavy combination, and missing work because of a 2am call tells you the boundary between supporting her and sustaining yourself has blurred. That's not selfish to acknowledge. It's necessary. Two things: it's okay to agree a 'crisis hour' with her, calls after a certain time go to a crisis line, not you. And if she has a therapist or care team, ask whether you can be part of a safety plan that doesn't make you the only night-time contact. Your faith teaches seva, but seva isn't meant to break you.","Three years is a long time to hold that space for someone, especially from a distance. And a psychology apprenticeship is demanding even without the extra weight of a friend's crisis. You're right to recognise running on empty. Your faith is a good anchor, but it's not enough on its own.

The 2am calls are a clear sign you're being pulled beyond your limits. It's not about failing as a friend, it's about protecting your own wellbeing so you *can* be there for her long-term. Can you talk to her about boundaries? Maybe a pre-agreed limit on late-night calls, and a list of crisis resources she can reach out to when you're unavailable?

There's a tool called the ABC of CBT (from 80,000 Hours) that helps you challenge unhelpful beliefs. It might help you work through the idea that you *have* to be available 24/7. And if you're not already, talk to your supervisor about the emotional toll this is taking. They may have resources or strategies to help."
syn_001317,synthetic_heldout,Caregiving Challenges – Care Recipient Behavior,My older sister has MS and I've been caring from a distance here in Australia for about a year. On our calls she's started making dark jokes about not being around much longer. I never know whether to laugh or ask if she's serious and it leaves me cold.,"Those moments freeze you. You don't want to overreact to dark humour, but you can't ignore the possibility that something deeper is being said. It's okay to not know, and it's okay to ask. Two things that often help: respond to the feeling under the joke, something like 'I know you're joking, but I worry sometimes, are you actually doing okay?' keeps the door open without being heavy, and if she brushes it off, you can name that you'd rather ask than miss something. If you're genuinely concerned, her MS nurse or GP is the right person to flag it with. Don't carry this one alone.","Dark humour can be a way to test the water, or to talk about something hard without having to say it directly. It's okay to ask, gently, if she's serious, and to say that those comments leave you feeling unsettled. You could say something like, ""When you say things like that, I get a bit worried. Are you thinking about things being really difficult?"" It's okay to be direct, and it's okay if it's awkward."
syn_001318,synthetic_heldout,Caregiving Challenges – Care Recipient Behavior,My grandmother has a physical disability and we've lived together in Madrid for three years. She's always been proud but lately she's started hiding when she's struggling. I find out she fell or couldn't reach something only by noticing hours later. She won't accept help and I feel like I'm always one step behind.,"Always being one step behind is exhausting and a little frightening. You're constantly reconstructing what happened instead of being there in the moment. Her hiding it is probably about preserving dignity, not about distrusting you, but it leaves you in an impossible position. A couple of things to explore: rather than offering help directly, try making small changes to the environment, a grab rail, moving items to lower shelves, so she doesn't have to ask and you don't have to catch her. Does she have an occupational therapist who could do a home assessment? Sometimes recommendations coming from a professional feel less like 'you need help' and more like 'this is practical,' which can be easier to accept.","That's a really tough spot to be in. It's common for people to want to maintain independence, and it's also common for that to shift when a disability makes things harder. The hiding, and the delay in asking for help, sounds like a way of protecting her pride. It's also a way of making your job harder, because you're always catching up.

One thing that caregivers have found is that sometimes a little gentle ""forcing"" can help, but it's a balance. You're right to wonder when to push and when to let her do her own thing. Maybe try framing help as something that lets her *continue* doing the things she wants to do, rather than as a sign of weakness.

If you're finding it draining, it's okay to talk to someone about that. It's not just about her, it's about your energy too."
syn_001338,synthetic_heldout,Caregiving Challenges – Distance Caregiving,My cousin has Parkinson's and lives with me here in Stockholm. I'm studying history part-time and this has been my reality for two years now. My Sikh faith is everything to me but I'm so isolated. I barely see anyone outside of caring and studying. The loneliness is worse than the tiredness.,"Loneliness is often the heaviest part of caregiving, and two years of it alongside study is a long time to go without your own social world. Two things: first, look for a young carer group in Stockholm, even an online one, where you can talk to people who get it without explanation. The Swedish Carers' Association (Anhörigas Riksförbund) is a good starting point. Second, is there a gurdwara or Sikh community nearby where you could attend once a week just for yourself, not in a caring role? Your faith community can be a place of rest as well as duty.","Two years is a long time to be isolated. Sikh faith is about community, and that's a real loss when you're cut off from it. It's good that you've named the loneliness as the worst part, not the tiredness, because that's something you can address. A regular group, even one that's not faith-based, could help. Something that meets weekly, where you're expected to show up. Are there any history societies at your university? Or a local Sikh community group that might have regular social events?"
syn_001357,synthetic_heldout,Caregiving Challenges – None Reported,My uncle's recovering from his brain injury and things are stable. I coordinate care from here in Vietnam and it's been about six months. My Hindu practice keeps me centered and my medical apprenticeship is going well. No real problems to report.,"Six months of coordinating brain injury recovery from another country while managing an apprenticeship. That's a lot, and being able to say things are stable is genuinely good. Since you're in a steady patch, this is a good time to write down what's working: who does what, key contacts, the routine. If anything shifts later, you won't be building from scratch. And if there's something you've been deferring for yourself, even small, this is the easiest time to handle it. Glad things are holding.","That's good to hear things are stable, and that you've found ways to stay centered through your practice and apprenticeship. Six months is a good stretch of time to be coordinating care from a distance. If you find yourself needing a sounding board for the practicalities of that, or for the emotional side of things, there are caregiver support groups that might be helpful."
syn_001377,synthetic_heldout,Support Currently Used,"I work part-time in tech and help coordinate my aunt's care from São Paulo, she had a spinal cord injury five years ago and lives in another city. My therapist has been helpful, but she admitted she doesn't really understand long-distance caregiving. I spend half the session explaining logistics instead of talking about how I feel.","It's frustrating to spend precious therapy time educating your therapist instead of being supported, and it shows real self-awareness that you've noticed it. A couple of things to consider: have you raised this directly with her? Sometimes a simple 'I need less problem-solving and more space for my feelings about the distance' shifts the whole dynamic. And if it doesn't, it may be worth asking whether she can refer you to someone with caregiver experience, or a carers' organisation that offers counselling alongside peer support. The right fit matters. You shouldn't have to translate your life every session.","That's a really common problem with therapists who don't have specific experience with caregiving. It's frustrating to spend session time on background instead of your emotional experience. It sounds like you're already aware of the need for space and balance, and that's a great start. Have you considered if there are any support groups for caregivers of people with spinal cord injuries, or even just long-distance caregivers? Sometimes hearing from people who *get* the logistics can free up your therapy time for the emotional side."
syn_001382,synthetic_heldout,Support Currently Used,"I'm a first-year student in Hanoi, and my younger sister back home has MS. I've been in some kind of caring role for as long as I can remember. My Hindu faith is everything to me, and my family prays together on video calls. But between those calls, I feel so alone with the worry. My uni friends don't know I'm a carer.","Praying together on video calls sounds like a beautiful way to stay connected across the distance. That's a real source of strength. The aloneness between those calls makes sense, especially when the people around you at uni don't know this part of your life. Can I ask: what's kept you from mentioning it to friends at university? Sometimes it's not wanting to be treated differently, or not knowing where to start. If there's even one person you trust, a simple 'my sister has a health condition and I worry about her from here' can be enough. You don't have to tell them everything. And your university may have a carers' contact or counselling service that's confidential.","It's a lot to carry alone, especially when your faith is a family practice and your friends don't know the full picture. You've been caring for your sister for years, and now you're also starting university. It's okay to feel isolated. Would you like to explore some ways to connect with other young carers, even if it's just online? There are groups who understand the specific challenges of balancing caring with study."
syn_001385,synthetic_heldout,Support Currently Used,"My cousin with Down syndrome moved in with me in Cairo a few months ago after his mum couldn't manage anymore. I just finished my fine arts degree. I love him, but I have no idea what I'm doing. I joined a Facebook group for carers but it's all parents, and I can't relate.","Stepping into a full-time caring role for your cousin, especially unexpectedly, is a huge transition, and it's no wonder a parents' group doesn't fit. You're in a different life stage entirely. A couple of practical steps: search for Down syndrome associations in Egypt or regionally. They often know about sibling or relative carer networks, even if they're less visible than parent groups. And if there's a local disability organisation, ask specifically about support for non-parent carers. They exist but aren't always advertised. You're not doing this wrong. You're doing something most people your age never have to, and it's okay to need guidance that actually fits your situation.","That's a big shift, finishing your degree and taking on full-time care at the same time. It's understandable that a parent-focused group doesn't quite fit. A companion group of caregivers your own age could be a good fit. The Children's Society guide mentions connecting with project workers or teachers, too. Would you like me to find some resources for young carers in Cairo?"
syn_001409,synthetic_heldout,Support Needed,My uncle has cancer and I've been supporting him from Germany for two years while working part-time in biology. I don't have a religious community to lean on. I've never really looked for support and honestly don't know where to start.,"Two years of supporting someone with cancer from a distance is a lot to carry without a community, and it's okay that you're only now thinking about support. A few starting points: Germany has cancer support organisations like the Deutsche Krebshilfe, which offers helplines and resources for family carers. Your workplace may have an Employee Assistance Programme with counselling, and online carer forums can be a surprisingly steady source of connection. You've been handling this quietly, reaching out now doesn't erase that strength, it extends it.","Two years is a long time to be supporting someone from a distance while also working. It's understandable you haven't looked for support yet, but it's also okay to start now. The guide suggests joining online discussions or hubs to meet people in similar situations. You could start with the Effective Altruism Forum, or look for cancer support groups that have online components. Even a small ""five-minute favour"" for someone else in the community can help you meet people."
syn_001430,synthetic_heldout,Online Support – Willingness,"I graduated recently and I'm job-hunting in Barcelona while supporting my older sibling who's autistic, back home. Five-plus years of this. I'd genuinely try an online community, but I'm Latino and Jewish and I'm tired of spaces that don't get cultural nuance. Anything out there that's not super generic?","That's a legitimate frustration, cultural context shapes how families talk about disability and caregiving, and most mainstream spaces don't acknowledge that. It can make you feel like you're translating your experience instead of sharing it. Two questions: are you looking primarily for a sibling-carer space, or is the cultural fit more important than the relationship type? And would you be open to an international Jewish community, or are you hoping for something Spanish or Latin American specifically? Some disability organisations run culturally specific family groups, and Jewish family services sometimes offer caregiver support. Pinning down those priorities will help me suggest where to look first.","That's a really specific need, and it's good you're not settling for generic. For autism support, look for groups specifically for neurodivergent people of color. For Jewish and Latino communities, see if there are groups that focus on disability. It's worth searching for groups that focus on intersectionality. Sometimes, you'll find that a smaller group is a better fit than a larger one."
syn_001496,synthetic_heldout,Current Digital Tool Use,"My younger sibling lives with me here in Spain and has heart failure. I've been caring for them for about a year while studying and working part-time in medicine. I use a medication app with alarms, but when the alarms go off while I'm at work, they ignore them because I'm not there to follow up. The tool works only when I'm present.","You've identified something really clear, the app works technically but fails socially, because your sibling responds to you, not to the alarm. That's common, and it's frustrating. A couple of things to think about, is there someone else who could be the 'follow-up person' when you're at work, even just a quick check-in call? And would your sibling be more responsive to a different kind of nudge, maybe a text from you that you schedule before your shift? Sometimes a familiar name on the screen works better than a generic alarm.","That's a tricky spot. A tool that needs your presence to work is only half a solution. You're right to notice that. It sounds like you're trying to bridge a gap between your responsibilities, and the alarms are a reminder of that gap. Is there someone else who could be present when the alarms go off? A family member, friend, or even a paid helper, even for a few hours a week? If not, maybe a different type of reminder would work better. Something that doesn't rely on you being there to follow up."
syn_001498,synthetic_heldout,Current Digital Tool Use,"My dad lives in another city in Mexico and is recovering from a stroke. I work full-time in biology, and I've been helping coordinate his care for as long as I can remember. I use WhatsApp with his nurses and a shared Google Doc for his medication list, but the doc hasn't been updated in weeks because everyone assumes someone else is doing it.","That 'someone else will update it' drift is incredibly common with shared docs, the responsibility is distributed so no one owns it. For something as important as medications, that gap is genuinely risky. A couple of things, could you assign one person, maybe a primary nurse, as the responsible updater with a clear expectation? And would a brief weekly check-in where you review the doc together help keep it current? Sometimes the fix isn't the tool, it's naming who owns it and making that expectation explicit.","That's a common problem. When everyone assumes someone else is on it, things slip through the cracks. It's the ""diffusion of responsibility"" effect. It's good you noticed it's not being updated.

Could you send a quick WhatsApp message to the nurses saying, ""Hey, just checking in on the Google Doc. Can someone confirm they're updating it with medication changes?"" A simple request for confirmation can get things moving again."
syn_001528,synthetic_heldout,Caregiving Challenges – Emotional Impact,My aunt had a stroke and I've been coordinating her care from another province while working full-time in fine arts. I've been at this for years now and I can't tell if I'm numb or just tired. Buddhism teaches equanimity but I feel like I'm just shutting down.,"There's a real difference between equanimity and shutdown, and naming that distinction is important. Long-distance caregiving for years can quietly move you from calm into numbness, and that's not a failure of your practice. It's your mind running on reserves. Is there any space in your week that's genuinely yours, not tied to coordinating care or working? Even a short window that's protected can begin to restore something. And if the numbness has been lingering for weeks, mentioning it to a GP or counsellor would be worth it. You deserve support, not just your aunt.","Years of coordinating care from a distance while working in a demanding field is a lot. It's not surprising that you're not sure if you're numb or just exhausted. Equanimity is a practice, and it's okay if you're not there yet. It sounds like you're not shutting down, but that your system is exhausted and needs a break.

Can you carve out even 15 minutes a day for something that's purely for you, something that isn't caregiving or work? It doesn't have to be big, but it has to be something that recharges you. If that feels impossible, can you ask a friend or family member to take on one small task for your aunt, just to give you a little breathing room?"
syn_001563,synthetic_heldout,Caregiving Challenges – Care Recipient Behavior,My uncle was diagnosed with early-onset Alzheimer's a few months ago. He lives in another city and keeps calling me to ask the same questions. I love him but repeating the same answers five times a call is wearing me down. I don't know if correcting him helps or hurts.,"That repetition is one of the most draining parts of Alzheimer's for family. It's not that the questions are hard, it's the loop that wears you down, and it's okay to acknowledge that. A couple of things to think about: with Alzheimer's, correcting often causes more distress than the original confusion, because the person can't hold the correction anyway. What sometimes helps instead is answering briefly and then redirecting to a feeling or a topic, 'Yes, your appointment is coming up. How are you feeling about it?' And for the wear on you: could you set a gentle time limit on calls (fifteen minutes, say) and let a close family member or his care team know about the frequency? They may be able to adjust his routine to reduce the anxiety driving the calls.","That's a common experience with Alzheimer's, and it's exhausting to repeat yourself. It's kind of you to keep answering, but it's okay to not want to do it endlessly. It's not about whether correcting him helps or hurts, it's about whether you can sustain the effort.

If his questions are about practical things, is there someone local who could answer them once for him to refer back to? If it's more about reassurance, a simple ""Everything's okay, Uncle"" might be enough, even if it doesn't feel like a full answer.

You're allowed to protect your energy. If the calls are too draining, could someone else take some of them? Or could you set a time limit?"
syn_001567,synthetic_heldout,Caregiving Challenges – Care Recipient Behavior,"My grandmother's diabetes complications mean she needs insulin and a special diet, but she sneaks sweets constantly. We only moved in together a few months ago and every time I find wrappers she lies about it. I work and study. I can't police her every bite.","That frustration of finding wrappers and being lied to on top of everything else you're juggling is real, and you're right, policing her food isn't sustainable or healthy for either of you. A few practical things: talk with her diabetes nurse about what's actually happening (they deal with this constantly and may adjust her plan to include small treats so she doesn't feel deprived). The lying is probably shame, not malice, she knows she shouldn't, which makes the hiding worse. If her plan includes a controlled sweet treat, the sneaking often drops. You're not failing. You're trying to manage something that even professionals find tricky. Her care team is your best ally here.","It's exhausting when someone you care for won't cooperate with their own health, especially when it means you're being lied to. You're right, you can't police her every bite, and it's not your job to. It's possible she's feeling a loss of control in other areas of her life, and the sweets are a way to reclaim some of that. Is there a healthcare professional involved in her diabetes care who you could talk to about this pattern? They might have ideas about how to approach it, or even talk to her directly."
syn_001586,synthetic_heldout,Caregiving Challenges – Distance Caregiving,"I've lived with my grandmother my whole life, she has a genetic condition that's been progressing for as long as I can remember. I'm studying fine arts in Egypt but my family back in our African home country expect me to be her full carer since I'm here with her. My Hindu faith says to honor elders but I'm only 24 and I feel like I've never had a life outside caregiving.","Never having had a life outside caregiving by 24 is a profound thing to name, and it's completely valid to feel the weight of that even while honoring your grandmother. The expectation that you're 'the one' because you're physically present is common, but it's not fair. Can I ask: is there any other family member, even distant, who could contribute financially or visit periodically to give you actual breaks? And what would one thing just for you look like right now, something unrelated to caregiving or study? Even naming it can be a first step toward claiming a small corner of your own life.","That's a lot to carry, a lifetime of caregiving, plus the weight of family expectation and faith. It's not selfish to want a life of your own, even alongside caring for your grandmother. It sounds like you're caught between two worlds, and that's a really hard place to be.

Have you been able to talk with your family about what a realistic balance looks like, one that honors your grandmother's needs and your own future? Sometimes, just naming the gap between what's expected and what's possible can open a conversation. And if you're not sure how to start that conversation, a project worker or teacher might be able to help. The Children's Society guide says that connecting with someone who can listen and guide you can really help."
syn_001597,synthetic_heldout,Caregiving Challenges – Distance Caregiving,"My boyfriend has Down syndrome and I'm studying engineering part-time in Vietnam. We've been together a few months and I'm Sikh, Caribbean background. His family is supportive but they live far from us. I want to be there for him properly but I'm new to this and I don't know what caring for someone with DS actually looks like day-to-day.","It's okay to be new to this, the fact that you're asking means you care about doing it well, not just doing something. Two practical starting points: ask his family what his daily routine looks like and what support he values most. They know his patterns and preferences better than anyone, and that context is gold. And look for a Down syndrome association either in Vietnam or internationally, many offer guidance for partners and family members on what to expect and how to support well. You don't need to figure this out alone, and learning from people who've walked this path can replace uncertainty with confidence.","A few months in, and you're already thinking about the long view. That's a good sign. Down syndrome looks different for everyone, so ""properly"" will be what *you both* figure out together. It's a lot to learn, and it's okay to start small.

What's one thing he'd like help with today, that you could do while also keeping up with your studies? Maybe it's a chore, a phone call, or just a shared activity. That's a good place to start building a routine.

His family being supportive from a distance is great, but it's also okay to ask them to share what their day-to-day looks like. What does he need help with that they've learned over the years? You're not trying to replace them, just learn from them."
syn_001662,synthetic_heldout,Support Needed,"I'm 25, female, White American, living in South Africa. My cousin was diagnosed with schizophrenia a few months ago. I'm an apprentice in psychology and my Hindu faith matters to me. I want to help but I don't know what support exists for family members here.","A few months into a schizophrenia diagnosis is a steep learning curve, and wanting to help from a psychology background doesn't make it less overwhelming when it's family. In South Africa, SADAG (South African Depression and Anxiety Group) runs support groups including for families affected by schizophrenia, and the South African Federation for Mental Health has carer resources. Your cousin's psychiatric team can also guide you on what family support helps recovery. If you'd like, I can help you think through how to approach one of these first. Sometimes the hardest part is the first reach.","You're stepping into a new role as a family supporter, and you're right to ask about what's available. The fact that you're an apprentice in psychology is a great start, but it's also important to recognise that you're still learning, and your cousin needs professional help. The guide mentions that mental health is often neglected, especially in the developing world, so it's good you're asking about what's available in South Africa.

There are a few places to start. The South African Federation for Mental Health (SAFMH) has a directory of mental health services and support groups. You could also contact the South African Psychiatric Association (SAPA) for a list of psychiatrists in your area.

For family support specifically, the World Psychiatric Association has a section for family and carers. It's not South Africa-specific, but it might give you some ideas.

You're also right to think about what kind of support would be most useful. The caregiver in the background material found that information about how to act or talk was more useful than formal support. You could look for resources on communicating with someone with schizophrenia, and on setting boundaries.

Finally, remember that your Hindu faith is a source of strength, and you can draw on that as you navigate this."
syn_001668,synthetic_heldout,Support Needed,"I'm 23, male, Black Caribbean, Sikh (very important), apprentice in education in Egypt. My close friend has chronic pain and lives with me. I've been supporting him as long as I can remember. I need support but don't know what exists here.","Caring for a close friend with chronic pain for as long as you can remember means this has shaped much of your life, and seeking support now is a meaningful step. In Egypt, chronic pain support can be harder to find, but starting with your friend's medical team to ask about pain management resources for families is worthwhile. Your Sikh community, even if small in Egypt, might connect you with others who understand seva and caregiving. Online communities for chronic pain carers are also a steady option when local ones are limited. Would you like help exploring any of these?","You've been supporting your friend for a long time, and now you're in a new country, doing an apprenticeship, and need support for yourself. That's a lot to balance. It's good you're recognising you need help.

Do you want to start by looking for organisations that support young carers? They'll know what's available in Egypt. Or would you like to explore online support groups first?"
syn_001670,synthetic_heldout,Support Needed,"I'm 18, male, Indigenous, spiritual (somewhat important), apprentice in business in Canada. My younger sibling has bipolar disorder and lives far away. I've been trying to support them for over five years. I need help but don't know what exists for young carers here.","Five years of supporting your younger sibling with bipolar disorder from a distance, starting when you were only 13, is an enormous thing to have taken on, and looking for support now is the right move. In Canada, the Canadian Mental Health Association (CMHA) has resources for family members, and Young Carers Canada connects young people in caregiving roles with peer support. Your sibling's mental health team may also offer family education sessions. Sometimes just finding one person who gets it can shift things. Would you like help identifying which of these to reach out to first?","Five years is a long time to be supporting someone from a distance, especially while you're starting an apprenticeship. It's good you're recognising you need help. In Canada, there's the Young Carers at Home program, which offers financial support and respite care. There's also the Canadian Mental Health Association, which has a directory of local services. And because you're Indigenous, there may be culturally specific supports available through the First Nations Health Authority or a local Indigenous health centre. Would you like me to help you find those?"
syn_001685,synthetic_heldout,Online Support – Willingness,My cousin in another city has a genetic illness and I've been helping coordinate her care from Egypt for six months. I'm studying education part-time and my Christian faith is important to me. I'd try online support if it weren't too intense.,"Needing something that isn't intense is completely fair, some groups can feel heavy when you're already managing a lot. Look for Christian family support networks that offer lightweight online options, a monthly check-in call or a low-traffic chat group rather than daily forums. Also, genetic illness organisations sometimes have family email newsletters with practical tips that keep you informed without requiring active participation. If you'd prefer something you can dip in and out of rather than commit to, that's worth naming when you search.","Six months of long-distance caregiving is a lot, and it's good you're aware of your limits. Online support can be helpful, but you're right to be cautious about intensity. Maybe start with a forum where you can read and dip in without pressure, or look for a faith-based group that understands your values. If you're finding it hard to balance caregiving with study, your university may have a disability or wellbeing service that can help."
syn_001709,synthetic_heldout,Online Support – Barriers,"I've lived with and cared for my aunt for over five years, she has diabetes with complications. I'm studying part-time in Egypt. My Hindu faith is important to me and I'd love to find support that respects that, but everything online is either secular medical advice or doesn't address caregiving at all. I feel stuck between two worlds.","That stuck-between-worlds feeling makes a lot of sense, faith-aware caregiving support is genuinely hard to find, especially when you're already filtering for diabetes and your specific cultural context. You shouldn't have to choose between your faith and practical guidance. A couple of clarifying questions that might help me point you better: are you looking mainly for emotional and spiritual support that acknowledges the weight of caregiving, or are you more after practical diabetes management resources that happen to be faith-friendly? And would online communities matter to you, or are you more of a reading-and-reflecting person?","That feeling of being stuck between worlds is really common for caregivers, especially when your faith is a big part of how you make sense of things. It's not just about medical advice, it's about finding a space where your whole life, including your beliefs, is understood. Have you ever connected with any Hindu community groups or temples that might have a social care arm? Sometimes they have informal networks of people who offer practical and emotional support within the faith. If you're comfortable, I can help you search for those in Egypt."
syn_001726,synthetic_heldout,Current Digital Tool Use,"I'm a psychology apprentice in Poland and I live with my grandfather, who has early-onset Alzheimer's. Right now I track his daily routine and meds using a Google Sheet and a phone alarm for myself. It's been about a year and it works, but I worry everything falls apart if I forget to update it for a day.","A Google Sheet plus alarms is a solid system, the fact that it's run for a year tells you something. The fragility you're sensing is the 'single point of failure' problem: if you miss a day, there's no backup. Two quick fixes: add one trusted person as a viewer on that sheet (a sibling, a close friend) so someone else can notice a gap, and set a recurring weekly 15-minute slot to update it rather than doing it ad hoc. Even a partial backup takes the pressure off you being the only link.","That's a very real worry. A single missed update on a system like that can easily throw things off. It's good you've identified that as a risk. One caregiver I spoke with found a simple task-list app on their phone was easier to keep up with than a journal or website. It meant they had the list with them, and could tick things off as they went. It's not a huge change, but it might be worth looking into if you think that would reduce the risk of things slipping."
syn_001727,synthetic_heldout,Current Digital Tool Use,"I work full-time at a law firm in the Philippines and my younger sibling has cystic fibrosis. I've been helping care for them as long as I can remember, but they live with our parents a province away. I use a shared family WhatsApp group to coordinate, but everything important gets buried in memes and small talk.","That's a classic problem. WhatsApp groups mix logistics with chatter until the important stuff vanishes. A couple of practical tweaks: pin key messages or use the 'star' feature so medication schedules or appointment details stay visible, and consider spinning off a second group just for care updates (sibling's health, appointments, urgent needs). Some families also use a simple shared note app like Google Keep for the must-not-lose information. The goal is making sure nothing critical gets lost under the daily noise.","That's a really common problem with family groups, and it's easy to feel like important things get lost. It's also a lot to balance a full-time job with caregiving from a distance. Would you like to explore some ways to make the WhatsApp group more useful, or maybe look at other ways to keep track of things?"
syn_001746,synthetic_heldout,Current Digital Tool Use,"I'm studying and working part-time in the US and my partner lives in another state with early-onset Alzheimer's, about six months. I use a shared journal app where we both write about our days, and a medication reminder she manages herself. But lately her entries are getting shorter and more confused, and I don't know if I should be doing more to track the changes.","That must be hard to watch, seeing the entries change is a quiet, real signal of what's shifting. A couple of things to think about: are the shorter entries something she's mentioned or noticed herself, or is it something you're observing from the outside? That distinction matters for how you approach it. And when you say 'doing more to track the changes', is that for your own understanding, or something you'd want to share with her care team? Sometimes the journal is already capturing exactly what a doctor would want to see, just in a form that feels personal rather than clinical. What feels most urgent to you about this right now?","It's natural to feel unsure when you see changes in her journal entries. Six months is still early in the progression, but it's also a time when things can shift noticeably. You're already doing two good things: a shared journal and a medication reminder. If you want to track changes more systematically, you could start a simple log of the things that matter to you, like her mood, how much she's eating, or whether she's repeating herself. It doesn't have to be detailed, just a quick note each day. That way, you'll have a record to compare over time."
syn_001747,synthetic_heldout,Current Digital Tool Use,I'm an education student in Spain and my close friend has early-onset Alzheimer's. I live with them and it's been about a year. I use a simple daily checklist app for their routine and a notes app for things I notice. But I feel like I'm spending more time managing the system than actually being present with them.,"A year into co-resident caregiving and you're noticing something important, the system has started to compete with the relationship it was meant to support. That's worth acting on. Try this: pick one day a week where you use the checklist but don't add any notes or observations. Just be with your friend without recording anything. The data you collect on the other six days won't lose meaning, and that one day gives you both something the app can't track, presence. If the system feels lighter after that, you might find other places to trim. The tool should serve the care, not become it.","That's a really common point where systems start to feel like work instead of help. A checklist and notes are great foundations, but maybe it's time to look at what's *on* them. What's absolutely essential to record, and what's just 'nice to know'? Could you simplify the checklist to the three most important things for each day? And maybe switch the notes app to voice memos for quick observations? That might free up a little presence."
syn_001765,synthetic_heldout,Caregiving Challenges – Balance & Time,"My cousin has a hereditary illness and I'm a nursing apprentice in Poland. We're in different cities. It's been about six months. Between my shifts and managing her appointments and medication refills remotely, I'm constantly exhausted. My Buddhist practice helps, but I can't even sit for meditation without my phone going off.","Six months of coordinating your cousin's care alongside nursing apprenticeship shifts. That's a steep learning curve, and the constant phone interruptions make it hard to find any stillness. Can I ask what your cousin's local support looks like, is there anyone nearby who could handle medication refills or non-urgent appointments? If even one recurring task shifted to someone local, that might reduce the calls enough for you to sit without bracing. And what would happen if you put your phone on do-not-disturb for one short, defined meditation period each day, with a check-in right after?","Six months of that constant pull is long enough to be draining even with a strong practice. It's good that meditation is a resource for you, but the phone interruptions are a sign that the boundary between work, caregiving, and your own space is too thin.

If you're comfortable, could you ask her doctor about a system for refills that doesn't require your immediate attention? And when you're on shift, could you ask a family member or friend to be the point person for emergencies? Even a few hours of uninterrupted time can make a difference."
syn_001766,synthetic_heldout,Caregiving Challenges – Balance & Time,"My uncle had a brain injury six months ago and lives with me here in Vietnam. I work part-time as a nursing assistant and between shifts and his rehab schedule I have zero breathing room. I love him, but I haven't seen my friends in weeks. I pray about it, but honestly I'm just worn out.","Six months of co-resident caregiving alongside nursing work with no social break. It's no wonder you're worn out, and prayer helps but it can't replace actual rest. Two things: first, look at his rehab schedule and find the block where he's with therapists. That's your time, not for chores, for you. Second, text one friend today and arrange even a short walk or coffee. Isolation compounds exhaustion, and seeing someone who isn't depending on your care can refill you in ways nothing else does. If your workplace offers carer leave, ask about it.","Six months is still early days after a brain injury, and it's normal to feel worn out when the rehab schedule is so demanding. It's also normal to feel the loss of your social life. Prayer can help, but it doesn't replace practical support. Have you talked to his rehab team about how to build in some respite for you? Sometimes they can suggest ways to adjust the schedule or connect you with local support groups."
syn_001768,synthetic_heldout,Caregiving Challenges – Balance & Time,"I live with my dad who has depression and I work part-time in economics. Three years of this. Some days he can't get out of bed and I end up missing work to be with him. My boss is understanding but I can feel his patience wearing thin. I pray about it, but I'm scared of losing my job.","That fear of losing your job while wanting to be there for your dad. That's a genuine tension, and three years of holding it is a lot. Two things: first, have an honest conversation with your boss about the pattern, not every detail, but enough that you can agree on a plan, maybe a flexible start time or work-from-home option on difficult days. Most employers prefer knowing rather than guessing. Second, is your dad connected with a mental health team? If his low days are frequent, his care plan may need review. That's not your job alone to manage. Your church community may also know local support services.","Three years is a long time to be balancing work and your dad's depression. It's natural to feel scared about your job when you're having to miss work, even with an understanding boss. It's good that you're praying, and it's also good to think about practical steps. Have you looked into any leave options through your work, or any local government support for caregivers? Knowing your rights can sometimes help. It's also worth remembering that everyone carries something, and your boss may not know the full extent of what you're dealing with."
syn_001770,synthetic_heldout,Caregiving Challenges – Balance & Time,"My cousin is recovering from a stroke and I'm a part-time student in the Netherlands. We're in different cities, and I've been involved in his care for as long as I can remember. Between his rehab appointments, my studies, and managing everything by phone, I have no time for myself. My Sikh faith is central to me, but even seva feels like another duty.","When seva starts feeling like just another duty on the list, that's a sign something's overloaded, and it makes sense, given how long you've been carrying this. Can I ask what your cousin's rehab schedule looks like and whether someone local shares any of the coordination? If we can see what you're actually handling versus what could be shared, it might reveal a gap for yourself. Also, what would seva look like if it were just for you, not as a duty, but as something that nourishes you? Sometimes re-approaching it differently can shift the weight.","It's a lot to be managing from a distance, and it's understandable that seva feels like another duty when you're already stretched so thin. You're right to notice that. It's a sign that you're running on empty, and that's not sustainable.

What's the one thing you could take off your plate, even just for a day? It doesn't have to be big, but something that would give you a little breathing room. Also, you mentioned being in the Netherlands. Is there a Sikh community in your city that might offer support, or even just a listening ear?"
syn_001819,synthetic_heldout,Caregiving Challenges – Care Recipient Behavior,"My uncle has a physical disability and I've been supporting him from another city for about six months. I work part-time in medicine and I'm not religious. He's started calling me multiple times a day, sometimes just to chat, sometimes clearly anxious. I'm finding it hard to concentrate at work and I feel guilty even mentioning it because he's isolated.","That guilt about wanting boundaries with someone who's isolated is so common, but constant calling isn't just connection, it can be anxiety seeking an anchor, and you're becoming the only one. Setting limits doesn't abandon him. It makes the support sustainable. Could you agree on one or two fixed call times each day, so he knows when he'll hear from you and the in-between calls reduce? What's his social life like beyond you, are there community groups or disability organisations nearby? Widening his circle by even one person takes pressure off you without leaving him alone.","Six months of this distance support is a long time, and it's normal for the pattern to shift. It's also normal for a pattern of multiple calls a day to disrupt your work, and it's not selfish to want to protect your concentration. Is there a way to set aside a specific time each day for a longer chat, so he knows when to expect you and you can focus the rest of the time? Or maybe a friend or local service could offer some daytime company?"
syn_001822,synthetic_heldout,Caregiving Challenges – Care Recipient Behavior,"My grandmother has long COVID and we've lived together a few months. I work part-time in business and I'm Hindu. Some days she can barely get out of bed. Other days she's up and insists she's recovered, tries to do too much, then crashes for a week. I can't predict it and I feel like I'm constantly bracing. I don't know how to support her through the boom-and-bust cycle.","That boom-and-bust pattern is one of the most disorienting parts of long COVID, for her and for you. On good days she genuinely feels recovered, so she's not being reckless. Her body is giving her false signals. Pacing strategies help: encouraging her to do about half of what she feels capable of on good days can prevent the crash. Has she been referred to a long COVID clinic or post-viral service? They can help her build a pacing plan that's specific to her patterns, which takes the guesswork, and the bracing, off your shoulders.","That boom-and-bust cycle is exhausting to live *with*, let alone live *through*. It's normal to feel constantly braced when you can't predict what each day will bring. One caregiver described it as 'worrying intensely' and found support in a companion group. You're balancing work and faith and a household, and you're right to ask how to support her without getting pulled under.

When she's up, can you gently suggest one small, achievable task rather than letting her try to do everything? When she crashes, can you agree on one thing she'll do to signal she needs help, and make that the only thing she has to manage? It's a balance, as another caregiver said, between pushing and letting her do her own thing."
syn_001833,synthetic_heldout,Caregiving Challenges – Distance Caregiving,"My little sister's been on dialysis for over five years. I'm studying graphic design in Kraków and working part-time, and she's with our parents in Warsaw. I feel like I should be there for every appointment but I can't. My faith says to trust God but the guilt is eating me alive.","Guilt that intense, over five years, tells you how much you love her, but it's also draining you in a way that doesn't help her. Your faith is a source of strength, and it's okay to hold that alongside practical limits. Can I ask: what would your sister actually say if you told her you feel guilty for not being at every appointment? Sometimes the person we're caring for has already accepted what we can't. And is there a way to be present for the big appointments (results, transitions) rather than every routine one? That might be a more sustainable line.","Five years is a long time to carry that worry. It's normal to feel torn between what your faith says and what you feel—guilt is a common companion for caregivers, even at a distance. What's one small thing you can do to feel more connected to your sister, without adding to your guilt? Maybe a scheduled video call, or sending a small gift? It's okay to not be there for every appointment, and it doesn't mean you love her any less."
syn_001842,synthetic_heldout,Caregiving Challenges – Distance Caregiving,"My older brother's epilepsy has been part of my life as long as I can remember. We live together in Amsterdam. I just finished my social work degree and I'm job-hunting but every time he has a seizure I think, what if I'm at work when it happens? I'm spiritual but not religious, and I just feel stuck.","That fear is completely rational. You've been living with seizures your whole life, and the thought of not being there is terrifying. You're not stuck. You're carrying something heavy while trying to build your future. Two things: talk to his neurologist about whether he's a candidate for a seizure alert device, some can notify a nominated contact automatically. And when job-hunting, look for roles with flexible hours or remote options. Many social work positions now offer that. Having a plan for when a seizure happens during work can free up the mental space you need to actually move forward.","That's a really hard thing to carry while starting a job search. It's understandable to feel stuck when your brother's health feels so tied to your availability. You've spent your life learning to be attuned to his needs, and it's natural to worry about being away.

You've just finished a social work degree, which means you're trained to find resources and advocate for needs. Could you start by looking into local epilepsy support groups in Amsterdam? They might have advice on emergency plans or respite care options. And when you do start interviewing, you're entitled to ask about flexible work arrangements or leave policies."
syn_001845,synthetic_heldout,Caregiving Challenges – Distance Caregiving,My younger sister has a genetic illness and we live together in Warsaw. I work full-time in education and I've been her main support for about a year. I'm Christian but loosely. Some days I come home and just cry before I even get through the door. I love her but I'm so tired.,"Crying before you get through the door is your body telling you something important. You've been strong for a long time, and it's costing you. That's not weakness. It's a signal. Two things: look into home care services through your local municipality, even a few hours of professional support a week can give you space to decompress. And tell one person at work what's happening at home. You don't have to be specific, but having someone who knows means you're not performing 'fine' all day and then collapsing at night. You deserve actual rest, not just survival.","That's a lot to carry, a year of full-time work and main support, especially when it ends in tears before you even get home. It's okay to be tired, and it's okay to cry. It doesn't mean you love her any less. It means you're human.

Do you have anyone at work who knows what's going on at home? It doesn't have to be a full explanation, but a colleague who knows you're juggling a lot could offer practical help with deadlines or meetings. And is there anyone in Warsaw you can talk to, even just to vent? A friend, a church contact, a counsellor? Sometimes just saying it out loud to someone who understands makes the load a little lighter."
syn_001872,synthetic_heldout,Caregiving Challenges – None Reported,"Things are fine. My cousin has chronic pain and I support him from India, basically my whole life. I just finished my graphic design degree and I'm job hunting. We've found a way to manage. Just wanted to check in.","That's genuinely good to hear, lifelong support for your cousin while finishing your degree is worth recognising. Since things are calm and you're job-hunting, two things worth thinking about: if a new job changes your hours or location, what would need to shift in how you support him? And is there something you've been wanting to explore for yourself now that your degree's done, something caregiving hasn't left room for? Quiet periods are good for banking resilience and thinking ahead.","That's good to hear, and congratulations on finishing your degree! It sounds like you've been balancing a lot for a long time, and finding a way to manage is a real skill. Job hunting is a whole other layer of things to manage, so it's good you're checking in. Do you have a sense of what kind of support you might need with the job search itself? (The Children's Society guide suggests thinking about steps to take and what support you need to apply.)"
syn_001877,synthetic_heldout,Support Currently Used,"I finished my biology degree recently and I'm job hunting while living at home with my younger brother who's had depression for two years. Our imam has been supportive and I pray with my brother daily, but lately his low periods are getting longer and I'm not sure prayer alone is enough.","It sounds like your faith and your imam's support are genuine anchors for both of you. That's real strength to build on. Can I ask: when you say the low periods are getting longer, have you talked to his GP or a mental health professional about this shift recently? And does your brother have his own counsellor separate from the support you provide? Prayer and presence matter, but they work alongside professional care, not instead of it. If his GP isn't aware of the change, that's a good next step, and your imam may know culturally sensitive services to recommend.","It's good you're recognising prayer isn't the whole answer, and that's a really hard thing to admit when faith is important. Two years of depression is a long time, and it's normal to feel unsure what to do when the low periods stretch out. Your imam's support is great, but a professional diagnosis and treatment plan might be needed. Would you be open to talking to a doctor or psychiatrist?"
syn_001969,synthetic_heldout,Online Support – Barriers,"My older sibling had a traumatic brain injury six months ago and I live with them in the UK, caring for them while job-hunting after my graphic design degree. All the TBI resources online are about the first few weeks in hospital. We're past that now and I have no idea what comes next.","That 'after the hospital' gap is where most families feel abandoned, the acute phase has endless resources, and the long recovery has almost none. Try Headway UK, which has a section specifically for life after hospital and family carers navigating rehabilitation at home. Their helpline is also worth a call. They can point you to local support groups for sibling carers. The Brain Injury Association has practical guides for the months following discharge. You're in the hardest phase, the one with the least guidance, and you don't have to navigate it blind.","Six months on from a TBI, and the resources have dried up, leaving you to navigate the next phase alone. That's a really common gap in support, and it's not your fault you're finding yourself in it. It's also a lot to be doing while job-hunting after your degree.

The UK has a network of brain injury support groups and charities that can help with the longer-term challenges. Headway is a good place to start: [https://www.headway.org.uk/](https://www.headway.org.uk/). They can connect you with local services and peer support.

If you're able to, it might be worth talking to your sibling's care coordinator about what's available now. If they don't have one, ask your GP to refer you to a neuro-occupational therapist. They can assess your sibling's needs and help you plan for the future."
syn_002012,synthetic_heldout,Caregiving Challenges – Balance & Time,My older sister has heart failure and I've been her main support for over five years from here in Amsterdam. I just finished my fine arts degree but I can't job-hunt properly because I'm always on call for her. Some days I just feel completely hopeless about my own future.,"Five years of being on call for your sister while trying to build your own future is an enormous stretch, and feeling hopeless about your own life in that context is something many long-term carers recognise. Two questions that might help: is there a heart failure nurse or community team involved with your sister's care who could take some of the on-call weight, even scheduled check-ins that aren't all on you? And if you had even two protected mornings a week for job-hunting, what would need to be in place for that to happen?","Five years is a long time to be the main support for someone with a serious condition, and it's completely understandable that you're feeling hopeless about your own future while also being on call. It's a lot to carry.

You've just finished a degree, which is a huge achievement, but you can't even use it because of your sister's needs. That's a real blockage.

One thing that might help is to build a support network. It's easy to feel isolated when you're a caregiver, and having people you trust to listen and support you can make a big difference. You could also look into caregiver groups online or in your area to connect with others in similar situations. Resources like caregiver.org and usa.gov can help point you toward available programs in your state.

You're not alone in this, and it's okay to ask for help. It's also okay to feel hopeless sometimes. But don't give up on your own future. Keep showing up, ask for help, and be proud of your journey. Your Bright Horizons benefits include senior care support. Visit your Senior Care page for more details."
syn_002025,synthetic_heldout,Caregiving Challenges – Balance & Time,"My grandmother has had long COVID for three years and I coordinate her care from here in Mexico City while studying law full-time. Between her appointments, oxygen arrangements, and daily check-ins, I have no time to breathe. I'm failing modules and I feel so selfish for even thinking about my own needs.","Coordinating three years of long COVID care alongside a law degree is an extraordinary load, and thinking about your own needs isn't selfish. It's necessary maintenance. Two practical steps: ask her GP or local health service if there's a community nurse or care coordinator who can handle the oxygen and appointment logistics so you're not the sole hub. Also speak to your law faculty about carer support, deadline extensions or a reduced module load. Your grandmother needs you functioning, and that means your degree can't be the thing that always gives way.","Three years is a long time to be holding this much together, and it's not selfish to need a breath. It's a sign you're human. The Bright Horizons guide suggests simple self-care habits, but even those can feel impossible when you're already stretched. What's one tiny thing you could let go of, or ask someone else to take on, just to create a pocket of space? And one other caregiver mentioned the value of connecting with others who understand the specific demands of long-term care. Would a support group, even an online one, be worth exploring?"
syn_002040,synthetic_heldout,Caregiving Challenges – Emotional Impact,"I've been caring for my uncle who has autism for as long as I can remember, from Indonesia where I'm studying engineering part-time. My Christian faith is important to me but I feel so alone in this. Nobody around me understands.","Feeling alone in a caregiving role that most people your age can't relate to is deeply isolating, and for as long as you've been doing this, that loneliness has had time to settle in deep. Two things: look for an online community for family carers of autistic adults, even one or two people who 'get it' can ease that ache, and talk to someone at your church about what you're carrying, because your faith community can be practical support, not just spiritual. You're not meant to do this with no one.","That's a lot to carry, caring for someone from so far away, while also studying. It's not surprising you feel alone when nobody around you understands. Your faith is a good anchor, but it doesn't replace the need for people who *get* the caregiving part.

The other caregiver mentioned a companion group, and that sounds really valuable. Is there anything similar in Indonesia, or even online, for caregivers of people with autism? Even a small group of people who understand the daily challenges could make a difference.

If you're open to it, there are online communities like the Effective Altruism Forum that can connect you with people who share similar values and might offer support."
syn_002054,synthetic_heldout,Caregiving Challenges – Care Recipient Behavior,"My dad's cancer treatment started six months ago and he's become so angry, at the doctors, at me, at God, at everyone. I'm living at home in Cape Town while job-hunting after my education degree, and every day feels like walking on eggshells. I'm spiritual but I can't make sense of his rage.","That anger is incredibly common in cancer patients and incredibly hard to live inside. It's usually grief, for his health, his plans, his sense of control, and it lands on whoever's closest. A few things that help: don't try to talk him out of it ('I can see you're furious' goes further than 'it'll be okay'). Step away when it tips into hurting you, even for ten minutes, and his oncology team or a cancer support organisation can suggest whether a counsellor or support group might suit him. You're allowed to set a line around how much anger you absorb, even from someone you love.","Six months is a long time to live with that level of stress, and it's okay to feel like you're walking on eggshells. Cancer treatment can change people, and anger is a very common response to loss of control. It's not about you, even though it feels directed at you. It's about his experience of the cancer.

I'm not a professional, but I'm a trained listener, and I'm here if you want to talk. It's also worth thinking about whether a few therapy sessions might help you process the emotional impact of this. The other caregiver in the background context found that really useful.

Is there someone at the hospital who can help you understand what's happening with his treatment, or how to manage his anger?"
syn_002094,synthetic_heldout,Caregiving Challenges – Distance Caregiving,"I'm 19, recently graduated in graphic design in Poland. My grandfather has had depression for as long as I can remember and lives with me. I don't have faith to lean on. It's just me and him and the grey of it, every single day. I love him, but I don't know how to keep doing this without something to hold onto.","Caring for a grandparent through years of depression without a faith community or any external support. That's a profound weight, and it's okay to feel like you need something to hold onto that isn't just willpower. Let me ask: is there one person, a friend, a former classmate, anyone, you could be honest with about how hard this is? And would you consider talking to a counsellor, not because something's wrong with you, but because you've been holding this alone for years and having someone in your corner might be the thing that helps you keep going?","Grey is a heavy colour to live with, especially when it's been there for years. You've been doing this since you were a child, and now you're a young adult with a degree, and it's still the same. It's okay to feel like you need something to hold onto.

One thing that can help is to learn how to manage your emotions. It's a skill that everyone can benefit from, and there are resources available to help you. CBT (cognitive behavioural therapy) is one of the main evidence-based ways of getting better at that. There's a book called Feeling Good by David Burns, or an app called Uplift.

You're also right to feel like you need professional support. A doctor or psychiatrist can help your grandfather with his depression, and they can also help you with the emotional toll of being his caregiver."
syn_002132,synthetic_heldout,Support Currently Used,"I'm a nursing graduate in São Paulo, job-hunting while supporting my close friend who has epilepsy. I've been her go-to person for three years, during seizures, hospital trips, everything. My Muslim faith is central to how I approach care, but honestly, I'm exhausted and wondering if I need to step back, and that feels like betrayal.","Three years as someone's primary seizure support while studying nursing. You've given a lot, and wanting to step back isn't betrayal. It's your body and mind telling you something important. Your faith teaches care, but it also teaches that you're not meant to carry everything alone. Can I ask: are there other people in her circle who could share the on-call role, even occasionally? And given your nursing background, have you thought about whether a formal support worker or epilepsy organisation could bridge some of what you've been doing informally?","That's a really common feeling for caregivers, especially when faith is a core part of your approach to care. It's not betrayal to ask yourself what you can sustain, and to set boundaries. It's the opposite, actually: it's recognising that you can't pour from an empty cup.

Three years of being someone's main support is a long time, and it's okay to feel exhausted. It's also okay to feel guilty about needing a break. The caregiver experience from the background context talks about that guilt.

What's one small thing you could do this week to create a little space for yourself? It doesn't have to be big. It could be a 30-minute walk, a quiet coffee, or even just a longer prayer time."
syn_002175,synthetic_heldout,Support Needed,My grandmother is on dialysis for kidney failure and I've been supporting her from Australia for about a year. I'm studying engineering at college and my Sikh faith is central to my life. I need to find support but I feel like I'm too old for young carer services and too young for the regular ones.,"That in-between feeling is something a lot of carers in their early twenties run into, too old for young carer programmes, too young for the typical carer support crowd. It's a real gap. A couple of things to explore: Kidney Health Australia has resources for families, and Carers Australia may have services that cover your age range even if the branding feels young. Have you also spoken to your grandmother's renal unit about family support? And would you prefer something online or in-person. Sometimes that helps narrow what's actually available.","That's a really common gap, and it's frustrating when services don't quite fit. The guide says that if you're 16-18, you should still be supported by children's services, and that support workers should help you plan for the future. But you're right, that doesn't always happen. The Children's Society guide also says that support services are there to help you plan and prepare for changes before they happen.

It sounds like you're in a situation where you're already a young adult, but still need support. Do you have a college counsellor or disability advisor who might be able to help you navigate this? Or maybe a local Sikh community leader who could point you towards relevant services?"
syn_002176,synthetic_heldout,Online Support – Willingness,"I'm a medical apprentice in Mexico City and I live with my younger brother, who has diabetes with complications. My faith is really important to me, and I'd love an online space that respects that, not just medical talk but something that understands the spiritual weight too. Does that exist?","It makes complete sense that you'd want a space that holds both the medical reality and your faith. They're not separate things for you, and most generic forums miss that entirely. Worth looking into: faith-based carer communities (some Christian organisations run online support groups specifically for caregivers), and your local diabetes association may host family caregiver spaces. You could also ask at your church whether anyone there is caring for a family member. Sometimes the most understanding community is already closer than you think. What feels like the right first step for you?","That's a really specific need, and it's good you've identified it. Medical info is often just *information* and doesn't touch the deeper stuff. A lot of faith communities have online groups, and you might find one with a caregiving angle. If not, you could start one. It's a small step, but it could fill a real gap."
syn_002211,synthetic_heldout,Online Support – Barriers,My girlfriend has anorexia and we've been long-distance for three years. I'm studying social work and working part-time in Canada. Everything online about supporting a partner with an eating disorder assumes you live together and can monitor meals. I can't do that from here. I just feel useless.,"It's painful to read the advice and realise none of it matches what you can actually do from where you are. Long-distance caregiving for an eating disorder is barely written about, and that gap can make you feel like if you can't monitor meals, you're not really helping, but that's not true. Two questions: what does your girlfriend say helps her most from you right now, is it regular check-ins, or something you wouldn't expect? And are you in touch with her care team at all, even indirectly, so you know what your role is meant to be within the bigger picture of her support?","That feeling of uselessness is really common when distance makes practical support impossible. It's not that you're not doing anything, it's that what you *can* do doesn't look like the usual advice. The other caregiver's experience of needing information about how to talk to someone is relevant here. You're already studying social work, so you have a base of skills, but maybe there's something specific about eating disorders that would help you feel more prepared for conversations. The Huberman Lab podcast (hubermanlab.com) might be a good place to start, and it's possible your course has resources about supporting people remotely."
syn_002226,synthetic_heldout,Current Digital Tool Use,"I'm a CS grad in Mexico City, job-hunting while living with my girlfriend who has a physical disability. Right now I track her appointments and meds in a Notion board I built. It works but maintaining it eats time I should spend on interviews. Is there something lighter?","A custom Notion board is solid. You clearly thought it through. But if maintaining it is cutting into job-hunt time, that's a real cost. Two quick options: many free medication reminder apps (like Medisafe or MyTherapy) handle the scheduling part so you're not manually updating rows, and a shared Google Calendar with her can cover appointments without a dashboard. You'd lose some customization but gain hours back. Worth trying one alongside Notion for a week and dropping whatever feels redundant?","Notion is powerful but can be a time sink. The caregiver in the background used Minimalist, a simple task list app, and found it easier to access on their phone than a website. It might be worth a look. If you're comfortable with a little more setup, you could also explore dedicated medication reminder apps, some of which can sync with calendars."
syn_002256,synthetic_heldout,Caregiving Challenges – Balance & Time,"I'm doing graphic design work part-time while studying, and my cousin moved in with me six months ago, he has a genetic condition that's getting worse. Between deadlines and his care, I have no time for anything else. I barely see my friends anymore.","Losing your social life on top of managing work, study, and care is a lot to grieve, and six months in, the initial adrenaline has probably worn off, leaving the real weight of it. Can I ask what your cousin's care setup looks like beyond you? If there are services or community support you could tap into, that might free up a small window for your own life. Also, what would it look like to keep one low-effort social thing going each week, something that doesn't cancel easily?","That's a lot to balance, and it's easy for friendships to slip when you're stretched so thin. It's also common to feel guilty when you need to set boundaries, but remember that you can't pour from an empty cup. You need to protect your own time and energy to be able to do both your work and care for your cousin. Is there anything small you could carve out for yourself this week, even just an hour to connect with a friend?"
syn_002266,synthetic_heldout,Caregiving Challenges – Balance & Time,I just finished my law degree in Spain and I live with my uncle who has depression. It's been a few months. I'm trying to study for the bar exam but he needs constant emotional support. My Sikh faith calls me to seva but I can't seem to find time to prepare for my future.,"Balancing bar exam prep with being someone's primary emotional support is genuinely hard, and seva doesn't mean putting your own future indefinitely on hold. Try setting one or two fixed study blocks each day, even 90 minutes, and communicate them to your uncle in advance so he knows when you'll be unavailable. If he has a therapist or GP, ask whether his support could be increased during your exam period. Seva includes building a life that lets you keep giving, not just giving everything now.","It's a lot to balance a new degree, bar prep, and a family member's depression. You're right to notice the conflict between your faith's call to service and your own needs. It's not selfish to need time for your future.

Have you considered setting specific times for study and for being available to your uncle? Even small blocks of time can help. Also, the 80,000 Hours guide mentions CBT resources that might help you both manage emotions."
syn_002273,synthetic_heldout,Caregiving Challenges – Balance & Time,"I'm studying nursing part-time in Spain and living with my grandmother who's autistic. It's been about six months. I love her but her routines need to be exact and any disruption, including my shift changes, causes real distress. I can't keep my schedule consistent enough for both of us.","Trying to keep two schedules aligned when one needs rigidity and the other shifts with work and study is genuinely hard. You're not failing her by having an unpredictable life. Can I ask whether your grandmother has any autism-specific support in place? An occupational therapist or support worker could help build flexibility into her routines gradually, so your shift changes don't always mean a crisis. Also, what does your work schedule look like, is there any room to negotiate more predictable shifts, even temporarily?","That's a tough spot, needing to be predictable for your grandmother while also fitting in a nursing course. Six months is enough to see this isn't going to just resolve itself, and it's good you're thinking about it now. Have you spoken with anyone at your university about being a carer? They might have advice or resources, or be able to offer flexibility. If you're not sure where to start, a young carers service could help you navigate that conversation."
syn_002292,synthetic_heldout,Caregiving Challenges – Emotional Impact,"My grandfather is on dialysis in Delhi and I've been worrying from Hamburg for about a year while studying and working part-time. Every time my family calls I freeze thinking it's bad news. My faith teaches duty to elders, but the distance makes me feel like I'm failing that duty every day.","That freeze response when the phone rings is your body bracing for impact, and it makes complete sense after a year of long-distance worry. Duty to elders doesn't disappear with distance, but it can take different forms. Two things: agree a regular update time with your family so calls aren't always potential bad news, and ask if you can help coordinate any part of his care from afar, like appointments or medication ordering. Having a role, even a small one, can ease the feeling of failing. And if the anxiety is affecting your daily life, a university counsellor could help you manage it.","That freeze response to family calls is a sign of how much this weighs on you. It's not failure, it's the distance making it hard to feel useful. A small step might be to ask for a set weekly check-in call, not for updates but to talk about something *not* medical. It won't fix the distance, but it might make the calls less fraught."
syn_002363,synthetic_heldout,Caregiving Challenges – None Reported,"My younger sibling's chronic pain is managed okay and we've lived together in Bangalore my whole life. I'm studying engineering and working part-time. I'm spiritual but not religious. Things are just normal for us, nothing dramatic.","When something has been part of your life for as long as you can remember, 'just normal' is exactly how it feels, and that steadiness is a strength. Can I ask: as your engineering studies and work pick up, is there anything in the care routine that only you handle, something no one else knows how to do? And do you have any space in your life that's completely separate from both studying and caring? Sometimes people who've grown up with caregiving don't get the chance to build that separate space, and a calm period can be a good time to start.","Normal is good. It sounds like you've found a rhythm, which is a real achievement when you're balancing study, work and family. Do you have a bit of space in your week for something that's just for you, even if it's small? It's easy to let those things slip, but they're what keep the rhythm going."
syn_002392,synthetic_heldout,Support Currently Used,"I'm 19, an engineering apprentice in São Paulo. My aunt had a stroke a few months ago and I help care from a distance, my cousins are with her. I'm Christian, and my faith gives me comfort, and I call her every weekend. But I feel useless being so far away, and every call reminds me how much she's changed.","Calling every weekend and staying connected through your faith. You're doing more than you feel. That sense of uselessness from a distance is something many carers describe, but your calls likely mean more to her than you can see. A couple of things: ask your cousins if there are specific tasks you could help with remotely, scheduling appointments, researching rehab resources, or managing paperwork can be genuinely useful from afar. And if the calls are hard because of how much she's changed, it's okay to talk to your cousins about that too. They may be feeling something similar. A stroke recovery organisation may also offer family support resources. You're present, and that counts.","It's completely normal to feel useless when you can't be there in person, and it's okay to feel the change in her voice or what she says on the phone. It's a reminder of what's happening, and that's hard. Your faith and the weekly calls are both really solid ways to stay connected, and they matter. If you're up for it, maybe ask your cousins what small thing you could do from a distance that would really help them. It doesn't have to be big, just something that takes a little off their plate."
syn_002476,synthetic_heldout,Current Digital Tool Use,"I'm studying social work in Poland and my boyfriend is recovering from anorexia back home. I track his meals and moods in a spreadsheet and we use WhatsApp for daily check-ins. It's been six months. The spreadsheet works but it's starting to feel obsessive, like I'm monitoring him more than supporting him. I don't know if the tools are helping or just feeding my anxiety.","It sounds like you've built a thoughtful system, and noticing that it's shifting from helpful to anxious monitoring takes real honesty. The fact that you're questioning it is a good sign. Can I ask: does your boyfriend know what you're tracking, and is it something you've agreed on together? And what would happen if you scaled back the spreadsheet to just mood check-ins for a week? Sometimes the tools we build start carrying our worry rather than easing it, and a small adjustment can help you tell the difference.","Six months is a long time to keep up that level of tracking, and it's understandable that it's starting to feel obsessive. It's good that you're noticing that shift, and that you're asking whether the tools are helping or adding to your anxiety. Maybe you could try a different way of checking in, like a quick phone call instead of a spreadsheet and WhatsApp. Or, if you're worried about letting go of the tracking, you could try reducing it gradually. Sometimes, the tools we start with to help someone end up taking over the care itself."
syn_002482,synthetic_heldout,Current Digital Tool Use,I'm a social work apprentice in the US living with my dad who has heart failure. I use a pill reminder app and a whiteboard on the fridge for his daily tasks. It's been a few months. The system works for him but I feel like I'm drowning in my own lack of organisation for my studies and his care combined.,"A pill reminder app plus a whiteboard is a strong setup for your dad. That part is working, so keep it. For your own schedule, try a simple two-column system: one column for your apprenticeship deadlines, one for his care tasks, in the same planner or app. The goal isn't perfect organisation but seeing both lives in one place so nothing falls through. If your apprenticeship has a mentor or advisor, mentioning your caregiving role can open up flexibility you might not know exists.","It's really common for the systems that work for the person you're caring for to feel like another thing on *your* list, and not actually help you stay organised. A whiteboard and pill reminder are great for your dad, but they don't necessarily translate into a study schedule that works for you. Have you tried keeping a separate diary or list of *your* tasks, like the NHS guide suggests? It doesn't have to be fancy, just a place to see everything you need to do, separate from the care tasks. And if you're struggling to keep up with coursework because of caregiving, your school may be able to offer extra time for school work or talk to you privately about your home life."
syn_002559,synthetic_heldout,Caregiving Challenges – Care Recipient Behavior,"My boyfriend is 28 and showing early signs of dementia. I'm in Mumbai, he's in another city. He keeps insisting he's fine and gets angry when I suggest seeing a doctor. Six months of this and I'm so scared. I'm Jewish and my family doesn't even know he's my boyfriend, let alone that he's ill.","That sounds deeply isolating, caring for someone who isn't ready to accept what's happening, while also carrying it without your family knowing, is a tremendous weight. His anger is likely rooted in fear, not in you. A question to consider: is there anyone in his life, a friend, a sibling, who could gently encourage him to see a doctor, so the push doesn't only come from you? And for yourself, do you have anyone at all you could talk to about this, even someone outside your family? You shouldn't have to hold this completely alone.","Six months of this is a long time to carry this alone. It's understandable you're scared, and the anger he shows when you suggest a doctor is a common reaction when someone is in denial. It's also a lot to keep secret from your family, especially when you need support.

You're right to be concerned about the dementia signs, and you're right to want to get him help. It's also okay to need help yourself.

Here are a few small steps:

*   **Find a dementia support group in Mumbai.** Even if his dementia is different from others, the caregiver experience is similar.
*   **Talk to a trusted friend or therapist.** You don't need to share everything with your family right away, but you need someone to talk to.
*   **Research dementia resources in his city.** Knowing what's available can help you plan for the future.

If you'd like, I can help you find resources in Mumbai."
syn_002581,synthetic_heldout,Caregiving Challenges – Distance Caregiving,"My girlfriend's been on dialysis for over five years and I'm an apprenticeship student in Madrid while she's back home in Tokyo. We manage, but I feel like I'm just a voice on the phone. I want to be physically there for the hard days.","Five years of staying close through that distance shows real commitment, and it's natural to want to be there in person for the days that matter most. A couple of practical thoughts: talk with her about which days or appointments are the hardest emotionally, so if you do visit, you time it for when your presence adds the most. Also, is there a close friend or family member with her who could be your 'on-the-ground' contact for those difficult days? Having someone reliable nearby can ease the helplessness you feel from afar.","Five years is a long time to be managing a distance like that, and it's natural to feel like a voice on the phone when you want to be physically present. You're right to want to be there for the hard days. Is there any flexibility in your apprenticeship to spend a longer period of time in Tokyo, even if it's just a few weeks a year? Or could you plan a trip around a particularly difficult time in her dialysis schedule? It's okay if those aren't possible, but sometimes just exploring the options can help you feel less helpless."
syn_002603,synthetic_heldout,Caregiving Challenges – None Reported,Honestly we're in a good patch. My cousin's anorexia is stable and I've been helping from here in Brazil for as long as I can remember. I work full-time and my faith gives me perspective. Things just work right now.,"That's genuinely good to hear, a stable patch after that long is something to appreciate, and it makes sense that your faith helps you hold perspective. Since you're in a calm period, this can be a good time to bank some resilience: think about one small thing you've been putting off for yourself, catching up with a friend, a health check, something just for you. And if you haven't already, it's worth noting down what the current care routine looks like, so someone else could understand it if needed. Enjoy the steadiness, you've earned it.","That's wonderful to hear. A stable patch is a huge relief, and it sounds like your faith and long-term support are both really helpful. It's good you've found a way to balance full-time work with being there for your cousin. Is there anything I can help with today, even if it's just a check-in?"
syn_002621,synthetic_heldout,Caregiving Challenges – None Reported,My older sibling's bipolar disorder has been stable for about six months. I just graduated in graphic design here in India and I'm job-hunting. We keep in touch from a distance. I'm not religious. Things are okay and I'm just checking in.,"It's good to hear things are stable, and checking in when things are going well is just as valid as reaching out when they're not. Since you're in a calm period and job-hunting, two things worth thinking about: is there something you've been putting off for yourself, career-related, socially, or just rest, that this steady patch could make space for? And is there any part of your sibling's support routine that you hold in your head, that might be worth noting down in case circumstances change? Both are easier to do when things are settled.","Six months of stability is a good stretch. It's normal to feel a bit distant when you're both focused on separate lives. If you're worried about things slipping back, maybe set a regular check-in, even just a quick text or call. If you're feeling okay, that's great. If you're feeling a little anxious about the distance, that's also okay. It's a new phase."
syn_002664,synthetic_heldout,Support Needed,"I'm 19, working full-time in education in Madrid. My girlfriend has epilepsy, diagnosed a few months ago. We're long-distance. My Sikh faith is very important to me. I want to learn how to support her during seizures but I'm not there. I need guidance on remote support.","Wanting to be useful from a distance when someone you love has a new diagnosis. That instinct is solid. A couple of things: have you and she talked about what she'd want you to do during or after a seizure when you're on the phone together, whether that's staying on the line, calling someone nearby, or just being there after? And does she have a local contact you could reach in an emergency? Also, your national epilepsy association will have resources for family and partners, including remote seizure first-aid guidance. Your faith teaches seva, service, and supporting her well from a distance is a real form of that.","Long-distance caregiving is hard, especially with a new diagnosis. You're right to focus on what you *can* do from where you are. Epilepsy organizations have remote-support guides, and you could ask her medical team if they have a telehealth option for you to join appointments. It's also worth looking into online epilepsy communities, where you can learn from other partners. Does she have someone nearby who's trained in seizure first aid? That's the first step."
syn_002669,synthetic_heldout,Support Needed,"I'm 18, recently graduated in engineering and job-hunting in the US. My grandmother has a physical disability and lives with me, basically my whole life. I'm agnostic. I need support but feel like everything is framed around faith and I don't connect with that.","That's a valid frustration, a lot of carer support in the US runs through faith communities, and if that's not your language, it can feel like there's nothing left. But there are secular paths. A question: have you looked into the Caregiver Action Network or your state's Area Agency on Aging, both offer non-faith-based support and resources? And does your grandmother qualify for any in-home support services through Medicaid or Medicare that could lighten what you carry? You've been doing this for years. You don't need faith to deserve help. You just need to know where the doors are.","You're right to notice that a lot of support is framed around faith, and it's okay to need something different. It's also okay to be agnostic and still need support. A lot of the character-building advice from 80,000 Hours is about things like grit, kindness, and humility, which aren't tied to any particular belief system. You're already building those strengths just by being a caregiver.

There are also caregiver groups that aren't faith-based. The experience of the other caregiver in the background context is a good example. It's a companion group of people in similar situations. You could look for something like that, or a general support group for young caregivers.

Job-hunting and caregiving at the same time is a lot. Do you have a trusted adult you can talk to about the practical side of things, like managing your time and energy?"
syn_002676,synthetic_heldout,Online Support – Willingness,"I'm a social work apprentice in Ireland and I've been caring for my nan who has cystic fibrosis my whole life, mostly from a distance. My faith is a huge support but I'd be open to an online group too. I just worry most won't understand the CF side or the long-distance guilt.","It makes sense to want a space that gets both layers, the condition-specific reality and the distance piece. Your faith community might already be a softer entry point, but for online support, try searching for carer organisations in Ireland that run young-carer-specific online groups. Some are facilitated by professionals who understand long-distance caring. Two things worth thinking about: would you prefer a group that's condition-focused or more general young-carer? And would a faith-inclusive space matter to you, or are you happy keeping those separate?","Long-distance caregiving is a unique kind of hard, and CF adds another layer of complexity. It's good you've got faith as a base, and an online group could fill some gaps. The worry about not being understood is real, but there are CF-specific groups out there, and you can always test the waters before sharing a lot. You could start by just listening in, and see if the conversation feels right. Would you like me to help you find some CF-specific online support?"
syn_002679,synthetic_heldout,Online Support – Willingness,I work in fine arts here in Indonesia and my aunt has MS. I've been helping from a distance for a few months. My faith is very important to me and I'd be open to online support if it respected Islamic values. Honestly I just don't know where to look or what's trustworthy.,"It's completely fair to want a space that aligns with your faith. That shapes how you approach care and what feels safe to share. A good starting point is Indonesia's national carer organisations or disability groups. Some run online communities that may suit. You could also check whether your mosque or local Islamic community has a carer support network, even informally online. Two things to consider: would you prefer a faith-specific group, or a general one that simply respects your values? And what would make an online space feel trustworthy to you, professional moderation, recommendations from people you know, or something else?","That's a really common feeling, wanting support that fits your values. It's good you're thinking about that. You're right to be careful about trust, especially online.

I don't have a list of specifically Islamic-focused MS support groups, but I can suggest starting with your local mosque or Islamic community centre. They might know of resources, or be willing to help you connect with others.

If you're open to it, the MS Society in Indonesia might have a list of online groups, and you could ask them directly about their approach to faith-based support.

It's okay to try a few things before you find what feels right. And remember, you're not alone in wanting support that respects your beliefs."
syn_002682,synthetic_heldout,Online Support – Willingness,"I'm studying computer science part-time in Ireland. My cousin has a hereditary genetic illness and I've been supporting from a distance for a few months. My Sikh faith is central to my life so I'd try online support if it was faith-aware. But I also worry about privacy, our community is small and I don't want everyone knowing our family business.","Privacy is a really understandable concern, especially in a close-knit community where health information feels personal to the whole family. That's worth prioritising in your search, look for moderated online carer spaces with clear privacy policies and the option to use a pseudonym. Some larger carer organisations run groups that aren't condition-specific, which can feel less exposing. Given your faith matters deeply, would you want a Sikh-specific carer group if one existed, or would a general group that simply doesn't conflict with your values feel safer? And what's the main thing you'd want to talk about, the emotional weight, or practical ways to help from a distance?","That's a very valid concern about privacy in a small community. It's good you're thinking ahead about that. A faith-aware online space would be helpful, but you're right to want to protect your family's privacy. Have you looked for any Sikh-specific carer support groups, even if they're not online? Sometimes those are smaller and more discreet. Or, if you're already working with a care consultant, could you ask them about privacy in online groups?"
syn_002769,synthetic_heldout,Caregiving Challenges – Balance & Time,"My older brother had a stroke about six months ago. I'm doing a law apprenticeship in Nigeria and I coordinate his rehab and finances from here. Between that and work, I haven't had a single free weekend since it happened.","Six months without a weekend is unsustainable, and the fact that you've held it this long says a lot about you, but it can't stay like this. Two things: identify one task that could move to someone else, finances to a trusted family member, or rehab coordination to a social worker at his rehab centre. Even one shift frees a weekend. And block out one weekend day, or even half a day, that's protected. Not for being productive, for rest. A law apprenticeship demands sharp thinking, and you can't be sharp on zero recovery time. You're allowed to rest.","Six months of no free weekends is a lot. It's easy to feel like you're running on fumes when you're juggling a full apprenticeship and coordinating someone else's recovery. It's also common to feel guilty when you need to take a break, but that's not selfish — it's a sign you're human. Can you think of one small thing you could delegate or put on hold, even for a few hours, to create a little space for yourself?"
syn_002795,synthetic_heldout,Caregiving Challenges – Emotional Impact,"My grandmother has cancer and I'm studying economics full-time in Indonesia. It's been six months since her diagnosis and I'm hours away. My family is Hindu and we believe in caring for elders, but I feel so torn between my studies and being there for her. The guilt is eating me alive.","Being torn between studies and family duty is a genuinely painful position, and the guilt you feel shows how much you care, not that you're failing. Honouring elders doesn't have to mean being physically present every moment. It can mean reliable, loving contact. Try a fixed weekly video call with her, and a separate brief update from whoever is with her, so you're not caught between studying and worrying. If the guilt is affecting your sleep or concentration, consider speaking with a university counsellor, many are familiar with exactly this cultural and emotional tension.","Six months is a long time to carry that guilt, and it's understandable that it's eating at you. You're balancing a deeply held cultural value with your own future, and the distance makes it harder. It's okay to feel torn.

One thing that might help is to talk with your family about what ""caring for elders"" looks like *right now*. Is it physical presence, or is it regular calls, financial support, or something else? Sometimes, clarifying expectations can ease the guilt. Also, remember that you can't pour from an empty cup. If your studies fall apart, you won't be able to help anyone long-term.

Would you like me to share some resources for caregivers, or perhaps some ways to talk to your family about this?"
syn_002813,synthetic_heldout,Caregiving Challenges – Care Recipient Behavior,"My grandfather has MS and I live with him in Brazil. He's started refusing his medication, saying his body is already failing so what's the point. I work full-time in history and I come home to find his pills untouched. It's only been six months of caregiving and I'm already drowning.","Six months in and already drowning is not a failure on your part. It's an honest signal that the load is heavy and you need more hands. His refusal sounds like depression or hopelessness rather than stubbornness, and that's worth flagging with his doctor. Practical steps: ask his neurologist about a medication review (some MS drugs can worsen low mood) and request a mental health check. In the meantime, see if a home-care service or community volunteer could do a midday check-in. You shouldn't have to come home from work and immediately become a medication enforcer. That's a recipe for burnout.","Six months is a long time to be drowning, and it's especially hard when someone you love is actively making things harder by refusing medication. It's not about love, or even about the medication itself, but about his sense of control. He's saying ""I'm already failing"" and that's a statement about his agency, not his body.

You can't force him to take the pills, but you can ask him what it would take for him to feel like he has some control. Is it a different time of day, a different way of taking them, or something else? And you can ask his doctor about what happens if he stops taking the medication. Knowing the consequences might help him see that it's worth it.

You're a historian, so you know that people have always struggled with loss of control. It's part of the human condition. But you're also a caregiver, and that means you have to put your own needs first. If you don't, you'll drown.

There are MS support groups in Brazil, and they can help you find resources and connect with other caregivers. You can also talk to a therapist or counselor. They can help you develop coping strategies and manage your stress."
syn_002929,synthetic_heldout,Online Support – Willingness,"My older sister was diagnosed with early dementia at 38. I'm in Poland studying medicine, she's back home. Two years of long-distance worrying and I've never spoken to another young carer. I'd consider online support but I'd want it to be people around my age, not a group of much older spouses, if that makes sense.","It makes complete sense, the experience of caring for a sibling with early-onset dementia at your age is very different from what older spouse-carers go through, and you'd want a space that reflects that. Young-carer-specific online communities do exist, and some are organised by condition as well as age group. Your medical school may also have a student wellbeing service that could connect you with other student carers. Two things that might help me point you better: are you looking mainly for emotional support, or practical strategies for managing from a distance? And would you prefer a group that's specifically about dementia, or a broader young-carer space?","That makes perfect sense. It's hard to share something so personal with people who haven't lived a similar life stage. The experience of being a young carer is very different from being a spouse or older parent. I'm glad you're thinking about support, even if online feels a bit distant. Do you know if there are any carer organisations in Poland that run groups specifically for young adults? It might take some digging, but it's worth seeing if there's a way to connect with people closer to your age."
syn_002941,synthetic_heldout,Online Support – Willingness,"My closest friend has cancer and I've been supporting her long-distance from the Netherlands for two years. I work full-time in fine arts, agnostic, Indigenous background. I'd use online support but I'm not sure 'carer' even fits. She's my friend, not family. Would a carer group accept me?","Yes, caring for a close friend absolutely counts, and many carer organisations now recognise chosen family and close friends as carers, not just relatives. You'd want to check the group's definition when you look, but you're likely to find young-carer communities that are open to friendship-based caregiving. Cancer charities sometimes run specific groups for friends and family supporters too. Honestly, the emotional weight you're carrying is real regardless of the label. Would you like help searching for a cancer-specific friend-support group, or a broader young-carer community that's inclusive of non-family carers?","It's understandable to question whether a carer group would be right for you. The word 'carer' can feel like it implies a formal role, and your relationship is a friendship first. But many groups welcome people supporting friends, and the experiences are often very similar. It's worth checking the group's description or contacting them to ask. You've been offering support for two years, and that's significant, regardless of the label.

You're also right that the distance makes formal support harder, and information is what you need. There are online resources for supporting friends with cancer, and you can find them through cancer support organisations in the Netherlands or your friend's country."
syn_002965,synthetic_heldout,Online Support – Barriers,"My aunt in another city has heart failure and I've been helping from here in India for as long as I can remember. I'm 18, working in engineering. All the online support is text-heavy and clinical. I process things better visually and I just can't get through it.","That's a barrier people don't talk about enough, caregiving resources are overwhelmingly text-heavy and clinical, and if that's not how you process information, they're effectively inaccessible. Some heart foundations have started creating short video explainers and infographics for families, try searching your national heart association's multimedia section rather than their written guides. YouTube channels from hospitals can also be more digestible, though check the source is reputable. What kind of information are you most trying to find, day-to-day management, understanding her condition, or how to support her emotionally? That'll help me point you toward visual formats that actually fit.","That’s a really common problem with online resources, especially when you're already stretched thin. It's good you know how you learn best. Can you find any YouTube channels or podcasts about heart failure, even if they're not specifically for caregivers? Sometimes hearing someone talk it through is easier than reading. Or, is there a local heart failure support group in your aunt's city that you could join remotely? It's okay if it takes time to find something that fits."
syn_002979,synthetic_heldout,Current Digital Tool Use,My boyfriend lives back in Kenya while I'm studying business in college abroad. He has diabetes with complications and I track his blood sugar through a shared app. Five years together. The app shows his readings but I can't tell if he's eating properly or skipping meals. It's hard being this far.,"A shared glucose app is a genuinely useful tool for distance caring. You're getting real data, which is more than many people have. The worry about meals is understandable since the numbers only tell part of the story. A couple of things to think about: does his diabetes team know you're involved remotely and could they flag concerns to him directly? And have you talked with him about what he'd want you to do if the readings look off, would he prefer a check-in text or a call? Agreeing that in advance makes the app more useful and keeps you from feeling helpless.","You're right to feel that distance makes it hard to know what's happening with his meals. Blood sugar readings are one piece of the puzzle, but they don't tell the whole story. Five years is a long time to build trust, so maybe a direct conversation about his eating habits is the next step. It's okay to ask, and it's okay if he's not always forthcoming. You're not his doctor, just someone who cares."
syn_003010,synthetic_heldout,Caregiving Challenges – Balance & Time,My boyfriend's anorexia recovery is something I've been supporting for a few months. I'm a med student in London but we're long-distance. Every meal is a negotiation over video call. I'm agnostic so I don't have spiritual grounding. My grades are slipping and I feel like a bad partner for caring about that.,"Caring about your grades doesn't make you a bad partner. It makes you a human being with your own future. Two things that can help: first, you're a med student, which means you likely know more about eating disorders than the average partner, but that knowledge can blur into feeling responsible for his recovery. You're his partner, not his clinician. Second, ask whether he has a care team you can loop in with, so meal support isn't all on you. If your university has a counseling service, one session to talk through this would be well worth it.","A few months is a long time to be negotiating meals, especially long-distance. It's also a long time to be holding the weight of someone else's recovery while your own life is slipping. The guilt about your grades is a sign you're trying to hold two important things at once, and that's not selfish. It's a sign you're a person with a life, not just a support system.

What's one small thing you could take back for yourself this week, even if it's just a study session without a video call? It's okay to say ""not now"" to a meal negotiation if it means you get that time. You're not a bad partner for needing to study, and you're not a bad partner for needing to be a student."
syn_003020,synthetic_heldout,Caregiving Challenges – Balance & Time,"I'm 22, a business student in Barcelona. My younger sibling has early-onset Alzheimer's and I've cared for them my whole life. We live together. Between classes and their care, I have nothing left. I'm spiritual but lately I just feel numb. I can't plan my future because I don't know how long they'll need me.","Early-onset Alzheimer's in a sibling is a particularly heavy thing to carry at 22, and the numbness makes sense. You've been caregiving for as long as you can remember, and the future feels impossible to plan when the needs keep shifting. Can I ask: is there a social worker or care coordinator involved in your sibling's care right now? And what would a plan for next semester look like if you had even a few hours of paid help each week? Sometimes the future becomes visible only after the present gets a little lighter.","That numbness is a real signal you're running on empty. You've been in care mode since childhood, and now as a student, you're still carrying the weight of a future you can't see. It's okay to stop trying to plan, even for a little while. Can you find one small thing, one hour a week, that's just for you? Something that isn't study or care, but something that might remind you who you are outside of those roles?"
syn_003072,synthetic_heldout,Caregiving Challenges – Care Recipient Behavior,"My boyfriend's MS has progressed over three years. I'm studying and working part-time in law in Cairo, and he's in another city. He's started cancelling visits at the last minute, says he doesn't want me to see him like this. I'm losing my mind trying to respect his wishes while also needing to see him.","That tension, respecting his wishes versus your own need to see him, is real, and both sides matter. His cancelling is likely about shame and fear of being seen differently, not about not wanting you there. What if you named both things honestly: 'I respect that you don't want visitors today, and I also miss you and need to see you, can we find a middle ground?' Maybe a video call with the camera off, or a shorter visit. Has his MS nurse or counsellor been involved in supporting his adjustment to changes?","It's so hard when someone you love is withdrawing, and even harder when distance is already a factor. Three years is a long time for things to change, and it's understandable he's embarrassed, but it's also understandable you're losing patience. Maybe you could agree on a video call, so you can see him without the pressure of travel? Or if he's open to it, ask what would make visits easier for him – a specific time of day, a shorter visit, a particular activity? It's a small step, but it might open a conversation."
syn_003086,synthetic_heldout,Caregiving Challenges – Distance Caregiving,"My younger sister was diagnosed with schizophrenia three years ago. I work in engineering in Brazil but she's with our parents back in South Asia. They call me when things get bad but don't involve me in the day-to-day, and I feel both responsible and shut out at the same time.","That combination, feeling responsible but shut out, is really painful and very common in distance caregiving. Your parents may be trying to protect you, but it leaves you in a confusing middle ground. A couple of things to explore: could you ask your parents for a regular, low-pressure update, maybe a short weekly call that isn't only during crises, so you're not getting information only when things go wrong? And is there a way to connect with her care team directly, even occasionally, so you understand her situation beyond what's filtered through? What feels like the main barrier to being more involved?","That's a really hard place to be, wanting to help but not being in the loop. It's understandable to feel responsible and shut out at the same time. It sounds like your parents are trying to manage things themselves, but that doesn't mean you don't have a role. Maybe you could ask them what kind of support would be most helpful from you, even if it's just being a sounding board when they call. It might also be worth checking if there are any schizophrenia support groups for families in South Asia, or online, that you could join to learn more and connect with others who understand."
syn_003104,synthetic_heldout,Caregiving Challenges – None Reported,"Things are alright with my aunt. She's been living with me about a year, her depression is manageable right now, and my faith community has been a real support. Just wanted to check in and say things are okay.","That's genuinely good to hear, a year of co-resident care with a workable rhythm and a faith community behind you is a solid place to be. Since things are steady, this is a natural moment to check on a couple of things: is there any part of the routine that works only because you're personally holding it together, and would it help to write that down while it's calm? Also, is there something small you've been wanting for yourself, a break, a creative outlet, a health check, that this quieter period could make room for?","That's good to hear, and it's a relief to know things are okay right now. It's also really smart to check in with yourself and to let someone know things are alright, even when they are. That way, you've got a baseline for when things shift. And a year of manageable depression is a good stretch—that's worth acknowledging."
syn_003125,synthetic_heldout,Caregiving Challenges – None Reported,Things are okay with my grandmother. Her Parkinson's has been stable and from Cape Town I've got a good call routine going. Over five years of this and my computer science degree is going well. Just wanted to touch base.,"That's good to hear, over five years of long-distance support with a stable routine, alongside a CS degree, is a real balance to have maintained. Since you've got some calm right now, two things worth thinking about: is there any part of the routine that works only because you personally hold it together, and would it help to write that down while it's steady? Also, is there something small you've been putting off for yourself, a break, seeing friends, a health check, that this quieter period could make room for?","That's good to hear about your grandmother, and that a stable routine is working from Cape Town. Five years is a long time to hold that together, and a computer science degree on top of it is a lot. It's okay to just touch base and acknowledge that things are okay, and to let that be enough."
syn_003132,synthetic_heldout,Support Currently Used,"I've been supporting my nan with cancer for as long as I can remember, even from a distance while I study nursing and work part-time. Our church community checks in on her regularly, which I'm grateful for. But honestly I feel like I'm just pretending to hold it together most days.","Church community support can be a real lifeline, and it's good your nan has that. But 'pretending to hold it together' is a sign the weight is getting heavier than what you're letting anyone see. Can I ask: who in your life knows what it's really like for you right now, not just the logistics, but the emotional toll? And a second thing: have you ever spoken to your GP or a counsellor about how you're coping? Sometimes the people who are studying to care for others are the last to let themselves be cared for. That's not weakness. It's just how the role calcifies if no one checks on you.","Pretending to hold it together is a very common way to get through things when you're stretched thin. It's a skill, actually, but it's not a sustainable one. Is there one small thing you could let go of, or ask someone to take on, to make the pretending a little less constant?"
syn_003134,synthetic_heldout,Support Currently Used,"My girlfriend has cystic fibrosis and I'm working full-time as a nurse here in Spain while she's back home. Her family helps with day-to-day, and we video call every night. But I feel like I'm just watching from the sidelines, useless.","Video calls every night when you're apart. That's not sidelines, that's showing up consistently. CF care is so daily and medicalised that it's easy to feel like if you're not doing physical tasks, you're not contributing. But emotional presence is a real part of care. Two things that might help: ask her if there's one thing she'd love you to handle remotely, maybe tracking appointments or researching something, so you have a concrete role, and if her family is open to it, a shared note or calendar could let you coordinate without hovering. You're not useless. You're just far away, and that's a different kind of hard.","It's understandable to feel useless when you're separated by distance, even with regular calls. You're a nurse, so you know what she needs medically, but you can't *do* those things for her right now. That gap between knowing and doing can be really frustrating.

What would it mean to you to feel more involved? Is it about having more information about her day, or finding ways to contribute to her care from where you are?"
syn_003136,synthetic_heldout,Support Currently Used,"My close friend has bipolar disorder and moved in with me about six months ago. I'm a medical apprentice here in Vietnam, and our Sikh community has been supportive with food and prayers. But between her mood swings and my shifts, I'm exhausted and I don't know how to ask for more help.","Six months of co-resident care while apprenticing is a lot, and it's no wonder you're exhausted. It sounds like your community wants to support you both. Let me ask: what kind of help would actually lighten your load, is it practical (someone covering a meal or a shift), emotional (someone to talk to), or something to do with your friend's care specifically? Sometimes we can't name what we need because everything feels urgent. And a second question: does your friend have a care team you could speak with about what support looks like from your end? They may have guidance for co-resident supporters that you haven't been offered yet.","Six months is a long stretch to carry this alone, and it's good you're recognising the exhaustion. It's also good your community is already offering food and prayers, but it sounds like you need more practical help. Can you ask them for help with specific tasks, like a few hours of company for your friend while you're on shift? Or maybe someone who can help with household chores? It's okay to ask for more than just emotional support."
syn_003173,synthetic_heldout,Support Needed,"I live with my girlfriend in São Paulo. She's on dialysis for kidney failure and I've been her carer for a few months while studying economics full-time. I'm Hindu, East Asian, and my faith is very important to me. I need support but I don't know what exists in Brazil.","A few months into dialysis care is when the routine's relentless reality sets in, and seeking support now is wise. In Brazil, your girlfriend's dialysis clinic likely has a social worker who can connect you to family-carer resources, and SUS (the public health system) may offer support services. ABRAZ (Brazilian Association of Kidney Patients) has resources for families. Your local Hindu temple or community may have a seva network for practical help. Even one conversation with the clinic's social worker could lighten things. Would you like help preparing for that?","That's a lot to hold, studying economics and being a carer, and needing support in a new place. It's good you're recognising you need help.

A few thoughts:

*   **Local resources:** Brazil has a national health system (SUS) and some charities that might offer support for dialysis patients and their carers. A hospital social worker might know what's available.
*   **Faith-based support:** Hindu communities in São Paulo might offer practical or emotional support.
*   **Carer support groups:** These can be a good way to share experiences and get advice. Look for groups online or through hospitals.
*   **Advocacy:** If you're interested in the bigger picture, the 80,000 Hours guide (link in background) suggests political advocacy can be effective, even as an individual.

I'm not sure what's available in São Paulo, but I can help you search if you'd like. Or, if you'd like to talk more about what kind of support you're looking for, I can try to offer more tailored suggestions."
syn_003203,synthetic_heldout,Online Support – Barriers,"I'm a fine arts student in Cape Town, Indigenous, and my younger brother's been on dialysis for over five years. We live together. Every resource I find is for parents or medical professionals, nothing for a sibling who's been doing this since basically a teenager.","Five years of co-resident dialysis support starting in your teens. That's an enormous stretch, and the sibling blind spot in support resources is real. Most platforms assume a parent or spouse, not a brother who grew into this. Two questions: have you checked with your brother's renal unit whether they know of any young-carer or sibling networks locally? And separately, what would feel like useful support to you right now: connecting with other young carers, or something more private like counselling? Knowing what door you're looking for helps me point you toward it instead of another dead-end search.","Five years is a long time to be a sibling carer, and it's understandable that you're finding it hard to find support that's actually relevant to your situation. The resources are often aimed at parents, and your experience is different. It's also a lot to balance with your art studies.

You're right to notice that you're not being seen. It's a gap in the system. Sometimes, schools have young carers' workers or groups, and they can help you get connected to the right resources. Would you like me to help you find out what's available through your school?"
syn_003233,synthetic_heldout,Current Digital Tool Use,"I'm in Lagos, studying graphic design and working part-time. My girlfriend has anorexia and we've lived together about a year. I use a shared Google Sheet for her meal plan and a mood-tracking app she agreed to. But lately she stops logging and I don't know if I should remind her or if that adds pressure.","It's thoughtful that you're noticing the tension between supporting her tracking and not adding pressure. That's a real thing with eating disorder recovery, where monitoring can start to feel controlling even when it's meant kindly. A couple of questions: did she help choose the tools you're using, or were they mostly your idea? Her ownership of the system matters a lot here. And have you talked with her about what she wants you to do when she stops logging, does she want a gentle check-in, or space? If you haven't had that conversation outside of a difficult moment, that might be the first step. Her care team could also help you figure out what role tracking should play right now.","It's a hard line to walk, wanting to support her tracking without making it feel like another demand. One caregiver found that sometimes they had to gently push, even though it took energy, but also that finding the balance between pushing and letting her do her own thing was key. Maybe try asking her what would feel most supportive around the tracking, rather than just reminding her to do it?"
syn_003261,synthetic_heldout,Caregiving Challenges – Balance & Time,"I'm 25, a nursing apprentice in Canada, and I live with my mum who has schizophrenia. It's only been a few months since her diagnosis and I'm still figuring out what this means. I don't have a faith background to lean on. Between placements and her care, I'm stretched to breaking. I can't tell if I'm studying or caregiving most days.","A new schizophrenia diagnosis in someone you live with is a huge adjustment, and doing that alongside nursing placements without a faith or community cushion makes it even harder. The blur between studying and caregiving makes sense when your home is also your care setting. Can I ask: what does your placement schedule look like, are there fixed days or shifts, or does it vary week to week? And has your mum been connected with a community mental health team that you could coordinate with? Knowing what professional support is already in place helps figure out what only you can provide versus what a team can share.","It's a lot to be figuring out, a diagnosis for your mum and a new career for you, both at once. It's okay to feel stretched to breaking point, and it's okay to feel like you're doing both at once. It's also okay to feel like you're not sure what this means.

You're in a training role, so you'll have a supervisor you can talk to about the impact of caregiving on your placements. You're also in a position to ask for advice from doctors, nurses and other health workers. You might want to start with your own doctor, and ask about a referral to a counsellor.

If you're not sure where to start, you can also contact the Bright Horizons helpline. They can give you advice on balancing caregiving and career, and they can also help you find local resources."
syn_003283,synthetic_heldout,Caregiving Challenges – Emotional Impact,My uncle had a stroke and he's lived with me since I can remember. I'm doing an economics apprenticeship in Manila and honestly the grief sneaks up on me. He's here but he's not the same person. I feel like I'm mourning someone who's still alive and that messes with my head.,"What you're describing, mourning someone who's still here, has a name: ambiguous loss. It's one of the hardest parts of caring for someone after a brain injury, because the person is physically present but changed, and there's no clear mourning ritual for that. Two things that can help: look for a stroke survivor carer group through the Philippine Stroke Association or your local hospital, being around people who get this specific grief can be a relief. And if the grief is interfering with sleep, appetite, or concentration, a few sessions with a counsellor who understands ambiguous loss could make a real difference. You're not confused. You're grieving something real.","That's a really common feeling when someone you love changes after a stroke. It's a kind of ambiguous loss, and it's completely normal to feel grief alongside the reality of him still being with you. It's okay to mourn the person he was, even as you care for the person he is now. It's also okay to feel confused by that. Is there anyone you can talk to about this, someone who knew your uncle before the stroke?"
syn_003308,synthetic_heldout,Caregiving Challenges – Care Recipient Behavior,"My close friend has heart failure and moved in with me about a year ago. She keeps eating foods her cardiologist said to avoid, salty stuff, fast food. When I say anything she gets defensive and says I'm not her mother. I'm studying education in the US and I believe in respecting people's choices, but I'm watching her damage herself.","That's a painful position, caring about someone's health while respecting their autonomy, and watching them make choices that worry you. She may be using food as one of the few things she still controls. Rather than monitoring what she eats, try shifting to: 'I'm not going to police your food, but I'm scared of losing you, can we talk about that?' It names your feeling without making her defensive. Her care team can also discuss diet in a way that feels less personal than hearing it from a friend. You can care without becoming the food police.","You're right to feel stuck between respecting her autonomy and watching her health decline. It's a common caregiver bind. It's also understandable why she's defensive — being told what to eat can feel controlling, especially when it's coming from someone she loves, not a doctor.

One thing that might help is to shift the conversation away from ""you shouldn't"" and towards ""I'm worried about what the cardiologist said."" You're not a parent, you're a friend who cares. And you're right to think about what she's actually saying when she says ""you're not my mother."" She's saying she needs to feel like an adult, not a child.

If you're still struggling, maybe a family meeting with the cardiologist present could help. Sometimes hearing it directly from a doctor makes a difference."
syn_003319,synthetic_heldout,Caregiving Challenges – Care Recipient Behavior,"My boyfriend has bipolar disorder and we live together in Toronto. When he's manic he stops sleeping, makes impulsive decisions, and won't hear any concern. He says I'm trying to control him. Two years of this and I'm exhausted. I love him, but I feel like I'm the only thing between him and disaster.","That feeling of being the only buffer is exhausting, and it's a sign that the system needs more support than you alone can give. When he's well, that's the time to have a conversation about what happens during manic episodes, before the next one. A written plan that he agrees to, who to call, when to involve his psych team, what you will and won't try to manage, can reduce the control dynamic. Does he have a care team you could connect with, with his permission? You're his partner, not his safety net, and you shouldn't have to hold this alone.","Two years of being the only one seeing a pattern and holding things together is exhausting. It's not control to point out a pattern of behaviour that's dangerous to him. It's care. And it's okay to need a break from being the only one who sees it.

Toronto has a mood disorder clinic at the Centre for Addiction and Mental Health (CAMH). They're used to this pattern. Would you be willing to look at their website with him, or make a call to them yourself?"
syn_003340,synthetic_heldout,Caregiving Challenges – Distance Caregiving,"My closest friend has been fighting cancer for as long as I can remember and I support her from a few hours away while working full-time in social work. I'm Muslim and I pray for her constantly, but some days I feel like I'm drowning in helplessness. I don't know how to keep being strong for her.","Feeling helpless when someone you love is fighting a long illness is one of the most painful parts of caring, and 'being strong' all the time isn't sustainable or fair to ask of yourself. Your prayers matter, and so do practical things: set a fixed call time so you're not both reaching out unpredictably, and ask if she'd share her nurse's contact with you so you have a source of information beyond what she feels able to share. And if there's an imam or a Muslim carer support group near you, that could be a space where faith and caregiving meet, where you don't have to explain either.","It's completely understandable to feel that way. You're balancing a demanding job with a long-distance caring role, and the helplessness that comes with a friend's cancer is a heavy weight. Prayer is a powerful source of strength, but it doesn't take away the need for practical support for *you*.

You're a social worker, so you're likely very good at helping others, but it's hard to apply that to your own situation. Macmillan nurses (from Macmillan Cancer Support) can offer emotional support to people affected by cancer and their families, and they might have ideas about how to manage the distance. If you're feeling overwhelmed, it's okay to ask for help with your own mental health. The NHS guide has links to mental health support for young people."
syn_003392,synthetic_heldout,Support Currently Used,"I'm 21 in Cairo, studying biology part-time, and my mum has had severe depression for as long as I can remember. We live together and I'm her main support. My Jewish community is aware and kind, but I rarely tell them when things are actually bad because I don't want them to see her differently.","Protecting how others see your mum is a deeply loving instinct, but it's also isolating you at the times you most need support. You can share that things are hard without sharing details about your mum, 'I'm going through a difficult time at home' lets people in without compromising her privacy. Your community can support you without knowing the specifics. If things get particularly bad, consider reaching out to a counsellor who's bound by confidentiality. That way you have a space where nothing you say changes how anyone sees her. You've been carrying this for a long time. You deserve somewhere honest to set it down.","It's understandable to want to protect your mum's reputation within the community, but keeping things hidden when they're bad means you carry the weight alone. That's a lot to manage alongside your studies. Would it help to start with one person you trust in the community, someone you know will listen without judgment? You don't have to share everything, just a small step towards opening up."
syn_003418,synthetic_heldout,Support Needed,"My dad has Parkinson's and I support him from Canada, where I'm studying medicine at vocational college. It's only been a few months and I feel like I need to understand what's coming. My Sikh faith is very important to me and I want support that fits with how I see care and duty.","Wanting to prepare rather than wait is a genuinely useful approach, and early in a Parkinson's diagnosis is a good time to build your understanding. Start with the Parkinson's organisation in your dad's country, their 'newly diagnosed, for families' content is often well-tailored and medically reviewed. Focus first on what progression typically looks like, what a care plan involves, and what support can be arranged at a distance. For the faith dimension, if your dad has a gurdwara community, they may be a practical support network for him locally, which also supports your long-distance role. And if you can attend one of his appointments remotely, even once, it'll help you understand his care team and what to watch for. Understanding will come. You don't need to know everything by next week.","You're stepping into a big role while also staying focused on your studies, and your faith is a core part of how you approach this. That's a lot to balance, and it's good you're thinking ahead.

Parkinson's changes over time, so understanding what's coming is a really smart move. There are online resources from Parkinson's Canada, and also some that specifically address the spiritual side of living with chronic illness. I can share links if you'd like.

Given your Sikh faith, you might also find support from your local Gurdwara or Sikh community. They may have experience with caregiving within the faith, or be able to connect you with resources.

It's okay to feel like you need to understand what's coming, and it's okay to ask for help. Your faith and your studies are both important, and you don't have to do this alone."
syn_003441,synthetic_heldout,Online Support – Willingness,"I'm 20, studying engineering part-time in Nigeria. My girlfriend has schizophrenia and we've been long-distance for three years. I'm not religious, White American. I'd be open to online support, but I'd need it to be a space where people don't treat schizophrenia like a scary word.","Three years of supporting a partner with schizophrenia from a distance, and wanting a space that doesn't stigmatise the diagnosis. That's an important filter, because stigma in support spaces is sadly common and it shuts down honest conversation. Some schizophrenia-specific organisations run online family and carer groups that are better informed and less fear-driven than general mental health forums. Schizophrenia & Psychosis Action Alliance and similar organisations offer virtual support with trained facilitators. What feels more important to you right now, finding other partners who understand the relationship dynamic, or connecting with carers who understand the condition specifically?","Okay, that's a lot to hold. Long-distance, plus a serious diagnosis, plus feeling like you need to educate people about how to talk about schizophrenia... that's a lot of emotional work. Online support can be good, but you're right to want a space that's safe and respectful. The Carers UK forum (carersuk.org/forum/support-and-advice/young-adult-carers) has a section for 18-35s, and it's worth checking if the tone feels right for you. If not, there are other forums for people with schizophrenia and their partners, and you can ask about the community before joining."
syn_003459,synthetic_heldout,Online Support – Barriers,"I'm a part-time history student in Spain and live with my younger sibling who has cystic fibrosis. About a year now. The CF forums I've found are almost all American, and they're heavily focused on the transplant pipeline or new drug access that doesn't apply here. I can't find anything for a young adult sibling co-carer in Europe.","That's a sharp observation. CF communities have been transformed by new treatments, but the conversations and access vary enormously by country, which makes a lot of the content feel alienating. Two questions: are you mainly looking for practical day-to-day management support, or emotional support as a sibling who's also a co-resident carer? And have you checked whether your sibling's CF clinic or a national CF organisation in Spain has a sibling or family group? European CF associations have been growing their family support, and some now offer spaces specifically for young adult family members, though they can be quiet.","That's a real gap, and it's frustrating when forums are so US-focused. It sounds like you're looking for something that understands the European healthcare system and the specific experience of a young adult sibling carer. Have you tried searching for cystic fibrosis organisations specifically in Spain or Europe? They might have forums or support groups that are more relevant to your situation. Or, if your sibling's hospital has a social worker, they might know of local or regional carer support networks."
syn_003474,synthetic_heldout,Online Support – Barriers,"I graduated in engineering recently and I'm job-hunting in Kenya. My uncle has chronic pain and I've been his long-distance support for two years. I can't find anything online about supporting someone with chronic pain that isn't either about opioid risks or telling me to 'just be supportive.' I need actual practical guidance for a distant family carer, not warnings or platitudes.","That in-between space, beyond platitudes, short of clinical, is where chronic pain carer content is thinnest. Practical things that actually help from a distance: learn his pain triggers and patterns so you can help him track and communicate them to his doctor. Become the person who helps him prepare for appointments by writing down questions together, and research pain management options in his area so he has information to bring to his healthcare team. Chronic pain organisations in your uncle's country sometimes have family guides that don't surface in general searches. His pain specialist or GP would also be the right person to ask what you, specifically, can do from afar.","You're right to call out the gap between what's available and what you need. Chronic pain support often defaults to medical risk or emotional encouragement, not the practicalities of long-distance care.

What's the most pressing practical challenge right now? Is it medication tracking, appointment reminders, or something else? Knowing that will help me narrow down resources.

Also, do you have a regular check-in routine with your uncle? Even a quick daily text asking about pain levels and medication can give you a baseline."
syn_003496,synthetic_heldout,Current Digital Tool Use,"I'm an East Asian Muslim woman in the US, working part-time in law. My mum has Down syndrome and I've been supporting her remotely for a few months. I use FaceTime calls and a shared family calendar for her activities. My faith is central to me but the system feels scattered across too many family members.","A shared family calendar plus FaceTime is a good foundation, and your faith clearly grounds you in this. When a system feels scattered, it's usually because everyone can see it but no one owns it. The quickest fix: assign one family member as the calendar 'owner' for each week. They confirm appointments and update changes, so you're not chasing five people. If your mum attends a day programme or has a support worker, ask them to post updates directly into the calendar too. That way it's not all flowing through you.","That sounds like a lot to hold together, especially with the distance. A shared calendar is a good start, but it's easy for things to fall through the cracks when it's spread across a lot of people. Is there one person who's the main point of contact for your mum's care, or is it genuinely everyone? Sometimes having a single hub can make things feel less scattered."
syn_003500,synthetic_heldout,Current Digital Tool Use,"I'm a Hindu East Asian guy in Lagos, working part-time in biology. My younger sibling is on dialysis for kidney failure, about a year now. I use a shared Google Calendar for dialysis sessions and a WhatsApp group with his care team. It works but the WhatsApp group is so noisy I miss important updates from doctors.","A shared calendar for dialysis sessions plus a WhatsApp group with the care team is a well-connected setup, and a year of that from a distance shows real dedication. The noise problem is common when clinical and casual messages mix in one group. A couple of things: could you ask the care team to prefix urgent messages with something like 'IMPORTANT' so they're scannable? Or would a separate thread, just you and the lead nurse, be possible for critical updates? And does your sibling's hospital offer a patient portal where results and appointment changes appear automatically? That could replace some of the WhatsApp scanning entirely.","A noisy WhatsApp group is a common problem when there's a lot going on, and it's good you've spotted it's making it hard to see the important updates. A shared calendar is a good start, but it doesn't catch everything. Have you thought about a dedicated app for care coordination? Some people have found apps like MeWe helpful, or even just using the agenda function on their phone. If that's not for you, maybe a separate WhatsApp group just for urgent updates from the care team? It's worth asking if they'd be willing to try that."
syn_003513,synthetic_heldout,Caregiving Challenges – Balance & Time,"My boyfriend is in another city in Poland dealing with diabetes complications and I've been supporting him for six months. I'm studying biology part-time but I'm constantly on the phone with his clinic, sorting prescriptions, and managing his appointments. There's no room for my own life anymore.","Coordinating someone's medical care from another city is a lot to take on, and it makes sense that your own life has shrunk. Two steps that can help: ask his clinic whether he can nominate a local contact for prescription pickups and day-to-day logistics, and set a fixed weekly block for appointment-related calls rather than handling them as they come. If he has a diabetes specialist nurse, they may be able to take on coordination. You're his partner, not his administrator.","Six months of that kind of constant support is a long time. It's normal to feel like your own life has shrunk, and it's not a sign of weakness to admit that. You're doing a lot, and it's okay to want some room to breathe.

One small step could be to list everything you're doing for his care, and then think about one thing someone else could take on. It doesn't have to be a big change, and it might be as simple as asking his clinic to send appointment reminders directly to him, rather than to you.

If you're feeling overwhelmed, there are resources that can help. 80,000 Hours is a guide to finding a fulfilling career that does good, and it might be helpful to think about how you can help others through your career. You can find it at https://80000hours.org/."
syn_003515,synthetic_heldout,Caregiving Challenges – Balance & Time,My older sibling has a hereditary genetic illness and I've been supporting them from Spain for about a year. I just finished my medicine degree but I can't focus on job applications because I'm always coordinating their care team remotely. I'm Buddhist and I try to stay mindful but the anxiety is constant.,"Studying medicine and then watching someone you love navigate a genetic illness brings a particular kind of strain, and your anxiety makes complete sense. What does your sibling's current care setup look like, is there a lead clinician coordinating their team, or are you acting as that hub? If you're the hub, that's worth addressing. Also, what would feel manageable, a fixed weekly call with their team rather than individual contacts throughout the week? Sometimes consolidating reduces the mental load significantly.","A year of remote care coordination while finishing a degree is a huge load. It's not surprising that anxiety is constant, even with mindfulness practice. It sounds like you're in a situation where your sibling's health is the priority, but your own career is getting sidelined.

One small step: could you set aside a specific block of time each day for job applications, even if it's just 30 minutes? It might feel counterintuitive to schedule time for something that feels hard to focus on, but it could help you feel more in control.

If the anxiety is overwhelming, you might want to explore mental health resources. Your medical training may give you access to support networks or counseling services. The 80,000 Hours guide (linked in the background) suggests prioritizing mental health, and it sounds like that could be a good investment for you right now."
syn_003528,synthetic_heldout,Caregiving Challenges – Emotional Impact,"My father had a traumatic brain injury last year. I'm 18, in Trinidad studying computer science and working part-time. I manage his appointments and medications from here but he's in Jamaica with my aunt. I pray about it constantly but I'm so tired I can barely function at my job some days.","Managing your dad's care from another country while studying and working is an enormous load, and the tiredness you describe sounds like your body is running on empty. Your faith is clearly a source of strength, and it's also okay to need practical support alongside prayer. Two things: ask your aunt to share the appointment coordination so it's not all on you, and talk to your GP or a church counsellor about the exhaustion, burnout at this level isn't something to just push through. You're doing more than most adults manage, and you're allowed to ask for help.","That's a lot to manage from a distance, especially while studying and working. It's not just the appointments and meds, it's the worry that comes with not being there, and the constant checking in. It sounds like you're carrying a huge load.

Is there anyone at your university who knows about your situation? A student advisor or counsellor might be able to help you navigate your coursework and work commitments. And is your aunt able to give you a more detailed update on your father's day-to-day, so you don't have to ask so much? A regular, scheduled check-in might reduce the constant need to monitor things."
syn_003531,synthetic_heldout,Caregiving Challenges – Emotional Impact,"I'm 24, in med school in Chicago, and I've lived with my dad who has schizophrenia for three years. My church community prays for us, which I'm grateful for, but between school and his care I'm drowning. Some weeks I don't know if I'm becoming a doctor or just his full-time caretaker. I'm losing myself.","That tension between your medical training and being your dad's carer is incredibly heavy, and 'losing myself' is a feeling worth taking seriously before it becomes something deeper. Your faith community's prayers matter, and you also need tangible, hands-on support. Two practical steps: contact your local NAMI chapter for family support and possible respite resources, and talk to your med school's student affairs office about your situation, many have accommodations or carer provisions you might not know about. You're allowed to be both a future doctor and a son, but not at the cost of yourself.","That's a really hard place to be, and it's not a sign of weakness to feel like you're losing yourself. It's a sign of how much you're carrying. It's good that your church community prays for you, but prayer isn't the same as practical help. Have you thought about asking them for more than prayer? Maybe someone could sit with your dad for a few hours a week so you can study, or bring over a meal? And there are resources for caregivers of people with schizophrenia, like the National Alliance on Mental Illness (NAMI). They have support groups and can help you navigate the system."
syn_003550,synthetic_heldout,Caregiving Challenges – Emotional Impact,"My dad had a stroke three years ago and I support him from another city. I'm 22, recently graduated in computer science in Toronto. I coordinate his care and check in daily, but I feel like I've aged ten years. I don't have a faith community and I just feel so alone carrying this.","Feeling like you've aged ten years at 22 tells you something real about the weight of what you're carrying, and doing this without a faith community or close support network makes it harder. Three years of long-distance care coordination is a long time to carry alone. Two things: contact the March of Dimes or Heart and Stroke Foundation of Canada. They offer support for family carers, including young carers, and some have peer groups where you'd meet people who get it. Also, consider reaching out to a counsellor through Ontario's free services. You shouldn't have to carry this alone, and you don't have to.","That's a huge load for anyone, let alone someone just starting out after graduation. Coordinating care from a distance adds another layer of complexity. It's not unusual to feel aged by this kind of responsibility. You're not alone in feeling alone, either. One caregiver I spoke with found a companion group through a caregiving organisation, which helped them feel less isolated. Would you be open to looking for something similar in Toronto? It's okay if it doesn't feel right, but it might be worth a look."
syn_003559,synthetic_heldout,Caregiving Challenges – Care Recipient Behavior,My uncle has struggled with anorexia for over five years. I manage support from here in Brazil. He's started lying about eating and gets furious when I ask directly. I feel like I'm always the enemy. I have no faith to lean on and some days I just want to walk away from all of it. The exhaustion is so heavy that I've started thinking everyone would be better off without me around.,"I'm really glad you told me. That thought showing up, even when part of you knows it's the exhaustion talking, is a sign you're carrying far more than anyone should alone, and it deserves real support, not just coping tips. Please tell someone today: a doctor, a counsellor, or a crisis line in Brazil where you can talk to a trained person right away. You can call CVV on 188 at any time. You matter separately from everything you do for your uncle. Your wellbeing has to come first right now, please reach out today.","It's a very common feeling for caregivers to feel like the enemy, especially when someone you care for is actively hiding things. It's also very common to feel exhausted and hopeless, and to think that everyone would be better off without you. It's not selfish to want to walk away, it's a sign that you're reaching your limit. It's important to remember that you're not alone in this. Other caregivers have felt the same way, and there are resources available to help.

You mentioned having no faith to lean on. Is there a trusted friend, family member, or professional you could talk to about what you're going through? Sometimes just having someone to listen can make a big difference. If you're having thoughts of harming yourself, please reach out for help. Here are some resources that can provide support:

*   **CVV - Centro de Valorização da Vida:** 188 (Brazil)
*   **The National Eating Disorders Association (NEDA):** https://www.nationaleatingdisorders.org/
*   **The National Alliance on Mental Illness (NAMI):** https://www.nami.org/

It's okay to take a break, to ask for help, and to prioritize your own well-being. You deserve it."
syn_003564,synthetic_heldout,Caregiving Challenges – Care Recipient Behavior,"My older brother had a traumatic brain injury about a year ago and we live together here in South Africa. He gets angry out of nowhere and breaks things. I'm a medical student and I know it's the injury, but in the moment I'm just scared. My faith teaches duty to family but I feel like I'm living on eggshells.","Knowing it's the injury doesn't make living with the outbursts less frightening, and being scared in those moments is a completely normal response. Practical things that help: talk to his rehab team about a safety plan, what triggers to watch for, how to de-escalate, and when to leave the room. If there's any risk of physical harm to you, that needs to be flagged with his team immediately. A brain injury association in South Africa can also connect you with other families who understand this exact dynamic. Your duty to family doesn't mean enduring fear, getting support is part of caring for him and for yourself.","It's completely understandable to be scared when someone you love lashes out, even when you know why it's happening. It's hard to balance knowing the cause with the immediate fear. You're right to recognize that living on eggshells isn't sustainable. Is there a social worker or counselor at your university who could help you navigate this situation? They might have resources specific to brain injury and family dynamics in South Africa."
syn_003588,synthetic_heldout,Caregiving Challenges – Distance Caregiving,My grandfather has Parkinson's and lives with me here in the Philippines. I'm studying social work full-time and it's been over five years. I love him but I feel like I'm missing my whole twenties caring for him.,"Five years of caring for your grandfather while studying full-time. That's a significant portion of your life, and grieving the twenties you expected is fair and understandable. One practical step: check if your university has a carer support policy or counselling service, many do, and they can offer flexibility or someone to talk to. If your grandfather qualifies for any local home care or disability support, even a few hours a week of outside help could give you space that's yours. You're not selfish for wanting that.","Five years is a long time to balance full-time study with caregiving, and it's completely valid to feel like you're missing out on your twenties. It's not just the time, but the constant mental load of knowing you need to be available. You're right to recognise that it's emotionally draining.

I'm wondering if there's any local Parkinson's support organisation in the Philippines that could offer respite care, or even just a support group for you. Sometimes knowing other people understand can make a difference. Also, have you spoken to your university about your situation? They might have resources or be willing to offer flexibility with deadlines."
syn_003594,synthetic_heldout,Caregiving Challenges – Distance Caregiving,My aunt has chronic pain and she's in another city. I just finished my law degree in the UK and I'm job-hunting but I'm constantly distracted worrying about her. Three years of this. I'm Jewish and I feel guilty that I'm not doing enough.,"Guilt and worry running underneath job-hunting. That's a heavy combination, and three years of it means it's become a background hum that's hard to switch off. Two things: set a brief, regular check-in with your aunt, maybe once or twice a week, so you're not worrying in the gaps between contact. And if there's a specific practical thing she needs, naming it might reduce the vague feeling of 'not enough.' Your local Jewish community might also be a place to find support that understands both the cultural and personal layers.","Three years of worry is a long time. It's natural to feel guilty when someone you love is in pain, and especially when your cultural background adds another layer to that. It's also normal to feel distracted when you're job-hunting, and your aunt is on your mind.

You've just finished a law degree, which is a huge achievement. You're already doing something that can help people. It's okay to focus on getting yourself established first.

There are resources for carers in the UK, including financial aid and flexible work arrangements. Would you like me to find some links for you?"
syn_003606,synthetic_heldout,Caregiving Challenges – None Reported,My boyfriend's heart failure has been stable these last few weeks. We live together in Manila and I'm balancing law studies with a part-time job. My Hindu faith keeps me grounded. It's only been a few months but we've found a rhythm that works for us.,"Finding a rhythm so soon is genuinely positive, and it's worth appreciating that you've adjusted this quickly. Since things are steady, two things worth thinking about: is there anything you've set aside for yourself, maybe socially or a health check of your own? And is there a friend or family member who could step in occasionally so the routine doesn't rest entirely on you? Knowing that now, while things are calm, can make a big difference.","That's a lot to balance — law studies, work, and caregiving, all while keeping your faith life going. A few months is enough to find a rhythm, but it's also a time when the initial adrenaline can wear off. It's good that things are stable right now, but that doesn't mean you can't build in a little extra self-care. Even one good meal a day, or a short walk, can make a difference."
syn_003608,synthetic_heldout,Caregiving Challenges – None Reported,Things are alright with my younger brother who has Down syndrome. I graduated in engineering recently and I'm job hunting from Vietnam while he's back home. My Muslim faith is central to how I approach caregiving. We've been at this two years and it feels like we've found our groove.,"Finding your groove after two years, especially across distance, is worth recognising. Since you're in a stable patch, it's a good time to check on a couple of things. Have you been able to take proper breaks for yourself, or is guilt creeping in when you do? And who's physically with your brother day-to-day, are they getting enough support too? Knowing the answer to that while things are calm can help you respond better if anything shifts.","Two years in and a groove found is a good place to be. Job hunting from a distance while holding a caregiving role is a lot to balance. Your faith being central to your approach is a strong foundation. Does the job hunt feel like it's adding to the load, or is it a separate space for you?"
syn_003610,synthetic_heldout,Caregiving Challenges – None Reported,"My older sibling is recovering well from their stroke and we've got a solid routine at home. I'm studying economics at college here in the Philippines and it's been two years now. Things are just okay, no complaints really.","A solid routine after two years of stroke recovery is something worth acknowledging. Since things are steady, it's worth checking on a couple of things. Is there anything you've been putting off for yourself, maybe socially or health-wise? And is there any part of the routine that works only because you hold it together? Writing that down while things are calm can make it easier to ask for help later if you need it.","""Things are just okay"" sounds like a good place to be, especially with everything else going on. It's normal to have a quiet patch after a big shift, and it's good you've got a routine. If the ""just okay"" starts to feel stuck, or if you're missing something, it might be worth thinking about what you'd like to add in. The 80,000 Hours guide suggests that investing in your skills now can pay off later, and it's okay to delay doing something big if you need to build up your capabilities first."
syn_003623,synthetic_heldout,Caregiving Challenges – None Reported,My boyfriend's cystic fibrosis has been stable and we've settled into a routine living together in Germany. I'm studying and working part-time in graphic design and my Buddhist practice helps me stay balanced. It's only been a few months but things feel manageable.,"Settling into a routine so soon is genuinely positive, and it's good your practice helps you stay balanced. Use this calmer period to tend to anything you've been postponing for yourself, maybe socially or a health check. And since you're co-resident and juggling work alongside studies, it's worth identifying someone who could step in occasionally so the routine doesn't depend solely on you being present.","That's good to hear, and it's really helpful that you've found a routine and a practice that supports you. It's easy to forget how much energy even *stable* caregiving takes, so keep an eye on your own energy levels. If you find yourself needing a quick resource, there are online guides for carers that could give you a bit of extra support."
syn_003630,synthetic_heldout,Support Currently Used,My uncle's been on dialysis three years and I live with him here in Cape Town. I'm studying fine arts and between studio work and his appointments I'm stretched thin. The nurses at the dialysis centre are kind and I lean on them a lot for information. But I haven't really told anyone at uni what my home life looks like. I keep the two worlds completely separate.,"The dialysis nurses being a source of support makes sense. They see you regularly and understand the practical reality. But keeping your uni and home worlds completely separate can become its own strain, especially when deadlines clash with appointments. A couple of things to think about: is there a specific reason you've kept it separate, privacy, not wanting to be treated differently, or just habit? And if there were one person at uni, a tutor, a counsellor, a trusted classmate, who knew, what would feel different? Sometimes even one person knowing opens up flexibility you didn't realise you needed.","That's a lot to hold on your own. It's completely understandable to keep things separate, and it's also common to feel stretched thin when you're balancing study with caring. It sounds like the nurses are a good support, but the uni side of things is something you're managing alone. Is there one teacher you feel you could trust to let know about your situation? It's okay if not, but sometimes a teacher who knows can offer flexibility or understanding."
syn_003632,synthetic_heldout,Support Currently Used,My grandfather lives back in our home country and has chronic pain. I'm studying biology here in Manila and for the last few months I've been calling his doctor to stay on top of his medications. My mother is with him physically but she doesn't really understand the pain management plan. Our Sikh sangat has been praying for him and that gives me strength but I feel like I should be doing more.,"Your sangat's prayers clearly anchor you, and managing his medications from a distance is a substantial contribution, chronic pain management is complex, and your mother having you as a medical translator matters more than you might realise. The 'should be doing more' feeling is common with distance caregiving, especially when someone else is the hands-on presence. One thing to try: list what you currently do, the calls, the coordination, the research, and read it back. Distance carers often undercount their own contribution because they're not physically present. You're doing meaningful work. Your mother would likely tell you that.","It's natural to want to do more when someone you love is in pain, even from a distance. It sounds like you're already doing a lot, staying on top of his medications and leaning on your faith community. It's also okay to feel like that's not enough.

You're in a unique position, being the one who understands the pain management plan. If you're able, maybe you could ask the doctor to explain it to your mother again, or even join the call with her. Sometimes hearing it from a professional can make a difference.

It's also worth remembering that you're a student, and your studies are important too. You're not responsible for fixing everything, just for doing what you can."
syn_003653,synthetic_heldout,Support Needed,"I'm 19, studying economics and working part-time in Egypt. My boyfriend was diagnosed with a genetic illness a few months ago. We're long-distance and I feel completely useless. I don't even know what kind of support I should be looking for.","Feeling useless from a distance is one of the most common and painful things long-distance carers experience, and it doesn't mean you're not helping. A few things that can anchor you: ask your boyfriend what would actually feel supportive from afar. Sometimes it's regular check-ins, sometimes it's researching his condition, sometimes it's just being there, and look for a young carers' group online, even a virtual one, so you're not carrying this alone. Caring from a distance is still caring.","Long-distance caregiving can feel especially isolating, and ""useless"" is a common feeling when you can't be physically present. It's not that you're useless, it's that the support you *can* offer looks different.

What does he need most right now? Is it practical help with appointments, someone to research his condition, or just a consistent, non-medical ear? Knowing that can help you focus your energy.

There are also online caregiver communities where you can connect with people who understand the long-distance dynamic. Do you have a trusted adult you can talk to about this, someone who can help you balance your studies, work, and relationship?"
syn_003658,synthetic_heldout,Support Needed,"I'm 25, working part-time in education in Brazil. My close friend has chronic pain and lives with me. Three years now. I love him but I'm realising I have zero support for myself. I'm not religious and I don't even know where to look.","Three years of sharing your home and caring for a friend with chronic pain is a profound act of commitment, and realising you need your own support is an important moment, not a weakness. Can I ask, have you ever talked to your friend about what support he could access independently, so some of the weight shifts? And separately, is there one person in your life you could be honest with about how heavy this has become? In Brazil, AMIT and similar organisations support family carers, and even a first conversation with a counsellor could give you a space that's just yours.","Three years is a long time to carry that alone. It's normal to feel that lack of support now, even if you didn't before. You're not failing by realising you need something for yourself, you're being realistic.

You're in Brazil, and not religious, so the usual routes might not fit. Your work benefits are a good place to start, even part-time. Bright Horizons suggests looking into paid leave, mental health support, or flexible work arrangements. If you can't find anything there, look into financial aid, grants, or government programs that may help ease the burden.

Another caregiver found that information was the most useful thing they could get, especially online. It's worth looking for support groups that focus on chronic pain, or on being a caregiver, and seeing if they have a presence in Brazil."
syn_003683,synthetic_heldout,Online Support – Willingness,"I might try online support but I'm not sure what's out there. My grandfather in another city has Parkinson's and I'm his main long-distance support, calls, appointments, the lot. I'm doing a business apprenticeship in Jakarta and it's been about six months. I don't even know what I need honestly, just that I'm tired.","Being the main long-distance coordinator for your grandfather while managing an apprenticeship is a lot, and 'just tired' is a perfectly valid place to start. Before suggesting specific resources, can I ask, what feels heaviest right now: the emotional weight of being far away, the logistics of coordinating care, or simply not having anyone who understands? That would help me point you toward the right type of support. Parkinson's organisations in Indonesia and internationally often run online family caregiver groups, and some are very welcoming even if you're unsure what you need yet.","Six months of long-distance caregiving alongside an apprenticeship is a lot. It's normal to feel tired when you're juggling that much. Online support groups can be good for finding information and a sense of community, but it's okay to start by just acknowledging you're exhausted. Do you have a trusted teacher or mentor at your apprenticeship who you could talk to about the pressure you're under? Sometimes just naming it to someone can help."
syn_003704,synthetic_heldout,Online Support – Barriers,"I'm 23, White European, Christian, studying education in the Philippines, and I've been co-resident carer for my older sibling with Down syndrome for about six months since our parents shifted responsibility. I can't find online support that's for siblings. It's all parents or paid carers. Sibling carers are just invisible.","Sibling carers are genuinely underrepresented in support resources. Most organisations default to parents, and the sibling relationship has its own emotional complexity that parent-focused material doesn't capture. Can I ask: are you looking mainly for peer support, other sibling carers to talk to, or practical guidance on navigating your sibling's daily needs and your new role? And has your sibling been connected to any local Down syndrome organisation in the Philippines that might also have sibling-specific programming?","That's a really common experience, and you're right to notice the gap. Support is often framed for parents or professionals, and sibling carers are overlooked. In the UK, The Children's Society have a 'Know Your Rights' pack that might help you understand what support you're entitled to, even if it's not specifically sibling-focused. It's at childrenssociety.org.uk/sites/default/files/DownloadableResources/know_your_rights.pdf. It's worth checking if there's a similar resource in the Philippines. Would you like me to help you look?"
syn_003718,synthetic_heldout,Online Support – Barriers,"I'm 21, Latino, Buddhist (somewhat), studying biology part-time in Germany. My younger sibling has early-onset Alzheimer's, yes, younger sibling. It's been over five years and I support from a distance. There is literally nothing online for siblings of young-onset Alzheimer's patients. I feel like I'm in a category of one.","You're not a category of one, but young-onset Alzheimer's in a sibling is so rare that resources barely exist, and the distance makes it even harder. Can I ask: are you looking mainly for emotional peer support, or practical information about supporting someone with young-onset dementia from afar? Also, has your sibling been connected to a young-onset dementia specialist service? In Germany, the Deutsche Alzheimer Gesellschaft may have rare-case family support. Sometimes connecting through rare disease networks reaches more people than condition-specific ones.","That's a really clear way to put it: a category of one. It's not that your feelings aren't universal, it's that the situation is so rare that it's hard to find anyone who understands the specifics. The fact that you're studying biology in Germany while supporting a sibling with early-onset Alzheimer's is a lot to carry. You're right about the lack of information online, and that's a gap that needs to be filled. Would you like me to help you find some resources for siblings of people with dementia, even if they're not specifically young-onset? Or would you like to talk about the emotional weight of being a long-distance caregiver?"
syn_003728,synthetic_heldout,Current Digital Tool Use,"I study business in Madrid and care for my cousin in another city who has schizophrenia. I keep a shared notes app with her symptoms and medication changes, but I'm never sure what's worth noting versus over-monitoring.","It's a thoughtful question. There's a real difference between tracking helpful information and watching someone so closely it affects your relationship. A couple of things to consider: what would her care team actually find useful if you shared it with them? That can anchor what's worth recording versus what's just worry-driven. And does your cousin know you keep the notes, and is she comfortable with it? If she's in the loop, it stays collaboration rather than surveillance. If not, that's worth a conversation. What feels like the main purpose of the notes for you right now?","That's a really common worry for caregivers. It's hard to know when you're being attentive and when you're crossing a line. One way to think about it is to focus on changes, not just the symptoms themselves. If something shifts—a change in mood, sleep, appetite, or how she's talking—that's worth noting. It's also good to note medication changes and any side effects you observe. That way, you're building a record of what works and what doesn't, which can be really helpful for her care team."
syn_003742,synthetic_heldout,Current Digital Tool Use,"I study history in Brazil and my uncle is in another state starting dialysis. I use a shared Google Calendar for his appointments, but I can't see if he's actually attending or how he's doing afterwards.","That gap between the calendar and what actually happens is frustrating, and it's a limitation of the tool rather than a failure on your part. A couple of things that help: ask your uncle if he's comfortable sharing a brief 'done' text after each appointment, so you know it happened. And if there's someone who attends with him or sees him afterwards, a quick check-in with them could give you the read you're missing. If the worry is persistent, it might also be worth talking to your university's support service.","That calendar is a good start, but it's hard to know what's happening between appointments. If you have a regular call time, even a quick one, that might help. If he's open to it, could he text you after each appointment? Or, if he has a care team, could you ask them to share a quick check-in?"
syn_003746,synthetic_heldout,Current Digital Tool Use,"I'm a nursing student in the Philippines and my older sibling is on dialysis in another province. I use a meds reminder app and we video call daily, but I feel like I need a better system to track how he's actually doing day to day.","A daily call plus a meds app is already a solid foundation, and your nursing background gives you a real advantage in knowing what to watch for. A couple of options: a simple daily wellness log, even a 1-5 energy rating plus one note, shared between you could give you a quick trend over time. And if you're studying nursing, you might have access to clinical tools or mentors who could suggest a structured assessment. Just remember the goal is spotting patterns, not turning every call into a checklist. What feels like the missing piece for you?","That daily video call is a good start, but it's understandable to want more than a quick check-in when he's in another province. One caregiver mentioned using an agenda function on their phone, and another found an app like MeWe helpful for monitoring. Would either of those work for you, or would you prefer a shared document where his dialysis nurse or another local contact could add a quick note each day?"
syn_003759,synthetic_heldout,Support Currently Used,"My mum's been on dialysis for over five years and we live together in Stockholm. I work full-time in business and I handle her meals, her appointments, her meds. I try to follow Hindu practices for inner peace but honestly I'm running on fumes and I don't know who to even talk to about it anymore.","Five years of handling meals, appointments, and meds while working full-time. That's a staggering amount, and running on fumes is not weakness, it's your body telling you the load is too heavy for one person. Two things to try: first, ask your mum's renal team whether a dialysis social worker or care coordinator is available. They exist in many Swedish clinics and can assess what home support you're entitled to. Second, check if your workplace offers carer support. Swedish employers sometimes have more flexibility than people realise. You shouldn't have to carry this alone.","Five years is a long time to be managing someone else's health needs alongside your own life. It's not surprising you're running on fumes. Stockholm has a lot of resources for caregivers, and sometimes just knowing what's available can make a difference. Would you like me to find some organisations that support caregivers in Stockholm? Or would you prefer to talk about how to find a professional to talk to?"
syn_003791,synthetic_heldout,Caregiving Challenges – Balance & Time,"I'm 25, recently graduated in economics, living in Cairo. My mum has cystic fibrosis and I've been her main carer for about six months since we live together. Job applications keep getting pushed aside because she needs me. I feel like I'm watching my future slip away.","Watching your future feel like it's on hold while you care for someone you love is a painful kind of grief, and it deserves to be named. Can I ask: is there a CF specialist nurse or social worker involved in her care who could help identify what local support exists, even a few hours of home help a week? Also, what if you set a small, fixed job-application target, say, two applications a week, rather than waiting for a full free day that never comes? Small steps keep your future moving even when life feels stuck.","Six months is a long time to put your life on hold, and it's completely understandable that you're feeling like your future is slipping away. It's a real conflict, wanting to be there for your mum while also building the life you've worked for.

Have you had a chance to talk to anyone at work about your situation? It might feel daunting, but some employers are really understanding about flexible working or attendance. Carers Trust have a guide on access to employment that might help you think through how to approach that conversation.

If you're not sure where to start, a careers advisor could help you explore options that fit around your caring responsibilities. Nationalcareersservice.direct.gov.uk is a good place to find one."
syn_003797,synthetic_heldout,Caregiving Challenges – Balance & Time,"I'm 21, working part-time in economics in Joburg. My mum has schizophrenia and lives with me. It's been about six months. When she's unwell, I can't go to work. When she's stable, I'm anxious waiting for the next episode. I can't plan anything. My faith teaches me to care for her but I feel trapped.","Living with the unpredictability of schizophrenia, never knowing when an episode will hit, is exhausting in a way most people don't understand, and it's okay to feel trapped even while honouring your faith. Can I ask: does your mum have a community mental health team, and do you have a crisis plan for when she's unwell so you're not absorbing it all alone? Also, have you told your employer what's happening? You may be entitled to carer's leave or flexible arrangements. Your faith and your wellbeing aren't in conflict, caring for yourself is part of sustaining care for her.","Six months is a long time to live with that kind of uncertainty. It's understandable that you feel trapped, even with the support of your faith. It's also really common for young carers to struggle with anxiety and feel like they can't make plans. The Children's Society has resources for young carers that might help you reflect on how you feel and what you can do to feel better. It might also be worth talking to someone you trust about how you're feeling."
syn_003839,synthetic_heldout,Caregiving Challenges – Care Recipient Behavior,"My boyfriend had a stroke a year ago and is recovering in another city. He's started minimising how hard things are when we talk, telling me he's fine when he's clearly not. I feel like he's editing me out of his reality and I don't know how to stay connected.","Being edited out of someone's reality, especially a partner's, is a particular kind of loneliness. After a stroke, minimising struggles often comes from wanting to feel normal or not wanting to be seen as vulnerable, even with someone who loves them. A practical approach: instead of asking 'how are you really?', try sharing something honest yourself first, 'today was hard for me too', which can make it safer for him to drop the front. And if he's working with a rehab team, they may have insight into whether this is a pattern they're seeing. You don't have to break through on your own.","It's a common pattern for people to present a 'fine' face when things are hard, especially when they're trying to be strong for others. It's also a way of testing the waters, seeing if you'll push or accept the surface story. You're right to notice it as a disconnection, and it's good you're naming it.

Instead of asking 'are you okay?', try asking about specific things: 'How was the physio today?' or 'Did you manage to get out for a walk?' That can sidestep the automatic 'fine' and open a space for a real answer. You could also say 'I've noticed you've been saying things are okay, but I'm picking up that it's harder than that. Can we talk about what's really going on?'

It's okay to be frustrated that he's editing you out, but try to frame it as a communication pattern rather than a deliberate exclusion. It's a way of managing his own vulnerability, and it's something you can work on together."
syn_003859,synthetic_heldout,Caregiving Challenges – Distance Caregiving,"I'm 18, non-binary, recently graduated in economics and looking for work in Australia. My cousin moved in with me about six months ago while she goes through cancer treatment. Some days are fine but other days the weight of it all makes me want to disappear. I wouldn't do anything, but I just want to stop existing for a bit.","I'm really glad you told me. Wanting to stop existing, even when you know you wouldn't act on it, is a sign you're carrying far more than anyone should carry alone, and it deserves real support, not just coping strategies. Please reach out to someone today: a GP, a counsellor, or a crisis line like Lifeline (13 11 14) or Beyond Blue in Australia, where trained people support carers who feel exactly this kind of weight. You matter separately from everything you do for your cousin. Would you consider making one of those calls today? This comes first.","That's a huge amount to carry, especially when you're just starting out as an adult. It's normal to want to disappear when everything feels too heavy, and it's good you're talking about it. What would it feel like to take one small step towards making things a bit lighter? Maybe that's a coffee with a friend, or a walk somewhere quiet, or even just a few minutes of doing something you enjoy. If the wanting-to-disappear feeling doesn't lift, or gets worse, please reach out to a professional. There's a free, confidential helpline in Australia called Beyond Blue (1300 22 4636) that's open 24/7."
syn_003861,synthetic_heldout,Caregiving Challenges – Distance Caregiving,"I'm 25, living in Poland and looking for work after my history degree. My mum is autistic and has lived with me for three years. My Muslim faith is deeply important to me and I believe in honouring my mother, but I'm exhausted and sometimes I feel resentful, which makes me feel like a terrible person.","Feeling resentful while caring for a parent you love doesn't make you a terrible person. It makes you someone who's been giving a lot for a long time without enough support. That feeling is worth exploring gently. Can you tell me what moments tend to bring up the resentment most, is it certain tasks, the lack of personal time, or something else? And is there anyone in your life, a sibling, a family friend, or a community member from your mosque, who could step in for even a few hours a week so you get a genuine break? Honouring your mother and honouring your own limits aren't in conflict, even when it feels that way.","Resentment is a normal reaction when you're exhausted and carrying a lot. It doesn't make you a bad person, it makes you human. It's a signal that your needs aren't being met. You're honouring your mother by living with her, but honouring yourself means acknowledging your own limits.

You've finished your degree, which is a huge achievement. Now, job-hunting with a caring role adds a layer of complexity. The National Careers Service (nationalcareersservice.direct.gov.uk) has advice, and Carers Trust has a guide on employment for carers. You're also legally allowed to ask for flexible working, which might help.

You're balancing faith, family, and your own future. It's okay to ask for help, and it's okay to say ""not today"" when you need a break. Your mum's autism means she may not always be able to see your exhaustion, so you need to be clear about your boundaries."
syn_003903,synthetic_heldout,Support Needed,"I'm 24, an economics apprentice in Mexico. My mum has a physical disability and I've been caring from a distance for about a year. My Christian faith is very important to me, but I've never really asked for help. I don't know what support is out there for someone in my position.","A year of distance-caring for your mum while building your own career. That takes quiet strength, and it's completely okay to not know where to start with support. A few practical routes: your local church community may have pastoral care or a parish group for families dealing with illness or disability, and many Mexican states have DIF (Desarrollo Integral de la Familia) offices that offer resources for carers and people with disabilities. Even one conversation with your priest or a local DIF social worker could open doors you didn't know existed.","It's really common to feel unsure about asking for help, especially when you're doing something alone for the first time. You're balancing a new job, caring from a distance, and your faith, and that's a lot. You're right to wonder what support is out there.

In Mexico, you could start by looking into your work benefits, like paid leave or mental health support. There are also government programs and financial aid that might help. It's good to know your rights and advocate for yourself and your mum.

Since you're caring from a distance, online information might be especially useful. One caregiver found that information about how to act or talk was more helpful than formal support.

If you'd like, I can help you find resources in Mexico. Would that be helpful?"
syn_003919,synthetic_heldout,Support Needed,"I'm 19, a part-time economics student in Germany. My boyfriend has a physical disability and I've been caring from a distance for two years. I'm agnostic. I've never asked for support. I don't know what exists for someone my age.","Two years of distance-caring for your boyfriend, while studying economics. That's a steady weight, and not knowing what exists for someone your age is common. In Germany, the Pflegekasse (care insurance) can provide support for family carers, including counselling and sometimes respite, and your university's Studentenwerk may have a counselling service that factors in caregiving. Even one conversation with someone who understands distance-caring for a partner can shift how alone this feels. You've been carrying this quietly. It's completely okay to look for help now.","Two years is a long time to care from a distance without support. It's understandable you don't know what exists, because it's not something people expect you to know. The Children's Society guide suggests checking what support universities offer before you apply, and Carers Passports can help you share your story once instead of many times. Would you like me to find links to those resources?"
syn_003921,synthetic_heldout,Support Needed,"I'm 19, working full-time in South Africa. My close friend has long COVID and we've lived together for a few months. My Hindu faith is very important to me. I've never asked for support. I don't know what exists.","Even a few months of co-resident care for a friend with long COVID, while working full-time. That's a real adjustment, and it's okay to not know what's available. In South Africa, Long COVID SA has resources and some community connections, and your local Hindu temple may have a community network for families dealing with chronic illness. Even one conversation with someone who understands long COVID from a carer's perspective can help. You've been a good friend, let someone be that for you.","That's a lot to carry at 19, and especially while working full-time. It's really common to not know what support exists, and it's okay to ask. Your faith is a good anchor, and a friend with long COVID is a big responsibility.

Two things: first, a lot of people in your situation find that online information is most useful, especially about how to talk to your friend. Second, the experience of a caregiver in a companion group suggests that finding others in similar situations can be really helpful.

Would you like me to help you find resources for caregivers of people with long COVID, or for Hindu young adults in South Africa?"
syn_003972,synthetic_heldout,Online Support – Barriers,"My older sibling has had long COVID for about six months. I'm in Kenya working full-time in psychology and my Christian faith is very important to me. We're in different cities. The long COVID resources online are all from Western countries and don't account for the kind of healthcare we have here, or the community and church support systems that are part of our reality.","You've spotted something important, long COVID resources almost entirely reflect Western health systems, while in Kenya, church communities and local support networks often play a role that formal services don't. A few practical steps: the Long COVID Africa network and similar regional initiatives are starting to produce context-relevant guidance. Also, since you're in psychology, you likely have professional networks that could connect you to local long COVID support. And your church community could be a practical source of help, meals, check-ins, prayer support, even if there aren't formal long COVID resources through that channel. What does your sibling's current support look like, and where's the biggest gap?","It's frustrating when resources don't fit your reality. You're right to notice that Western-focused long COVID support won't necessarily address the healthcare and community factors in Kenya.

One small step could be to ask your sibling what kind of support they'd find most helpful, given their local context. Is it practical help with appointments, someone to research local resources, or just a regular check-in?

Also, your psychology background might be useful in finding or adapting resources. If you can't find anything specific to long COVID in Kenya, could you adapt general self-care or coping strategies to fit the situation?"
syn_003976,synthetic_heldout,Current Digital Tool Use,"I graduated recently in engineering but I'm job-hunting from Lagos while long-distance caring for my grandmother in Port Harcourt. She's had long COVID for about six months. I use WhatsApp voice notes to check on her daily and a spreadsheet for her symptoms, but honestly the spreadsheet is always out of date because updating it feels like another job.","A spreadsheet that's always out of date isn't a failure. It means you set up something more suited to a clinic than a granddaughter checking in by phone. Try this: replace the spreadsheet with a simple WhatsApp checklist you send to yourself after each call, three or four lines like 'breathing okay, ate lunch, energy level 1-5.' It takes thirty seconds and lives where you already are. Also, ask her local clinic if they offer telehealth check-ins. That could give you a second source of updates without doubling your load.","It's good you're tracking symptoms, even if the spreadsheet isn't perfect. That's a common thing when caregiving gets busy. It sounds like you're trying to balance a lot, and that's hard.

The guide mentions transferable skills being useful when you're early in your career and unsure what you want. Engineering skills are transferable, but so are the ones you're using now: organisation, communication, problem-solving. You could mention those in your job applications."
syn_003994,synthetic_heldout,Current Digital Tool Use,"I'm 19, studying psychology part-time in Johannesburg. My cousin has Parkinson's and lives in Durban. I've supported him remotely for about a year. I use a medication reminder app he can see and a shared calendar for appointments. He's started ignoring the app reminders though, and I get alerts that he's missed doses but I can't do anything from here.","Getting alerts about missed doses when you can't act on them is a special kind of helplessness, the tool is telling you about a problem it can't solve and neither can you, from where you're sitting. Two things: first, talk to him about what the reminders feel like from his end, is it the timing, the tone, or something about being monitored that's making him dismiss them? Second, is there someone closer to him, a friend, a neighbour, who could be the in-person backup for medication? If so, the app could send alerts to them instead of you, which puts the response where it can actually happen. His Parkinson's nurse might also have ideas about adherence support that doesn't rely on distance family.","That's a really tough spot to be in, knowing he's missing doses and not being able to step in directly. It's a common worry for long-distance caregivers, and it's especially hard when the tools you've set up aren't working as expected.

It sounds like you've already got a good system in place with the app and calendar, but it's worth thinking about what's changed since he started ignoring the reminders. Is he feeling more independent, or is there something else going on that's making it harder for him to keep up?

If you're comfortable, you could try a phone call to ask him directly what's happening with the reminders. It's possible he's just forgotten how to use the app, or that he's struggling with the medication itself. If he's reluctant to talk about it, or if you're worried about his ability to manage his medication, you could reach out to his doctor or a local Parkinson's support group for advice. They might be able to offer a home visit or suggest other ways to help him stay on track."
syn_003999,synthetic_heldout,Current Digital Tool Use,"I'm 19, studying social work at college in the US. My grandmother has Down syndrome and has lived with me for two years. I use a visual schedule app with picture cues for her routine and a shared calendar with her day program. It works pretty well, but the app doesn't let me add notes about her mood or behavior on specific days, so I end up keeping a separate paper journal that doesn't connect to anything.","A paper journal that sits apart from your digital system is frustrating. You end up with information in two places that never talk to each other. Two small fixes: first, check whether your calendar app lets you add notes to individual events, many do, and you could jot a one-line mood note right on the day. Second, if the app won't do that, try a simple two-column notebook, date and one line about mood or anything notable, and take a weekly photo of it so there's a digital backup you can share with her day program or doctor if needed. The goal is one simple layer, not a whole new system.","That's a common problem with apps – they don't always let you capture the details that matter most. One caregiver I spoke with found that a simple task list app on her phone worked well for her, because it was easy to access and update throughout the day. Would it be helpful to find an app that combines a schedule with a notes feature? Or would you prefer to keep the schedule app and the journal separate, but find a way to link them?"
syn_004009,synthetic_heldout,Support Currently Used,"I'm studying law and working part-time here in Jakarta. My older sibling is autistic and lives back home with our parents. For two years I've been sending money and calling every day. My Buddhist meditation group helps me manage stress, but I feel like I'm parenting from another country.","Daily calls and financial support from another country is a substantial commitment, and 'parenting from a distance' is exactly how many long-distance carers describe it. Your meditation group helping with stress is genuinely valuable. A couple of practical thoughts: could you reduce the daily call to every other day, or shorten it, if the current pattern is draining you? And is there a trusted person near your sibling, a parent, a relative, who can be the primary eyes and ears so you're not the sole coordinator? It's okay to be one part of a support network rather than the whole thing.","Parenting from a distance is a particular kind of ache. It's not just the worry about your sibling, but the feeling of being disconnected from the daily flow of family life. You're right to recognise that this is different from the usual stresses of long-distance family ties.

You've found a good anchor in your meditation group, and you're keeping up with your studies and work. That's a lot. Is there a trusted family member who could take on some of the daily check-ins with your parents, so you can focus on the bigger picture? It's not about reducing your care, but about shifting the balance."
syn_004039,synthetic_heldout,Caregiving Challenges – Balance & Time,"I'm 21, recently graduated in education and job-seeking in Sweden. My girlfriend has Down syndrome and we've lived together about six months. My Hindu faith matters to me, but between interviews and supporting her daily routine, I haven't been to temple in months. I feel guilty for missing it and guilty when I think about going.","That double guilt, for missing temple and for wanting to go, is a painful place to sit, and it makes sense given how much you're holding. A couple of things to think about: is there someone in your girlfriend's circle, a friend, support worker, or family member, who could be with her for a couple of hours on festival days or weekends? And have you talked with her about what temple means to you? She may appreciate knowing it's not about leaving her but about nurturing something that sustains you. Both things can coexist with a bit of support.","It's understandable to feel torn. You're building a life with someone you love, and that takes energy. You're also trying to launch a career, and that's stressful. And you're navigating a faith that's important to you, but feels hard to fit in right now. It's okay to feel guilty about missing temple, but also to feel guilty about the idea of going when your girlfriend needs you. Maybe you can try to find a way to integrate your faith into your daily life, rather than relying on temple visits. Or, if you can, talk to someone at the temple about how to balance your commitments."
syn_004047,synthetic_heldout,Caregiving Challenges – Balance & Time,"I'm 24, an engineering student in Mexico. My boyfriend had a traumatic brain injury six months ago and lives far away. Between my part-time studies and coordinating his rehabilitation remotely, I have nothing left. My Sikh faith is central to me, but I haven't been to gurdwara in weeks.","Six months of remote rehabilitation coordination alongside part-time studies is intense, and losing your gurdwara connection strips away something that sustains you. Two practical steps: check whether his rehabilitation centre has a social worker or case coordinator who could handle some of the scheduling. You may be carrying tasks that could be shared. Also, see if there's a gurdwara near you with an evening service or a smaller weekday gathering that fits your schedule better. Even occasional attendance can help you feel connected again. Your faith is part of what keeps you going. Protecting it matters.","Six months of remote coordination is a long time to be running on empty. It's completely understandable that your faith practice has slipped, and that you're feeling depleted. If you're willing to share, what part of the coordination feels most relentless? Sometimes naming it can help you find a small way to adjust it."
syn_004054,synthetic_heldout,Caregiving Challenges – Emotional Impact,"I'm a 20-year-old social work apprentice in Kenya, living with my boyfriend who has MS. Two years now. My Hindu faith is important to me and I pray for him daily, but lately I feel angry at everything, at him, at God, at people who don't get it. The anger scares me.","Anger showing up after two years of caring doesn't mean your faith is weak or your love is fading. It means you're human and depleted. Carers often feel anger they don't expect, and the guilt around it makes it heavier. A couple of things: find one outlet that's purely physical, a walk, a run, anything that lets the anger move through your body rather than sit in your chest. And if you can, talk to your spiritual community leader or a counsellor about this specifically, carrying it in silence tends to make anger grow. MS organisations also offer peer support for partners. You're not failing. You're just tired.","Anger is a common response to the stress of caregiving, and it's okay to feel it. It's not a sign of failure, but a signal that your needs aren't being met. It's good that you're aware of it and want to address it.

Do you have a trusted friend, family member, or mentor you can talk to about this anger? Or a counselor, perhaps through your apprenticeship? Sometimes just voicing it can help, and a professional can offer strategies for managing it.

Your faith is a source of strength, but it's also okay to question and express your anger to God. It doesn't mean you're losing your faith, but that you're being honest about your pain."
syn_004067,synthetic_heldout,Caregiving Challenges – Emotional Impact,"I'm 18, a computer science apprentice in Mexico. My mum has heart failure and lives with me. It's only been a few months but I feel like I've lost my mum and gained a patient. She's not the same person. I'm agnostic so I don't have faith to lean on. I just feel empty and lost.","That shift from having a mum to having someone you care for is one of the hardest transitions, and feeling empty and lost so early in this is completely understandable. It's a loss even though she's still here. You don't need faith to get through this. You need support. Two things: talk to your apprenticeship programme about what's happening at home. They may offer flexibility or connect you with counselling. And if there's a heart failure or cardiac support organisation in your area, they often have resources for family carers, including ones new to it. A counsellor could also help you process the grief of this role change. You're adjusting to a lot very quickly.","That's a really common feeling, losing the person you knew while still having them physically present. It's a grief of sorts, even while they're still here. It's okay to feel empty and lost, especially when you're also navigating a new apprenticeship. Do you have a trusted adult in your life—a teacher, mentor, or family friend—you could talk to about this shift in your relationship with your mum?"
syn_004098,synthetic_heldout,Caregiving Challenges – Distance Caregiving,"I'm 21, a medical student in Mexico City. My grandfather is in another city with long COVID. I've been his distance carer essentially my whole life in some form. I'm spiritual but not religious, with South Asian heritage. I know the medical side but I can't make his doctors take his symptoms seriously. It's maddening to have the knowledge and still be dismissed.","Having the medical knowledge and still being dismissed as a family member rather than a colleague is uniquely maddening. You're caught between knowing what should happen and not being in the room to make it happen. Two practical things: put your concerns in writing, a concise, dated summary of his symptoms and what you'd like investigated, and ask his doctor to add it to his file. Written requests are harder to dismiss than verbal ones. And if possible, join his next appointment by phone or video so you can ask questions directly. As a medical student, your observations are valuable, but framing matters, lead with 'as his grandson who's also studying medicine' rather than just one or the other.","It's maddening when your medical knowledge isn't taken seriously, especially when it's about someone you love. It's a common experience for caregivers, and it's a sign of how much you know and how much you care. I'm sorry you're going through this.

You've been his distance carer for a long time, and that's a lot of emotional labour. Do you have a way to get a second opinion, or to escalate your concerns within the medical system? Is there a patient advocate who could help you communicate with his doctors?"
syn_004130,synthetic_heldout,Support Needed,Mum had a spinal cord injury a few months ago and I live with her in Sydney. I work full-time in history research but since the injury I've basically become her carer. I haven't asked for any help yet and I don't know what I'm entitled to or where to look.,"A few months in, you're probably still in survival mode, and that's exactly when most people don't ask, because just getting through each day feels like enough. Can I ask: do you know if your mum has been assigned a social worker or care coordinator through her rehab or hospital? That person is often the gateway to home support services and carer payments. And separately, have you looked at Carers NSW? They specifically support young carers and can walk you through what's available. If you can tell me what your biggest daily struggle is, I can help you prioritise who to contact first.","It's understandable to feel lost when your role shifts so suddenly, and to not know where to start with asking for help. It's also common to want to manage things yourself at first. But you don't have to do this alone.

One practical step is to look into what financial support is available. In Australia, Carer Allowance and Carer Payment are two options, and there are also disability support programs that might offer funding for in-home care. You can find information on the Services Australia website: [https://www.servicesaustralia.gov.au/individuals/families-and-children/carers](https://www.servicesaustralia.gov.au/individuals/families-and-children/carers).

Another step is to talk to your employer about flexible work arrangements. Many workplaces are understanding of carer responsibilities, and there might be options for adjusted hours or remote work.

Remember, asking for help isn't a sign of weakness, it's a smart way to ensure both you and your mum get the support you need."
syn_004161,synthetic_heldout,Online Support – Willingness,"I live with my grandfather in the Netherlands and he's been dealing with long COVID for a few months. I work part-time in law. I'd be open to online support but I'm not sure I want to commit to anything regular, some weeks I'm fine, others I'm drowning.","That inconsistency is completely normal for caregiving. You don't need to commit to something weekly to get value. Look for drop-in online groups or forums where you can engage when things are hard and step back when they're okay. Some carer organisations run flexible online support with no attendance expectation. Long COVID is also still new enough that peer support specifically for carers is emerging, try long COVID patient organisations, as they sometimes include family support. Your law work schedule already demands structure. Support that flexes around you is the right call.","That's a really common pattern with caregiving, the ebb and flow of good weeks and bad weeks. It's helpful to know you're open to online resources when you need them, and not feel pressured into something regular. Many organisations offer one-off workshops or information packs, which might suit that better. Would you like me to look up some Dutch organisations that offer that kind of flexible support?"
syn_004247,synthetic_heldout,Current Digital Tool Use,My close friend has MS and we've been living together for over five years. I study graphic design part-time here in Manila. I use a shared calendar for his appointments and a notes app for symptom tracking. The system works but lately I've started avoiding opening either one because it just feels heavy. I don't know if the tools are the problem or if it's me.,"It sounds like it's not the tools themselves but what they represent, five years of accumulated responsibility that's sitting in those apps, waiting for you every time you open them. That heaviness is real, and avoiding them is a signal, not a failure. Can I ask whether there's someone else in his life who could take a look at the calendar or notes once a week, even just to share the weight of monitoring? Sometimes having another pair of eyes means you can step back without feeling like you're abandoning the system entirely.","It's common for tools to feel heavy when you're carrying a lot. You've been doing this for five years, and it's okay to feel a dip in motivation. Try a quick reset: list three things you'll do this week to make things easier, and then don't look at the calendar or notes app until you've done them."
syn_004345,synthetic_heldout,Caregiving Challenges – Care Recipient Behavior,"My younger brother has Down syndrome and lives with me here in Vietnam. I'm studying graphic design part-time and I'm Hindu, my faith is very important to me. It's been about six months. He's started refusing to go to school, saying the other kids laugh at him. I don't know if I should make him go or let him stay home.","That's a painful situation. He's telling you something real, and you're caught between protecting him and keeping his routine going. Refusing school when you're being laughed at isn't stubbornness, it's self-protection. Before deciding, talk to his school. They need to know what's happening, and many schools have inclusion policies they should be acting on. If the environment isn't safe, a different setting might serve him better. His paediatrician or a local disability organisation can also advise. Can I ask, does he open up about what specifically happens at school? That might help figure out the next step.","Six months in, and this is the first big snag. It's a hard one, because you want him to have the chance to learn and be with peers, but the laughing is real and it's hurting him.

If he's been clear about the laughing, and it's not just a general reluctance, maybe a conversation with his teacher about what's happening in class would help. If the teacher is aware, they might be able to intervene. If he's not clear, or if it's a mix of things, maybe a day or two at home would give him a break, and you could talk about what would make school better.

There's a lot of Hindu teaching about compassion and acceptance. Is there a teacher or elder in your community who might have some thoughts on how to balance his need to learn with his need to feel safe?"
syn_004353,synthetic_heldout,Caregiving Challenges – Distance Caregiving,"I'm 20, studying law and working part-time. My uncle moved in with us after developing long COVID. I've been his carer basically my whole life in different ways. As a Sikh, seva is central to who I am, but I'm falling behind in school and I feel trapped between duty and my future.","Seva is a beautiful guiding principle, and it's also true that serving well requires you to not collapse under the weight of it, your future matters too. Two things that might help: talk to your university's disability or student support office about carer accommodations, many have flexible deadlines or note-taking support you may not know about. And check if your uncle qualifies for home support hours through your local health authority, even a few hours of outside help per week can protect your study time. Honouring seva doesn't mean doing it alone.","That's a really tough place to be, caught between a core value like seva and the practical needs of your education and future. It's also worth remembering that seva doesn't require you to sacrifice your own wellbeing. It's about selfless service, but that includes being able to sustain yourself in the long term.

You've been his carer for a long time, and that's a lot to carry alongside law school and work. The Children's Society guide suggests thinking about who else you can connect with for support – a project worker, teacher, or even friends and family who can share the load. Is there anyone you could talk to about getting some formal help for your uncle, even if it's just a few hours a week?

Also, have you thought about what a ""Plan Z"" might look like for you? Something that would be tolerable if things get too much, like living with your parents for a while? It's not about giving up on law school, but about having a safety net so you can make choices that protect your wellbeing."
syn_004388,synthetic_heldout,Caregiving Challenges – None Reported,"Things are okay right now. I'm 25, recently graduated and job-seeking in graphic design, living in Ireland. I've cared for my mum who has epilepsy for three years, we live together. My Buddhist practice helps me stay grounded. Just wanted to check in.","That's genuinely good to hear. Three years of co-resident care while studying and now job-seeking is a lot to hold, so a stable patch is worth appreciating. Since things are calm, this could be a good time to focus on your own base: is there something you've been putting off, a health check, catching up with friends, or just rest? Job-seeking alongside caregiving can blur into constant 'on' time, so protecting clear downtime matters. It can also help to note down what's working in your current routine, in case things shift.","It's good to hear things are okay right now. Three years of caring alongside finishing your degree and job-seeking is a lot to balance. Your Buddhist practice sounds like a strong anchor, and it's smart to check in with yourself even when things are stable.

If you find the job search adds extra pressure, the Children's Society guide suggests resources for young carers that could help you reflect on your well-being. It's okay to need support alongside caring, and it's not a sign of weakness."
syn_004402,synthetic_heldout,Support Needed,"My dad had a traumatic brain injury about a year ago. I'm 19, working full-time in India, and he's back home with my mum. I send money and call every day but I feel completely disconnected from what's actually happening with his recovery. I don't know what support I should even be looking for.","Sending money and checking in daily from a distance is real, meaningful care, don't underestimate that. Two practical steps: ask your mum if you can speak briefly with your dad's doctor or rehab team, even by phone, so you understand his recovery trajectory rather than guessing. And look into TBI family support groups online, the Brain Injury Association has resources specifically for family members. Understanding what's happening will help you feel less in the dark and more useful.","That disconnect is really common when you're the financial support from a distance. It's hard to know what's happening day-to-day, and you're right to want to find ways to be more involved. The other caregiver's experience of asking 'how is it going' is a good starting point. Is there a regular time you could ask your mum about specific things, like his medication, or how his physical therapy went that day? It's also worth looking for online resources that professionals have put together, so you can understand what recovery looks like."
syn_004414,synthetic_heldout,Support Needed,"My uncle in another city was diagnosed with diabetes complications a few months ago. I'm in Egypt working part-time in education and I'm agnostic. I want to help but I don't know what support services exist for distance carers here, or even what questions to ask.","Wanting to help from a distance when it's all new shows real care, and not knowing what to ask is where everyone starts. Let me understand your situation a bit more. Are you the only person supporting your uncle, or are there other family members involved? And what does his current care setup look like, does he have a doctor he sees regularly, or is that something you're trying to help organise? Knowing this will help me point you toward the right kind of support.","It's really common to feel lost when a diagnosis happens, especially when distance is involved. You're right to ask about support services, even if it's just to know what questions to ask.

In Egypt, the Egyptian Diabetes Association is a good place to start. They may have information about support for carers, or be able to point you to local resources.

For distance carers, online resources can be useful. The International Diabetes Federation has a section on diabetes care that might be helpful.

What would be the first small step you could take? Maybe it's just making a list of questions to ask your uncle, or looking up the Egyptian Diabetes Association's website?"
syn_004417,synthetic_heldout,Support Needed,"I'm 18, a psychology student in Poland, and my mum was diagnosed with MS about a year ago. We live together and I'm her main carer. I'm not religious. I want to find support but I don't even know what exists for someone my age in this country.","Being 18 and the main carer for your parent is a lot of responsibility to take on at the start of adulthood, and wanting support is the right instinct. Before I point you to specific resources, I want to understand your situation better. Does your mum have an MS nurse or neurologist you could ask about local carer support? And are you looking for practical help, things like someone to cover while you're at college, or more for emotional support and someone to talk to about the weight of it?","That's a lot to carry alongside a psychology degree. It's good you're thinking about support now, before things get overwhelming. Poland's MS Society (Polskie Towarzystwo Stwardnienia Rozsianego) is a good place to start. They may know of local young carer groups or services. You could also look at the Polish Carers' Association (Polskie Stowarzyszenie Opiekunów). If you're not finding what you need, the Children's Society guide I have access to has links to resources for young adult carers, some of which may have equivalents in Poland."
syn_004442,synthetic_heldout,Online Support – Willingness,"My grandfather had a spinal cord injury a few months ago. I'm in Sweden studying psychology part-time, Christian background, and we're far apart. I'd be open to online support but only if it's practical and not just emotional sharing.","That preference for practical focus is fair, some people want emotional sharing and others want concrete information, and mixing the two can feel frustrating. Look for spinal cord injury organisations that run online groups with a structured or educational format, some host sessions with rehab professionals or focus on specific topics like equipment, home adaptations, or navigating healthcare. Spinal cord injury charities in Scandinavia may offer online resources for family members. A group with a practical agenda alongside peer support might give you what you're after without the emotional sharing feeling forced.","Practical online support makes sense, given your studies and distance. Many caregivers find it hard to trust online spaces quickly, so it's good you're clear about what you need. Do you have a care coordinator or social worker through the hospital or local council who could point you to resources? They often have lists of practical online tools and information."
syn_004464,synthetic_heldout,Online Support – Barriers,"I'm in Manila working part-time in psychology and my aunt with cystic fibrosis lives with me. I've been caring for two years. CF resources online are almost all American and focused on patients, not carers. The few carer things I find don't fit a niece's experience at all.","That focus on patients over carers is a pattern in CF resources, and the niece role is almost never addressed specifically. The Cystic Fibrosis Worldwide network has a family section that's more inclusive of extended family than US-only sites, and the Philippine Society for Cystic Fibrosis (if active in your region) may have local carer connections. Your psychology background means you may also benefit from peer supervision groups where carer dynamics are understood. For practical day-to-day support, your aunt's respiratory team could connect you with other family carers. Would any of those feel worth exploring?","It's really common for carer resources to miss the specific angle of family carers, and especially when your relationship isn't a parent-child one. It's good you've noticed that gap. Two years is a long time to be navigating this with a mismatch of information.

Do you have a local CF organisation in the Philippines, even if it's small? They might have a carer network or know of other niece/nephew carers. If not, would a general carer organisation be a starting point, even if the conditions they usually deal with are different? It's the carer experience that's the common ground."
syn_004468,synthetic_heldout,Online Support – Barriers,I'm a fine arts student in Lagos and my aunt with diabetes complications lives with us. I've been helping care for her as long as I can remember. All the online diabetes stuff is Western diet advice that doesn't match Nigerian food at all. I'm Hindu and nothing accounts for our dietary practices either. It's useless.,"That triple mismatch, Western diet advice, Nigerian food, and Hindu dietary practice, makes most standard diabetes content genuinely useless for you. The Diabetes Association of Nigeria publishes localised dietary resources that account for Nigerian staples, and the International Diabetes Federation's Africa region has culturally adapted materials. For the Hindu dietary dimension, the Hindu American Association's health section sometimes addresses diabetes within vegetarian frameworks, and a dietitian at your aunt's clinic who understands both Nigerian and Hindu food practices could bridge the gap. Would asking her doctor for a referral to such a dietitian be possible?","That's a really common problem, and it's frustrating when advice doesn't fit your life. It's good you're noticing the mismatch between Western advice and what works for your aunt's Nigerian diet and your family's Hindu practices.

You're right to be wary of online information. It's often biased or inaccurate. One caregiver I spoke with used a reminder app to schedule regular calls with the person they were caring for, and only used the internet for small things. Another caregiver said they'd like access to online information from professionals, because they don't have time to look for support otherwise.

Do you have a local diabetes clinic or specialist who could offer advice tailored to Nigerian food and Hindu dietary practices? Or a local diabetes association?"
syn_004482,synthetic_heldout,Current Digital Tool Use,My cousin has Down syndrome and has lived with us in Amsterdam since forever. I study economics and work part-time. I use a family WhatsApp group to coordinate his care and a printed weekly rota on the wall. Lately people aren't checking the rota.,"A printed rota is a clear, visible system, the problem isn't the tool, it's that people stop looking at it when life gets busy. Before changing anything, it's worth asking: is the rota too detailed to scan quickly, or is the issue that people rely on the WhatsApp group instead and treat the rota as backup? If WhatsApp is where people actually look, it might be worth posting a weekly photo of the rota there every Sunday evening so it lands where attention already is. Sometimes the fix is meeting people where they already are.","It's really common for rotas to lose their power over time. It's a lot to ask people to check a wall rota, especially when life gets busy. Maybe a shared digital calendar with reminders would be easier to keep on top of? Or a quick daily check-in message on WhatsApp? It's worth trying something new, even if it's small."
syn_004510,synthetic_heldout,Support Currently Used,"I've lived with and cared for my grandfather with Parkinson's for as long as I can remember. I'm 25 now, studying biology here in Dublin. My mum handles his medical appointments and I do the daily care. We have a decent routine, but I've never had an outside support network. It's just us. Lately I'm wondering if I'm missing something by not connecting with other carers.","If you've been doing this for years with just your mum, it's natural to wonder what else is out there, and honestly, connecting with other carers can be validating in a way that family can't always provide, even supportive family. A practical first step: look for a Parkinson's or young carer support group in Dublin, even just online to start. You don't have to commit to anything, just observing others' experiences can tell you whether it's useful. And if there's a Parkinson's nurse specialist involved in your grandfather's care, they often know local resources for family carers. Worth a quiet ask.","It's completely normal to wonder if you're missing something by not having a support network. It sounds like you and your mum have a strong system, and that's great. But another carer I spoke with said that being able to talk to people who *get it* is different from talking to anyone else. It's not about finding someone with Parkinson's specifically, but someone who understands the rhythm of caregiving. It's not for everyone, and it's okay if you don't want to add another thing online, but it's worth thinking about if it could fill a gap. Would you like me to send you some links to carer groups in Dublin?"
syn_004524,synthetic_heldout,Support Currently Used,"My boyfriend is going through cancer treatment and lives with me here in London. I'm working part-time and it's been about six months. My Jewish community has been kind. They bring food and check in. But I feel like everyone focuses on him and nobody asks how I'm doing. I'm not resentful, I'm just tired and invisible.","That feeling of being invisible while someone you love is the visible focus of care is very common, and it doesn't make you resentful. It makes you human. Six months of co-resident caregiving alongside work is exhausting, and your tiredness deserves acknowledgement. A couple of things: if there's even one person in your community you trust, telling them plainly, 'I'm tired and I need someone to ask how I am sometimes', can open a door people don't realise is closed. You might also look into a carers' support group locally or through Macmillan, which specifically creates space for the person beside the patient. You matter in this too, not just as his support.","That's a really common experience for caregivers. Everyone's attention is on the person who's ill, and you're left to manage everything else. It's not resentment, it's the exhaustion of being unseen.

Could you ask someone in your community to check in with you specifically, not about your boyfriend, but about how you're doing? It might feel awkward, but it can make a difference. Or, if you have a friend who isn't involved in the caregiving, could you schedule a regular coffee or walk, just for you?"
syn_004571,synthetic_heldout,Caregiving Challenges – Emotional Impact,My uncle has Down syndrome and I've been caring for him from a distance in Indonesia for as long as I can remember. I'm an apprentice and my Sikh faith is central to my life. But lately I feel this overwhelming sadness that I can't be there with him in person. My family thinks calls and coordination are enough but it doesn't feel like enough to me. I feel like I'm failing him.,"The gap between what you're able to do from a distance and what you feel you should be doing is one of the most painful things about long-distance caregiving, and that sadness doesn't mean you're failing. It means you care deeply and the distance hurts. Can I ask: what would 'enough' look like to you, if you could design it? And is there anyone physically near your uncle, a family member, a community worker, who you could coordinate with so you're not carrying the worry alone? Sometimes sharing the load with someone closer to him can ease that feeling of falling short.","It's understandable to feel like calls and coordination aren't enough when you're used to being more directly involved. Distance changes things, and it's okay to grieve that loss of closeness. Your family's approach isn't wrong, but it doesn't mean your sadness isn't valid. It sounds like your Sikh faith is important to you, and that's a good place to look for strength and guidance. Is there a community leader or someone you trust in your faith who you could talk to about this? Sometimes just voicing these feelings can help."
syn_004584,synthetic_heldout,Caregiving Challenges – Care Recipient Behavior,My grandfather in Jakarta has had MS for three years. I work full-time as a lawyer here and manage his care remotely. Lately he's become convinced the carers are stealing from him. He fires them and then I have to find new ones. I'm exhausted and I don't know if it's the MS or paranoia.,"Accusations like that are common with MS-related cognitive changes, and they're heartbreaking because you're caught between his fear and the carers' dignity. Rather than arguing against the accusation, try redirecting to a feeling: 'That must be so upsetting, let me look into it.' It acknowledges without confirming. Do you have a trusted relative or friend who could visit and quietly observe? And has his neurologist been told about this. There may be assessable cognitive changes that need addressing. You shouldn't have to keep replacing carers on your own.","That's a tough spot to be in, especially managing care from a distance. It's exhausting to keep replacing carers, and the worry about whether it's the MS or something else is valid. It's worth checking with his neurologist about whether the paranoia is a known symptom of his MS, and whether there are ways to manage it. If it's not MS-related, it might be worth looking into whether he's experiencing other things that could be causing it.

There are resources available to help with the practical side of things, too. Your employer might have benefits like mental health support or flexible work arrangements that could ease the burden."
syn_004591,synthetic_heldout,Caregiving Challenges – Care Recipient Behavior,I live with my cousin in Cape Town and he has Parkinson's. It's been three years. Lately he's started refusing to eat when I'm around but eats fine when my mum helps. I'm an economics student and I feel like I'm doing something wrong but I can't figure out what.,"That's a confusing and painful dynamic, but it doesn't necessarily mean you're doing anything wrong. Sometimes with Parkinson's, eating is affected by who's watching, the pressure felt, or even timing of meds. It could be that your presence feels different to him than your mum's, more scrutiny, maybe, or a different energy. What happens if you try being nearby but not watching, reading a book at the table, say, rather than sitting across from him? And has his OT or speech therapist been told about this? They can assess whether there's a swallowing or coordination piece involved.","That's a really specific change, and it's good you've noticed it. It's not about you, and it's not about doing something wrong. Parkinson's can affect appetite and swallowing, and sometimes people with Parkinson's develop a strong sense of who they trust to help with those things. It's not rational, but it's common. Your mum might be a more familiar or reassuring presence at mealtimes. You're right to wonder if there's a pattern, and to ask for help figuring it out. Would it be possible to talk to his Parkinson's nurse or doctor about this? They might have ideas about how to make mealtimes easier, or how to build his trust in you around food."
syn_004604,synthetic_heldout,Caregiving Challenges – Distance Caregiving,"I'm 25, a med student in Canada who also works part-time. My close friend has heart failure and moved in with me a few months ago. Being in medicine makes it worse. I know too much about what's coming. My faith helps, but some nights I can't sleep thinking about it.","Having medical knowledge can feel like a double-edged sword. You understand what's happening, but you also can't un-know the hard parts, and that steals sleep in a way others might not grasp. Your faith clearly grounds you, which matters. A couple of questions: have you spoken with your medical school's wellbeing service about this? They may understand the specific weight of caring while training. And is there someone in your faith community you trust enough to share the nighttime worry, not for answers, but so you're not carrying it alone in the dark?","Knowing too much about what's coming is a special kind of weight, and being a med student on top of that is a lot. It's good that your faith is a support, but sleepless nights are a sign you need more than that. The worrying is normal, but it's not something you have to carry alone. Would you be open to talking to a counselor who understands the medical world, or a peer support group for caregivers? It's okay to ask for help, even when you're the one with the medical knowledge."
syn_004608,synthetic_heldout,Caregiving Challenges – Distance Caregiving,"I'm 20, a fine arts apprentice in Kenya. My aunt has cancer and I've been caring from afar for three years. My faith sustains me, but lately I feel like I'm just waiting for the phone call. I can't focus on my art anymore.","Caring from a distance for someone with cancer for three years means living with a low-level dread that quietly drains everything, including the things that bring you joy. Losing your focus on art isn't a personal failing. It's what anticipatory grief does. Try setting a brief, regular check-in time with your aunt or her primary carer so you're not bracing for calls all day. And consider talking to someone at your church or a counsellor about the weight of waiting. You don't have to carry that alertness alone. Your art isn't lost. It's just buried under the worry, and support can help you find your way back.","Three years is a long time to live with that kind of waiting. It's natural that your art feels distant when your attention is pulled towards something so uncertain. Can you find small ways to reconnect with your practice, even if it's just for 15 minutes a day? It doesn't have to be 'good' art, just art. And if you feel able, could you talk to your aunt about what you're feeling? Sometimes just saying it out loud can lift some of the weight."
syn_004617,synthetic_heldout,Caregiving Challenges – Distance Caregiving,"I'm 21, a fine arts student in the UK. My cousin has epilepsy and I've supported from afar for over five years. My Sikh faith is important to me, but I feel like I should be doing more. Every time there's a seizure report, I spiral.","Spiralling each time you hear about a seizure is a natural response to years of feeling responsible from a distance, your body has learned to brace, and that tension builds over five years. Two questions: have you spoken with your cousin's care team about what emergency plans are in place? Knowing the specifics of what happens during and after a seizure can reduce the imagined worst-case. And is there a practice in your faith, like simran or seva at the gurdwara, that helps you process the fear rather than carry it? Caring from afar doesn't mean doing less. It means carrying the worry without being able to act directly, and that's its own weight.","It's good you're reflecting on how you can use your strengths to help others, and it's understandable that you'd feel like you should be doing more. It's also okay to be doing the right amount, even if it doesn't feel like enough.

Seizure reports causing spirals is a lot to carry. It's a natural response, but it's also one that could be eased with professional support. Would you be open to talking to a doctor or a counsellor about these reactions?"
syn_004633,synthetic_heldout,Caregiving Challenges – None Reported,Things are okay right now. My grandfather's long COVID symptoms have plateaued and our long-distance setup from here in Cairo is working. I'm studying psychology. Been involved with his care for years and right now it's manageable.,"That's good to hear, a plateau that holds with a long-distance setup that works is worth appreciating. Since things are calm, it's a good time to do something small for yourself: a hobby, social time, or rest you'd normally skip. If you want to note down what your distance routine looks like right now, calls, check-ins, who's nearby him, it can help you adjust quickly if things shift. Glad it's a steady patch.","That's good to hear, that things are stable for now. It's a relief when symptoms level out, and it sounds like you've found a system that works even from a distance. Studying psychology while caregiving is a good fit, too, because it gives you a framework for understanding what's happening. If you ever want to talk about how to balance the two, or how to make sure your grandfather's needs are met even when you're not physically there, I'm here."
syn_004636,synthetic_heldout,Caregiving Challenges – None Reported,"Things are okay. My aunt's cystic fibrosis is stable and we've got a good routine going at home. I'm studying history and living with her here in the States, about a year now. Just wanted to acknowledge a calm patch.","That's worth acknowledging, a stable CF period with a working co-resident routine is something to appreciate. Since things are calm, this is a good time to do one thing for yourself that you'd normally skip: see friends, pick up a hobby, or just rest without guilt. If you want to note down what makes the routine work right now, it can help you spot what to protect if things shift. Glad it's a good patch.","That's lovely to hear. A calm patch is worth acknowledging, especially when you're in a caregiving role. It's easy to get used to things being okay and forget to appreciate it. You're juggling a lot with history studies and caregiving, so take a moment to enjoy the stability while it lasts."
syn_004638,synthetic_heldout,Caregiving Challenges – None Reported,"Things are alright. My younger sibling's depression is being managed and we've got a routine at home in Berlin. I'm studying and working part-time in education, two years into this. Right now it feels manageable. Just wanted to check in somewhere.","A manageable stretch with a working routine. That's genuinely good, especially after two years. Since things are calm, it's a good time to do something small for yourself: a social plan, rest, or a hobby you've set aside. If you want to note down what's making the routine work, what you do, what helps, what others contribute, it can help you spot what to protect if things shift. Glad it's a steady patch.","That's good to hear that things are alright, and that you've got a routine. Two years in, and still checking in, is a really good habit. It's easy to let that slip when things feel stable. Is there anything specific you wanted to check in about, or just a general sense of wanting to connect?"
syn_004640,synthetic_heldout,Caregiving Challenges – None Reported,"Things are okay with my mum's depression right now. Our long-distance setup from here in India is working and she's stable. I work part-time in education, three years into this. I just feel so tired though, even when things are fine. Like I can't catch up on rest no matter what I do.","It makes sense that tiredness lingers even in a stable patch, three years of long-distance caregiving leaves a kind of fatigue that doesn't reset with one good night's sleep. Can I ask what your sleep and downtime actually look like right now? Sometimes there's a gap between getting rest and feeling rested, and it helps to look at what's filling the quiet moments. Is there anyone you could talk to about this tiredness, a GP or counsellor who could check in with you properly?","That's a really common feeling when things are stable but you've been running on empty for a while. It's like the relief doesn't automatically refill your energy. Three years of part-time caregiving alongside work is a lot.

One thing that helps some people is time-blocking, even if it's just for a few hours a week. It's about deliberately scheduling rest, not just fitting it in around everything else. If you're interested, there's a guide on that here: [https://80k.info/fsp](https://80k.info/fsp).

If it's more than just tiredness, and you're feeling constantly depleted, it's worth talking to a doctor or therapist. They can help you figure out if there's something else going on, or if you need support to recharge."
syn_004666,synthetic_heldout,Support Needed,"I'm 23, Black African, Buddhist, living in Egypt and studying social work part-time. My grandfather has a genetic illness and lives with me, two years now. I need genetic counselling resources for our family because I might carry it too, and I'm scared.","Worrying about your own risk while caring for your grandfather is a completely understandable fear, and wanting information is the right response. Start by asking your grandfather's doctor about a referral to a genetic counselling service, many countries in the region have them through university hospitals. The National Society of Genetic Counsellors has an international directory if local options are limited. Also, genetic testing isn't something you have to rush into, a counsellor can help you understand what's actually testable and what the results would mean before you decide. Knowledge is power here, not pressure.","That's a big worry, and it's good you're thinking about genetic counselling. It's a very specific need, and Egypt might not have many services. Your social work course might have a counsellor who knows where to start looking, or a professor with connections. Otherwise, a university genetics department is a good place to ask. I can also search for genetic counselling resources in Egypt if you'd like."
syn_004676,synthetic_heldout,Online Support – Willingness,"I'm an engineering apprentice in South Africa. My younger brother is on dialysis for kidney failure, and I help coordinate his care from another city. It's been about a year. I'm Jewish but not very observant. Honestly I'd join an online group if it actually understood the South African healthcare system, not just generic advice.","That's a sharp point, generic advice that ignores your local healthcare reality isn't much use when you're navigating dialysis logistics in South Africa specifically. Look at the South African National Kidney Foundation and the Kidney Care UK forums (which cover a lot of relevant dialysis content) for condition-specific support. For local context, the South African Federation for Mental Health sometimes runs carer support networks online. It's also worth asking your brother's renal unit whether they know of any virtual carer groups, local ones are gold. You deserve a space that gets your reality.","A year of coordinating care from a distance is a long time. It's good you're looking for something that understands the South African system, because generic advice can be useless or even harmful. I'm not aware of any groups specifically for South African caregivers, but I'll ask around. In the meantime, is there a social worker at the dialysis centre who could point you to local resources? They might know of online forums or support groups that are relevant to your situation."
syn_004688,synthetic_heldout,Online Support – Willingness,"I'm a history apprentice in Australia. My younger sibling has a traumatic brain injury, and we live together. It's been about a year. I'm Sikh, very observant, and Black African. I'd be open to online support, but I need it to understand both my cultural background and TBI, which is a combination I've never seen represented.","That combination is rarely represented, and you're right to want a space that holds both. You might need two complementary communities rather than one. Brain Injury Australia has online resources and peer support for TBI carers. For the cultural and faith layer, Sikh organisations sometimes run carer support through gurdwara networks. It's worth asking at your local gurdwara whether they know of any online groups. The practical TBI side and the cultural-spiritual side don't have to come from the same place. What feels like the bigger gap right now. TBI-specific guidance, or being understood as a Sikh carer?","That's a really specific need, and it's understandable why you haven't found it represented yet. It's a combination of cultural and medical factors that aren't often addressed together.

Online support is a good idea, given your time constraints. I'm going to look for resources that focus on TBI and cultural identity. There are a few organisations that specialise in brain injury support, and I'll see if any of them have specific programmes for Black African communities or can connect you with someone who understands your Sikh faith.

Would you like me to start with a search for those organisations? Or would you prefer to focus on finding a therapist who understands both your cultural background and TBI?"
syn_004699,synthetic_heldout,Online Support – Willingness,"I'm an apprentice in Germany. My grandfather has a traumatic brain injury, and I support him from a distance. It's been about a year. I'm Hindu, somewhat observant, Black Caribbean. I'd try online support, but I want it to be flexible. I can't commit to regular sessions because my schedule is unpredictable.","An unpredictable schedule is a reality for a lot of young carers, and you shouldn't have to commit to fixed sessions to get support. Asynchronous is the way to go, forums or message boards where you can dip in and out on your own time. Headway (the brain injury association) has an online community that's forum-based and doesn't require scheduled attendance. Carers Trust also has drop-in online support that's flexible. You can read, post when you have a moment, and step away when you don't. Support that bends to your life is out there.","A year of distance support after a traumatic brain injury is a long time, and unpredictable schedules make it harder. Online support that doesn't need regular sessions is a good idea. Some organisations offer forums or message boards where you can ask questions or share experiences when you have a moment. Would you like me to find some for you?"
syn_004705,synthetic_heldout,Online Support – Barriers,My girlfriend was diagnosed with early-onset Alzheimer's and we live together in Sydney. I'm only 19 and a history apprentice. This has been going on over five years. Every online group is for people in their seventies whose partners have had full lives. We haven't even started ours. I feel completely invisible.,"You're not invisible. You're in one of the least represented corners of caregiving, and that loneliness is real. Early-onset Alzheimer's Australia has specific resources for younger people affected by younger-onset dementia, and Dementia Australia can connect you with others in your situation. Those connections matter because the grief and the practical questions are fundamentally different when you're 19. Even one conversation with someone who got the same diagnosis at a young age can shift things. Please reach out to them. You shouldn't be the youngest person in every room.","That's a really sharp way to put it, ""completely invisible."" It's true that most resources are geared towards a different stage of life, and it's understandable you'd feel lost in that gap. Five years is a long time to be navigating this, especially while starting your trade.

Do you have a supervisor or mentor at your apprenticeship who knows what's going on? Sometimes just having one person at work who understands can make a difference. And there are carer organisations in Sydney — would you like me to find a few that specifically mention young carers or early-onset dementia?"
syn_004729,synthetic_heldout,Current Digital Tool Use,"I'm a biology student in Cape Town, and I've been helping care for my mum who has a physical disability for over five years now, mostly from a distance. My Sikh faith helps me stay grounded, but my organisational system is just voice notes to myself and a wall calendar at her place. I can never find the voice note I need when I'm on the phone with her doctor.","Voice notes are a clever way to capture things in the moment, but the search problem is real, especially when a doctor is waiting and you're scrolling through dozens of recordings. Two questions: first, what kind of information are you usually hunting for in those notes, symptoms, medication changes, or appointment details? If it's mostly one type, we could narrow the fix. Second, would a simple shared note (Google Keep or similar) that you both can access work, where you jot a one-line entry after each call? Sometimes a short text log is easier to scan than audio when you're under pressure.","Five years is a long time to be juggling studies and caregiving, even from a distance. It's common for systems to feel chaotic when you're relying on voice notes and a calendar. What if you tried a shared online calendar, or a simple notes app that you can access from your phone and computer? That way, you'd have the information in front of you when you're talking to her doctor. It's a small step, but it might make a difference."
syn_004751,synthetic_heldout,Support Currently Used,"My uncle's brain injury recovery has been three years now. I'm in London, he's up north. Our mosque community has been good about visits, and I manage his appointments remotely as a med student. But honestly I feel like I'm failing both, my studies and him.","Three years of remote coordination alongside medical studies is a serious commitment. Your mosque community stepping in for visits is genuinely valuable support. Two things: ask your uncle's GP surgery about a care coordinator or social worker who can be your eyes and ears locally. You shouldn't have to be both student and case manager. And talk to your medical school's welfare team about flexible arrangements. Many have them but don't advertise them. You're not failing, you're spread thin.","Three years is a long time to be managing this from a distance, and med school is demanding. It's not failing to admit you're stretched thin, it's being realistic. Could you talk to the mosque about a local volunteer who could visit more often, or someone who could sit with him while you study? Or maybe a caregiving organisation in his area could offer practical help?"
syn_004777,synthetic_heldout,Caregiving Challenges – Balance & Time,"My best mate went into kidney failure last year and I've been his main emotional support from 200 miles away. Between dialysis updates and late-night calls when he's low, my biology coursework is slipping. I feel like I'm failing at both things at once.","Supporting a close friend through dialysis from a distance is more draining than people realise, and coursework slipping doesn't mean you're failing. It means you're stretched. Two small shifts: agree a regular check-in time with your mate so the calls don't scatter across your week, and tell your tutor or student support about your situation. Most unis have mitigation policies they won't mention unless you ask. You're carrying a lot for a friend. A young adult carers service can also talk through what support you're entitled to locally.","That's a really hard place to be, trying to balance your friend's health and your own studies from a distance. It's easy to feel like you're not doing either thing well enough when you're stretched so thin. It's good you're his main emotional support, but it's also okay to admit that it's taking a toll on your coursework. Have you spoken to your biology department about what's going on? They might have some flexibility or resources to help you catch up."
syn_004786,synthetic_heldout,Caregiving Challenges – Balance & Time,My older brother had a stroke three years ago. I'm in Mexico City studying education part-time and he's in Monterrey. I coordinate his rehab schedule and check in daily but it's eating into every weekend. I haven't had a free Saturday in months.,"Coordinating stroke rehab from another city for three years is a serious commitment, and losing every Saturday to it would exhaust anyone. Two practical moves: ask his rehab team whether a local case coordinator can take over schedule management, many rehab centres have one and families simply don't know to ask. Also, try designating one Saturday per month as fully yours, no care calls, just a text saying you'll catch up Sunday. Protecting one day doesn't undo your commitment. It keeps you sustainable.","Months of weekends gone is a lot. It sounds like you're holding a lot of responsibility across a long distance, and that the study-life balance is tipping. What part of the rehab coordination feels most urgent, or could be shared with someone local?"
syn_004791,synthetic_heldout,Caregiving Challenges – Balance & Time,I'm an engineering apprentice in Lagos and my younger sister has Down syndrome. We live together and I help with her routines before and after work. Three years in and I'm always late to the workshop because mornings are unpredictable. My supervisor is losing patience.,"Three years of morning caregiving before a demanding apprenticeship is a lot, and your supervisor's patience running thin adds real pressure. A couple of things that can help: sit down with your sister the night before and lay out everything she needs for morning, clothes, breakfast items, any visual schedule she follows, so fewer decisions happen in real time. Also, have an honest conversation with your supervisor about your home situation. Many apprenticeship programmes have flexibility they won't offer unless asked. Nigeria's Down Syndrome Foundation may also have local respite or morning support options worth exploring.","That's a really tight spot. You're juggling a demanding apprenticeship with a sibling who needs consistent support, and it's hitting your work life. Three years of mornings being unpredictable is a long time to be late, and your supervisor's patience wearing thin is a signal that something needs to shift.

What's the biggest source of unpredictability in the mornings? Is it getting her ready, getting her to school or a day program, or something else? Knowing that can help you focus on one small change. Also, have you spoken to your supervisor about your situation? It's a risk, but sometimes explaining the reality of your mornings can create understanding."
syn_004794,synthetic_heldout,Caregiving Challenges – Balance & Time,"I live with my grandmother in Cairo and she's had diabetes complications for about a year. I'm studying social work and trying to manage her insulin schedule, foot care, and diet alongside my coursework. Some weeks I miss every lecture and just survive.","Managing diabetes complications, insulin, foot care, diet, alongside a social work degree is a heavy daily load, and missing lectures to survive isn't failure, it's triage. Two practical steps: ask her diabetes nurse about a structured care plan that simplifies her routine. Sometimes regimens can be streamlined in ways that reduce your daily tasks. Also, speak to your social work faculty about attendance flexibility or recorded lectures. Many programmes in Egypt have these options but don't advertise them. A local diabetes association may also offer caregiver support or education sessions that lighten your load.","That's a lot to carry, and it's okay to say it's overwhelming. You're juggling a demanding course with a lot of hands-on care, and it's understandable that lectures get missed. Your university might have a student support service that can help with special considerations for caregivers, or even connect you with resources for diabetes care in Cairo. Would you like me to help you find those?"
syn_004804,synthetic_heldout,Caregiving Challenges – Emotional Impact,"My uncle had a stroke and he's been recovering for years. I'm in Canada job-hunting after my history degree and he's overseas. I check in weekly but I feel this constant low-level grief, like I'm mourning someone who's still alive.","What you're describing sounds like anticipatory grief, grieving changes in someone while they're still here. It's real and confusing because the person is still there, yet different. It makes complete sense after five-plus years of this. Can I ask: have you been able to name this feeling to anyone, or are you carrying it quietly? Sometimes giving it a name loosens its grip. And is there a particular time of week when this grief feels heaviest, knowing that might help us think about what support you need.","That's a very common feeling in long recoveries, and with distance adding to it. It's grief for the life you both had, and the life you expected. Weekly check-ins are good, but it's okay to also just *feel* the grief, not try to fix it. Is there anyone closer to him who can give you a more detailed update when you check in, so you feel less like you're just checking boxes?"
syn_004807,synthetic_heldout,Caregiving Challenges – Emotional Impact,My close friend is autistic and we've lived together for years. I work in education part-time. Lately I feel like I'm disappearing. I shape my whole life around his routines and I don't know who I am outside of that anymore.,"That feeling of disappearing is important to pay attention to, when caring is woven into daily life for years, it's easy to lose sight of where you end and the caring begins. Can I ask: are there any activities or interests that used to feel like 'yours' that have slipped away? And does your friend know how you're feeling, or is this something you're holding separately? Sometimes even small conversations can shift the dynamic enough to create space for yourself again.","That's a really common feeling when you're a long-term caregiver, especially when you've adapted your life so closely to someone else's routines. It's easy to lose sight of your own needs and identity in the process. It's good you're noticing it now, because it's a sign you need to reclaim some space for yourself.

What's one small thing you used to enjoy that you could fit back into your week, even if it's just for an hour? It doesn't have to be big or life-changing, just something that reminds you of who *you* are."
syn_004808,synthetic_heldout,Caregiving Challenges – Emotional Impact,My older sibling has schizophrenia and we live together. I'm studying computer science and working part-time. It's been about a year and I feel like I'm walking on eggshells constantly. I love them but I'm so tired of being on guard.,"Walking on eggshells in your own home is exhausting in a way that builds up quietly. You're always reading the room, always bracing. That constant vigilance takes a real toll. Can I ask: do you have any time at home where you can fully relax, or is the alertness always on? And is your sibling connected with mental health services that include family support? Organisations like carer support groups specifically for schizophrenia can be invaluable. You shouldn't have to navigate this without a network of your own.","That ""walking on eggshells"" feeling is a common response to someone with schizophrenia, and it's exhausting. It's a lot to balance studies, work, and being constantly on guard. You're right to recognise that this isn't sustainable. Do you have a doctor or psychiatrist who is treating your sibling? If so, could you ask for a family meeting to discuss how to make the home environment more predictable? If not, could you ask your sibling if they'd be open to seeing a professional?"
syn_004823,synthetic_heldout,Caregiving Challenges – Emotional Impact,My aunt has Parkinson's and she lives a few hours away. I'm studying social work and working part-time. It's been a few months and I feel this heavy sadness all the time. My faith helps but I can't shake it.,"That heavy sadness makes sense. Parkinson's is a progressive condition, and watching someone you love change is genuinely grieving, even while they're here. Your faith is clearly a source of strength, but it's okay if it doesn't lift everything. Two things: see if there's a Parkinson's support organisation near your aunt that offers family support. They often understand what you're going through better than anyone. And if the sadness has been constant for a few weeks, please consider mentioning it to a GP or counsellor. You're carrying real weight.","Sadness is a natural response to seeing someone you love change, and it's okay to feel it deeply. It's also okay that faith isn't fully lifting it. It's a lot to carry—your studies, work, and the distance from your aunt. Is there a support group for Parkinson's caregivers that you could join, even online? Sometimes hearing from people who understand can help with the heaviness."
syn_004854,synthetic_heldout,Caregiving Challenges – Distance Caregiving,"My grandfather is autistic and lives back in Poland while I study economics here. Three years I've been checking in from afar, helping him navigate things by phone. My Sikh faith teaches me to serve family but honestly I'm just tired and I feel terrible saying that.","Three years of remote support while studying, tired is the honest response, not a failure of your values. Seva (selfless service) doesn't mean running on empty indefinitely, even within Sikh teachings, caring for yourself is part of sustaining care for others. Two practical things: check if there's a community organisation near your grandfather that offers in-person support for autistic adults. You shouldn't have to be his only lifeline by phone. And talk to your university's wellbeing service about what you're carrying. They can factor caregiving into your academic life. Being tired doesn't make you less devoted.","Three years of long-distance caregiving is a lot, and it's okay to be tired. Your faith teaches service, but it doesn't ask you to run on empty. It's not selfish to need space, especially when the work is draining. What's one small thing you could step back from this week, or one way to make the calls feel less exhausting?"
syn_004891,synthetic_heldout,Caregiving Challenges – None Reported,"My aunt in another city has diabetes with complications and I've been supporting her from a distance for a few months. I work part-time in graphic design. My Christian faith matters to me somewhat. She's stable right now and things are manageable, just adjusting to the new role.","It's good to hear your aunt's stable and things feel manageable, even though the role is still new. A few months of distance support is early days. You're still finding your feet. A couple of things worth thinking about: do you have a clear picture of who her local support network is, neighbours, friends, healthcare contacts, in case you need to coordinate something from afar? And as you adjust to this new role, is there anything that would help it feel more sustainable, a regular check-in time that works for both of you, or someone you can debrief with? Enjoy the manageable phase.","Adjusting to a new role is a good way to put it. It's a shift, even when things are stable. Graphic design is a creative outlet, and faith can be a source of strength. You're balancing work, distance, and a new support role. Is there a church or faith community in her city that might be a point of connection for her, or for you to check in through?"
syn_004894,synthetic_heldout,Caregiving Challenges – None Reported,My girlfriend has multiple sclerosis and we live together in Mexico. I'm a part-time history student and my Muslim faith is very important to me. We've been managing for about a year and things are stable. Just wanted to check in and say things are okay.,"That's genuinely good to hear, a year of stable co-resident care with a working routine and a faith that sustains you is a solid foundation. Since things are calm, a couple of practical thoughts: MS is a condition that can shift, so is there a point where you'd want to review what support options exist locally, before you need them? And is there something you've been putting off for yourself, socially, academically, physically, that this steadier period could make space for? Enjoy the calm, it's well earned.","Okay, that's good to hear. ""Stable"" is a word to hold onto, and a year is a good stretch. You're balancing a lot — studies, faith, a long-term relationship with someone who has MS, and living in a new country. It's okay to just *be* with that for a moment, and let the ""okay"" settle in.

If you're finding that the ""okay"" feels more like ""holding steady"" than ""peaceful,"" or if you'd like to talk about the faith side of things, or how being in Mexico affects things, I'm here. But for now, just knowing you're checking in and things are stable is a good sign."
syn_004906,synthetic_heldout,Support Needed,"My dad has heart failure and I've been his distance-carer here in South Africa for as long as I can remember. I'm studying fine arts and working part-time, and my Hindu faith is central to how I cope. But I've never reached out for actual support and I don't know what's available.","Reaching out now, even just asking what exists, is a genuine step, especially after doing this for so long. South Africa has organisations like the Heart and Stroke Foundation that offer resources for families affected by heart failure, and some universities have student wellbeing services that include counselling for student carers. Your Hindu community may also be a source of emotional or practical support, given how central it is to your coping. Start with one, maybe the Foundation's family resources, and see what feels useful. You've been carrying this quietly for a long time, and you don't have to keep figuring it out entirely alone.","You've been a distance-carer for your dad for a long time, while also studying and working, and your faith is a source of strength. That's a lot to carry without support. It's brave to admit you haven't reached out before, and it's a good step to ask now.

One thing caregivers find helpful is connecting with others in similar situations. The experience shared by someone in a caregiving organisation might resonate. Would you be open to looking for a local support group, or even an online forum? Sometimes just knowing you're not alone can make a difference."
syn_004918,synthetic_heldout,Support Needed,"My older sibling had a stroke two years ago and I support them from here in Mexico. I'm studying education part-time and my Christian faith is really important to me. But lately I just feel so drained, like I'm disappearing. I don't know what support exists and I'm not sure how much longer I can do this alone.","I'm hearing how depleted you are, and I want to take that seriously. Feeling like you're disappearing after two years of distance caregiving. That deserves real support, not just coping strategies. Please consider talking to someone soon: your university's student support service, a counsellor, or a healthcare professional where you are. They can help you access carer support that exists in Mexico for stroke families. Your church community may also be a source of care for you right now. What you're feeling matters, and you deserve support as much as your sibling does. Would you consider reaching out to one of those this week?","That's a really common feeling for caregivers, especially when you're also studying and trying to hold onto your own life. It sounds like you're carrying a lot, and it's okay to admit that it's draining you.

You mentioned your faith is important to you. Are there any faith-based groups or charities that offer caregiver support in Mexico? Sometimes those communities have practical help and emotional support networks.

Also, there are caregiver companion groups where you can talk to people in similar situations. One caregiver said that being part of a caregiving organisation since they were 10 helped them a lot.

If you'd like, I can help you find some resources in Mexico."
syn_004940,synthetic_heldout,Online Support – Willingness,My older brother has had depression for over five years and I support him from another city in Brazil. I'm studying engineering and my Christian faith matters to me. Honestly I'd look for online support but I'm so drained that some days I feel like I'm barely holding myself together. I don't even know if a group would help or just be one more thing.,"It sounds like you're carrying a lot, five years of supporting someone with depression long-distance while studying is an enormous amount, and feeling barely held together makes complete sense. Before thinking about online groups, I want to ask: are you getting any support for yourself right now, a counsellor, a GP, anyone you can talk to about how you're doing, not just about your brother? And when you imagine an online group, is it something where you could just read and listen without pressure to participate, or does that still feel like too much? You don't have to figure out the right answer. I just want to understand where you're at.","That's a lot to carry across a distance, and it's normal to feel drained when you're the main support for someone with depression. It's good you're aware that you're at risk of burnout, and it's okay to question whether a group would help or just add to the load.

Since you're already online, and you're not sure if a group would help, maybe start with a single technique? The STOPP process is a quick CBT-based technique that can help you work with difficult emotions. It's a small step you can try when you're feeling overwhelmed.

If you'd like to explore other therapies, the UK’s National Health Service publishes evidence-based advice on treatments for most conditions at nhs.uk/mental-health/."
syn_004943,synthetic_heldout,Online Support – Willingness,My grandmother has Parkinson's and I've been supporting her from the US for three years. I'm an engineering apprentice and my Muslim faith grounds me. I'd be open to online support but I want something I can access on my phone during my commute. I don't have time to sit at a laptop for a scheduled session.,"Time-friendly access is a completely reasonable requirement, scheduled sessions don't work when your day is already packed with an apprenticeship and long-distance caregiving. Phone-accessible options that might work: carer community apps that let you read and post on the go, Parkinson's-specific forums with mobile-friendly layouts, and chat-based groups on messaging platforms where conversations happen asynchronously. Some Parkinson's organisations have apps or mobile-optimised communities for carers. Your commute could actually become a small window of connection rather than dead time. It's okay to want support that fits your life rather than rearranging your life to access support.","That's a good point about fitting support into your commute. It's smart to think about what's realistic for your time. Action for Children offers text and email support, which might be a good fit. Would you like me to find a link for that?"
syn_004944,synthetic_heldout,Online Support – Willingness,"My younger sister has bipolar disorder, three years now, and I support her from Germany where I work full-time in history research. I'm not religious at all. Honestly I'd try an online group but lately I'm so worn down that I wonder if I even have the energy to talk to strangers about this. Some nights I just feel like disappearing from everything. I'd never do anything but the exhaustion is bone-deep.","I'm really glad you told me. That feeling of wanting to disappear, even when you're clear you wouldn't act on it, is a sign you're carrying far more than anyone should carry alone, and it deserves real support, not just coping tips. Please tell someone today: your doctor, a counsellor, or a crisis line in Germany (Telefonseelsorge: 0800 111 0 111 or 111 0 222, free and 24/7) where you can talk to a trained person straight away. They help many carers who feel exactly this kind of exhaustion. You matter separately from everything you do for your sister. Would you consider reaching out to one of those today?","That exhaustion is bone-deep, you say. It's understandable to feel like disappearing when you're worn down like that. It's not a lack of caring, it's a sign you're carrying a lot.

You're supporting your sister from a distance while working full-time, and that's a lot to hold. Online groups can be helpful, but they also require energy. Maybe start with just browsing a forum like the Effective Altruism Forum, and see if anything resonates before jumping into conversations? Or even just a small, five-minute favour for someone else in the community, as a way to dip your toe in without a big energy commitment.

If the exhaustion is persistent, please do talk to a doctor. They can rule out other causes and offer support."
syn_004955,synthetic_heldout,Online Support – Barriers,"My uncle has long COVID and I'm trying to help from Canada but he's in another country. There's almost nothing reliable online about long COVID. It's all rumours, supplements, and conflicting theories. I don't know what to trust.","You're right to be cautious, long COVID is still so new that misinformation sits right alongside emerging research, and it's genuinely hard to tell them apart. Stick to sources that explicitly cite studies: the WHO's long COVID page, your uncle's national health service, and post-COVID clinics at university hospitals. Patient-led research like the Patient-Led Research Collaborative is also careful about evidence. Avoid anything selling supplements or promising cures. That's the red flag. What specific symptoms or challenges are you trying to understand for him? That'd help me point you to the most relevant trustworthy source.","That's a really frustrating spot to be in. You're right to be wary of online information, especially when it's so patchy. A good starting point is the Canadian government's site on long COVID: [https://www.canada.ca/en/public-health/services/diseases/long-covid.html](https://www.canada.ca/en/public-health/services/diseases/long-covid.html). It won't have everything, but it's a reliable base. If your uncle has a doctor, ask if they can connect you with a specialist who knows about long COVID. Even a quick phone call with a specialist could help you filter out the noise."
syn_004963,synthetic_heldout,Online Support – Barriers,My boyfriend has diabetes with complications and we live together in Vietnam. I work full-time in law and have no time to dig through forums. Everything useful is behind a paywall or in English. I just need a few reliable pages I can bookmark.,"Time and language barriers on top of paywalls, no wonder you've given up on searching. Three bookmarks worth making: the International Diabetes Federation has a Vietnam page with regional resources, Diabetes UK has free, plain-language complication guides, and your boyfriend's endocrinologist or diabetes clinic can point you to local Vietnamese-language resources you won't find via Google. Save those three and stop searching for now. If his clinic has a diabetes educator, one visit with you both there could replace hours of online research, and it'd be in your language.","That's a really common problem: it's exhausting to spend your limited free time sifting through information, especially when it's not in your language or costs money. It's also hard to know what's reliable.

The World Health Organization has a lot of information on diabetes, and it's often translated into multiple languages. Here's their main page: [https://www.who.int/news-room/fact-sheets/detail/diabetes](https://www.who.int/news-room/fact-sheets/detail/diabetes)

The International Diabetes Federation also has a lot of resources, and they have a directory of diabetes associations by country, which might lead you to local resources in Vietnam: [https://www.idf.org/](https://www.idf.org/)

If you're looking for information on complications specifically, the American Diabetes Association has a good overview, and you can use a translator to read it: [https://www.diabetes.org/diabetes-complications](https://www.diabetes.org/diabetes-complications)

Would it be helpful to brainstorm a few specific questions you have about his care, so we can narrow down what you need to look for?"
syn_005001,synthetic_heldout,Support Currently Used,My church community has been a real lifeline since my friend with Down syndrome moved in with me six months ago. I'm working part-time in nursing school in the US and honestly don't know how I'd manage without the prayers and meals people bring. But I feel like I'm always receiving and never giving back.,"It's genuinely good that your church community shows up like that, meals and prayer support are practical love, and accepting them isn't a one-way street. Communities don't measure these things the way your guilt does. One small shift: when someone brings a meal, ask them to stay ten minutes and just sit with you. That turns a transaction into a real connection, which is usually what they actually want. And if you ever want to give something back, telling your church's pastoral team what's been helpful (so they can do it for others) is a gift in itself. You don't owe them a balance sheet.","It's common to feel that imbalance when you're in a caregiving role, especially when your community has stepped up so generously. It's not selfish to notice that you're mostly receiving right now. It's a sign you're aware of the flow of support, and that awareness is a good starting point.

What's one small way you could acknowledge the support you're getting, even if it's not a reciprocal act of service? A thank-you note, a quick phone call, or even just a mental note of gratitude can shift the feeling of imbalance."
syn_005011,synthetic_heldout,Support Currently Used,I'm in Vietnam and my girlfriend is back home. She was diagnosed with schizophrenia about six months ago. My Hindu practice and temple community give me strength but I feel so disconnected from her daily reality. I'm a recent law graduate looking for work and I just feel useless from here.,"Feeling useless from a distance is one of the heaviest parts of long-distance caregiving, and six months in, you're still finding your footing. Your temple practice giving you strength is worth holding onto. One thing that might help: ask your girlfriend if there's one small thing you could do regularly from where you are, a scheduled video call, helping her organise appointments, even just being the person she texts when things feel off. A predictable role, even a small one, can ease the 'useless' feeling because you know you're contributing something specific. And if her care team has a family contact, introducing yourself by phone can help you feel less on the outside of her daily reality.","Six months is still early days with a new diagnosis. It's understandable to feel disconnected when you're so far away, and it's a lot to carry alongside job hunting. You're not useless, though. You're holding a long-distance relationship together, and you're actively seeking work. That's a lot.

If you can, could you ask her care team about ways to stay involved from a distance? Sometimes they have suggestions for how to bridge that gap. If she's open to it, maybe a shared journal or regular video calls focused on small, everyday things? And if you're feeling overwhelmed, there are online support groups for caregivers of people with schizophrenia. They can offer a sense of community and practical advice."
syn_005036,synthetic_heldout,Caregiving Challenges – Balance & Time,My grandmother lives in another city and has epilepsy. I'm studying graphic design in Stockholm and for the past few months I've been driving up every weekend to check on her. My course projects are really suffering but I can't stop.,"Weekly drives to check on your grandmother show real love, but your course suffering for months is a cost that will compound. Try alternating weekends, every other week in person, and a long video call on the off weeks. If there's a neighbour or local service that can do a brief midweek check-in, that covers the gap. Your design projects aren't selfish. They're your future, and protecting them is part of being able to help her long-term too.","That's a huge amount of travel on top of a demanding course. It's not surprising your projects are suffering, and it's really hard to keep going when you're spread so thin. Have you spoken to anyone at your course about what's happening? They might be able to offer some flexibility or support."
syn_005039,synthetic_heldout,Caregiving Challenges – Balance & Time,My boyfriend has chronic pain and we're long-distance. I'm studying CS and working part-time in Australia. I stay up late managing his emotional crashes over video calls and then I can't function at my placements the next day.,"Supporting someone's pain from a distance through late-night calls while managing placements is depleting you in a very direct way, and the lost sleep is compounding it. Try this: agree a hard cutoff for evening calls, say 10pm, after which you switch to voice notes only. Emotional support doesn't have to happen in real time to be real. Also, if his pain is escalating, is he connected with a pain psychologist or local support group? You can be his partner without being his only support system, and that boundary helps you both.","That's a really tough cycle, and it's understandable that you're struggling to function at placements when you're running on so little sleep. It's good you're recognising that the late-night calls are impacting your work. One caregiver found that having a system where they could take breaks at any time was more useful than therapy, because they already knew what to do and just needed space. Would it be possible to set up a similar system with your boyfriend, where you can step away from calls if you need to, or set a time limit?"
syn_005041,synthetic_heldout,Caregiving Challenges – Balance & Time,I graduated in education and I'm looking for work in Cairo but my father is autistic and lives with me. I only started really caregiving a few months ago and I can't find time to interview because his routine disruptions take up whole days.,"A few months in, you're still in the steepest part of the learning curve, both figuring out his routines and your own limits, so the overwhelm makes sense. Try building a weekly grid: map his predictable routine disruptions on it, then slot interview prep into the gaps that are most likely to hold. If certain disruptions recur at the same times, that's where a set routine with another person can help. Also, if you're not connected with an autism support organisation in your area, they often have practical resources for family carers that can lighten the load.","It's really common for new caregiving to feel like it's swallowing up all your time, especially when it clashes with something as structured as interviews. The Children's Society has a guide about employment for young carers that might help you think through how to talk to employers about your situation. It's at carers.org/sites/default/files/media/employment_booklet_a5_leaflet_version_4_final.pdf. Would it be useful to look through that, or to think about what kind of flexibility you'd need to make interviews work?"
syn_005045,synthetic_heldout,Caregiving Challenges – Balance & Time,My girlfriend has cystic fibrosis and we live together in Jakarta. I work part-time in fine arts and for five years I've managed her treatments around my shifts. Lately I'm so drained I can't create anything and I feel like I've lost who I am.,"Five years of treatment management alongside work is enormous, and losing your creative spark isn't a failure. It's what happens when your identity shrinks to 'carer' and nothing else gets fed. Try carving out one studio hour twice a week that's non-negotiable, even if treatments have to flex around it. Your creative work isn't a luxury. It's part of what keeps you whole. If her CF team includes a social worker, ask about respite options, even a few hours of paid care a week can give you back the space to breathe and make things again.","That's a really common experience for caregivers, and it's not selfish to feel that way. You've been managing her treatments for five years, and lately you're drained and can't create anything. It's okay to feel that way. It's okay to feel like you've lost who you are.

If you're feeling guilty about needing space, remember that you can't pour from an empty cup. You can still help, but sometimes that's counterproductive. You need to take care of yourself first.

If you're feeling down, you might want to try CBT. There are apps like Uplift or books like Feeling Good by David Burns. Or you could talk to a therapist."
syn_005050,synthetic_heldout,Caregiving Challenges – Emotional Impact,"I graduated with my economics degree last spring, but honestly I'm emotionally drained. My aunt back home has struggled with anorexia for three years now, and I check in on her constantly from two states away. Between job rejections and worrying about her, some days I can't even get out of bed. My family's faith helps a little, but I feel like I'm failing everyone.","That's a heavy combination, job-hunting is isolating on its own, and carrying worry about your aunt from afar makes it doubly so. It makes sense you feel stretched thin. Can I ask what support you currently have around you, whether friends, church community, or anyone you can be honest with about how bad it's gotten? And when you say you can't get out of bed some days, is that happening more often lately? If so, that's worth talking to a doctor or counsellor about, because you're allowed to get help too, not just give it.","That's a lot to carry, and it's okay to feel drained. Job rejections are hard enough on their own, but adding the worry about your aunt, and the distance between you, makes it even harder. It's not failing anyone to need a day in bed sometimes.

If you're open to it, Cognitive Behavioral Therapy (CBT) can help with managing those feelings. There's a book called *Feeling Good* by David Burns, and an app called Uplift that some people find helpful. Sometimes just having a way to reframe your thoughts can make a difference.

If you're able, talking to a therapist or counselor might help you sort through the emotional weight you're carrying. It's okay to ask for help, and it doesn't mean you're failing anyone."
syn_005075,synthetic_heldout,Caregiving Challenges – Care Recipient Behavior,"My boyfriend is autistic and we've been long-distance for about six months now. He goes nonverbal sometimes when overwhelmed, and I never know if I should keep texting him or give him total silence. I'm working part-time in CS here in Brazil and I can't focus when I'm worried I've made it worse.","It shows real care that you're trying to read his needs rather than imposing your own instinct. With autistic partners, the most reliable approach is usually to ask directly during a calm period what they prefer when overwhelmed, some people want low-pressure presence, others need space. Has he ever told you what helps when he's shutting down, even in passing? And do you have a sense of how long these episodes usually last? If we know his pattern, we can build a simple plan you both agree on, so you're not guessing each time.","That's a really hard balance to strike, especially when you can't see his face or hear his tone. It sounds like you're stuck in a loop of worrying about whether your contact is helping or hurting, and that's draining. If he's shared a preference in the past about what he needs when he goes nonverbal, start there. If not, maybe a quick text like ""Hey, just checking in, no need to reply unless you want to"" could signal you're available without adding pressure. And if you're losing focus at work, maybe set a timer for checking his messages, so you can carve out a bit of space for worry without letting it take over your whole day."
syn_005102,synthetic_heldout,Caregiving Challenges – Distance Caregiving,My boyfriend's bipolar disorder means I'm always watching for mood shifts even when we're just at home together in São Paulo. Three years of this and I can't relax in my own flat. I love him but I'm tired in a way I can't explain.,"That constant vigilance, even in your own home, is one of the hardest parts of caring for someone you live with, and three years of it would wear anyone down. Two things worth trying: agree with him, during a stable period, on what 'I need a break' looks like and what his early warning signs are, so you're not the only one tracking them. And please consider talking to a therapist yourself, caring for a partner with bipolar disorder is recognised as emotionally demanding, and you deserve support that's just for you, not only for him.","Three years of always being on alert is exhausting. It's not just the watching for shifts, it's the loss of your own space to simply *be*. You're tired in a way that doesn't go away with sleep, because it's a tiredness of the spirit.

Do you have a doctor or therapist you can talk to about this? Someone to help you find ways to recharge that don't rely on your boyfriend's mood? There's a guide on changing unhelpful beliefs that might help, too: [https://80k.info/ABC-CBT](https://80k.info/ABC-CBT)."
syn_005134,synthetic_heldout,Caregiving Challenges – None Reported,Things are okay right now. My girlfriend had a traumatic brain injury about a year ago and she's recovering well. I support her from here in the Philippines while I look for nursing work. My Hindu faith gives me strength. Just wanted to check in.,"That's genuinely good to hear, her recovering well after a year is worth appreciating, and it sounds like you've both found a way to manage the distance. Since things are steady, this could be a good time to focus a little energy on your own job search and wellbeing, is there something small for yourself you've been putting off while focusing on her recovery? And it might help to note down what support you provide from a distance, so if things shift you both know what's in place. Glad it's a good patch.","Okay, that's good to hear things are okay right now. A year after a traumatic brain injury is still early in recovery, and supporting someone from a distance adds another layer of complexity. It's good you have your faith as a source of strength. Do you have a local community or online group that shares your faith and could offer some support? Sometimes just knowing others understand your beliefs can make a difference."
syn_005148,synthetic_heldout,Caregiving Challenges – None Reported,Things are fine. My younger sibling is recovering from anorexia and we live together here in Kenya. I'm studying business full-time and my Buddhist practice helps me stay grounded. They're doing well with their treatment team and things feel stable.,"That's genuinely good to hear, your sibling doing well with their treatment team and things feeling stable is worth appreciating, especially alongside your studies. Since things are calm, it can be a nice time to do one small thing for yourself that's easy to skip when life gets busier, seeing friends, a health check, a rest day. And it might help to jot down what parts of their routine depend specifically on you, so if things shift someone else can step in more easily. Glad it's a good patch.","That's good to hear. Stable feels like a big win, and a Buddhist practice is a good anchor when things feel uncertain. You're juggling a lot, business school and supporting a sibling, and it's good that things are stable for now. If the stability shifts, remember that talking to someone outside the family can be helpful, even if it feels harder to ask."
syn_005178,synthetic_heldout,Online Support – Willingness,"I'm open to online support but I'm picky about how it's run. I'm 25, working part-time in education here in Kenya, and I've been caring for my aunt with dementia at home for two years. My Hindu faith matters to me, and with my Middle Eastern background, I want something culturally aware, not a one-size-fits-all.","Being selective about how a group is run shows you know what you need, and culturally aware support for dementia is genuinely hard to find, especially when you're navigating faith and family expectations at the same time. When you imagine a group that would actually work for you, what matters more: that it's moderated by someone with professional dementia knowledge, or that the other members share similar cultural and faith backgrounds? And would you prefer a structured format with topics and sessions, or something more informal where you drop in when something's on your mind?","You're right to be picky. A one-size-fits-all approach won't work, especially with dementia care, and even more so when faith and culture matter. It's good you know what you need.

The Children's Society guide mentions Carers Passports, which could save you repeating your story to different services. It's worth checking if that exists in Kenya.

Another caregiver found a companion group of peers helpful, and you might find that kind of group is more culturally aware than a general online forum. Is there a Hindu or Middle Eastern community centre near you that might run something like that?"
syn_005206,synthetic_heldout,Online Support – Barriers,"I'm 20, working part-time in Indonesia, and my grandmother has early-onset Alzheimer's. She's lived with me about a year. Online everything is about later-stage Alzheimer's in elderly people, but my grandma is only 58. I can't find anything that maps onto what we're going through.","Fifty-eight with Alzheimer's is unusual, and you're right that most resources skip past the early-onset experience entirely. They jump to late-stage care in much older adults. That leaves a real hole for someone in your position. Two starting points: early-onset dementia support groups (even international ones) often have family members closer to your situation, and your grandmother's neurologist can tell you what to expect at this stage specifically rather than the generic timeline. What's confusing you most right now, changes in her behaviour, or how to plan ahead? Both are worth exploring.","That's a really common problem, and it's frustrating when information doesn't fit. Early-onset Alzheimer's is much rarer, so resources are scarcer. You're right to notice the gap. What kind of things are you finding hard to map onto what you're seeing? Maybe we can break down what you're looking for into smaller pieces."
syn_005216,synthetic_heldout,Online Support – Barriers,"I'm 20, a part-time student in Sweden. My younger sibling has epilepsy and I support them from afar, three years now. The online resources are either super basic 'what is a seizure' stuff or aimed at parents of young children. Nothing for a sibling my age supporting another young adult.","That middle ground, beyond the basics, not a parent, supporting a peer-aged sibling, is genuinely under-covered, and you're right to feel that gap. A couple of starting points: epilepsy foundations in some countries have young adult sections, and epilepsy peer forums often have other siblings in their twenties sharing real strategies. Since you're at a distance, knowing what to do during a phone call when something happens is probably on your mind. What's the thing you most want to find, emergency response from afar, or day-to-day emotional support strategies?","That's a really common gap. Epilepsy resources are often geared towards parents or basic first aid, and it's frustrating when that doesn't fit your situation. Three years is a long time to be navigating this, and doing it from a distance while studying makes it harder. Have you come across any epilepsy associations in Sweden? They sometimes have sibling-specific support or at least more tailored resources than the general websites. If not, maybe a student support service at your university could help you find something?"
syn_005223,synthetic_heldout,Online Support – Barriers,"I'm 22, working full-time in fine arts in India. My girlfriend is recovering from a stroke and I care from a distance, a few months now. The stroke recovery resources I find are all for elderly patients. She's my age. I can't find anything about young stroke recovery from a partner's perspective.","Stroke recovery resources do overwhelmingly assume older patients, and young stroke partners are nearly invisible in the content that's out there. That gap is real and frustrating. Young stroke survivor networks sometimes include partners and can be a closer match than general stroke charities. Stroke rehab hospitals also tend to have better young-adult content than general health sites. Since you're doing this from a distance, what's the biggest question on your mind, her recovery timeline, how to support her emotionally, or something practical about coordinating care? Knowing that helps point you in the right direction.","That's a real gap in what's available, and it's frustrating when resources are geared towards a different age group. It's also a lot to navigate from a distance. Is there a stroke association in India that might have a helpline or a forum where you could connect with other partners of young stroke survivors? Sometimes just hearing how others are managing can help."
syn_005226,synthetic_heldout,Current Digital Tool Use,"I'm a history student in Vietnam, Muslim, and I've been caring long-distance for my grandmother who has Down syndrome for about a year. My whole system is video calls plus a Notion page where I list her appointments. It's fine but feels fragile, like if I forget to update Notion everything collapses.","Video calls plus a Notion page is more organised than many carers manage in their first year, so give yourself credit for that. The fragility you're sensing usually has two sources: either the system depends entirely on one person, or there's no backup when life gets busy. Which of those feels more true for you? If it's the dependency, could a family member or her caregiver have view access to the Notion page so someone else can flag appointments too? Even read-only access means you're not the sole safety net.","That ""everything collapses if I forget Notion"" feeling is real. It's the weight of being the only one holding the system, and it's exhausting. What if you had a second, simpler backup system? Not a full replacement, just a list of appointments on paper, or a shared calendar with one other person? It doesn't have to be perfect, just enough to take the edge off the ""if I forget"" panic."
syn_005257,synthetic_heldout,Support Currently Used,"Mi abuela tiene cáncer y vive en otro pueblo. Trabajo a tiempo completo en negocios aquí en España y no tengo tiempo para casi nada. Mi pareja intenta ayudarme, me escucha, pero siento que le estoy poniendo demasiada carga encima.","Es comprensible que te preocupe sobrecargar a tu pareja, pero el hecho de que te escuche dice algo importante sobre esa relación. A veces, la diferencia entre 'apoyo' y 'carga' no es cuánto hablas, sino si tu pareja sabe qué necesitas. Una idea práctica: la próxima vez que hables del tema, dile algo concreto, 'solo necesito que me escuches cinco minutos' o '¿podrías ayudarme a organizar una videollamada con mi abuela este fin de semana?', eso convierte la preocupación difusa en algo manejable. También vale la pena buscar un grupo de apoyo para familiares de pacientes con cáncer en tu zona. La Asociación Española Contra el Cáncer ofrece grupos tanto presenciales como online.","It's understandable to feel overwhelmed when you're balancing work, a long-distance caregiving role, and a relationship. It's good your partner is listening, but it's also okay to feel like you're putting too much on them. Have you considered if a social worker could help your family sort out some of the practicalities, or if a counsellor could offer you a private space to talk through your feelings? The NHS guide I have access to says social workers can be requested, and counsellors are available in schools, hospitals and youth centres."
syn_005278,synthetic_heldout,Caregiving Challenges – Balance & Time,"I'm in Sweden, my boyfriend has Down syndrome, and we've been together three years. I work part-time and study history. His family relies on me for a lot of coordination even though I'm in a different city. I love him, but I'm drowning in appointments and admin I can't attend in person.","It's a lot to be coordinating from a different city, especially when you care deeply and his family leans on you for things you can't physically be there for. Can I ask what kind of appointments and admin you're handling remotely, is it booking, reminders, communicating with services? And have you and his family ever mapped out who does what? Sometimes a simple shared document listing each person's role stops everything defaulting to you. Knowing which part overwhelms you most would help us figure out what can shift.","Three years is a good run, and it’s a lot to be the point person for his family from a distance. It's common for partners of people with disabilities to take on coordination, but it doesn't have to be all you. Is there anyone else who could share some of the admin, even if it's just checking in with his family once a week? Or could you ask his family to share the appointments calendar with you, so you can see what's coming up without having to ask?"
syn_005294,synthetic_heldout,Caregiving Challenges – Balance & Time,"My close friend with epilepsy lives with me in Toronto. I'm 18, studying law and working part-time. Six months in and I'm constantly on alert for seizures. I sleep badly, I'm behind on readings, and I don't know how to switch off. My Buddhist practice helps a little but I'm running on nerves.","Six months of being on seizure alert means your body is basically in watch mode all the time, and that level of hypervigilance wrecks both sleep and concentration. Two things: ask your friend's neurologist or epilepsy nurse about a seizure alarm or monitor, if one fits their seizure type, it could let you sleep without being the alert system. And talk to your law faculty about carer accommodations, many Canadian universities have them. You can't sustain watch-mode indefinitely, and technology plus institutional support exist precisely for this.","That's a lot to carry at 18, and it's no surprise your nerves are frayed. It's a big shift to be constantly on alert, and it's normal to find it hard to switch off when you're living with someone with epilepsy. Your Buddhist practice is a good anchor, but it's not a fix.

You're studying law, working, and caring for a friend – that's a full load. Are there any small adjustments you could make to lighten it? Maybe a conversation with your employer about your hours, or a chat with a professor about your readings?

Toronto has epilepsy support services, and there are young carer groups too. Would you like me to find some links for you?"
syn_005295,synthetic_heldout,Caregiving Challenges – Balance & Time,My cousin in Jamaica is on dialysis for kidney failure and I've been coordinating his care from Ireland for two years. I work full-time in law and the time zones make everything harder. I'm always tired and my work is starting to suffer. I don't know how much longer I can do this.,"Two years of coordinating dialysis care across time zones while working full-time is an enormous load, and it's no surprise your work is showing the strain. Two practical things: identify one person in Jamaica who can be your local contact, a nurse at the dialysis unit, a relative, a community health worker, so you're not the only link. And talk to your manager or HR about flexible working hours. Even shifting your start time could mean you handle care calls before work instead of during it. You've done this for two years. That's not a failure to ask for a change now.","Two years is a long time to be the main point of contact, especially across time zones. It's normal for work to suffer when you're constantly exhausted, and it's okay to admit you can't keep going at this pace. Have you spoken to anyone in Jamaica about taking on more of the coordination? Even small changes, like a local friend or family member checking in daily, could give you some breathing room."
syn_005341,synthetic_heldout,Caregiving Challenges – Care Recipient Behavior,"My friend in another city has anorexia. I'm a social work student in Vietnam and we've been close a few months. She's started sending me photos of her meals saying 'see, I'm fine' but they're tiny portions. When I gently said I was worried, she got defensive and said I was judging her. Now I'm scared to say anything at all.","You're in a tough spot, caring enough to notice, and worried that naming it will push her further away. That 'see, I'm fine' dynamic is common: she may be looking for reassurance while also controlling the narrative. One thing that helps: shift from talking about food to talking about how she's feeling generally, 'how are you doing this week?' rather than 'that plate looks small.' It keeps the door open without making every conversation about the illness. Is she working with an eating disorder professional? If so, her team is the right place for concerns about portions, your job is friendship. If you're not sure, asking her if she has that support might be a gentler way in than commenting on the photos.","That's a really common response, and it's hard when someone pushes back when you're trying to show you care. It's also really hard when you're far away and can't see what's happening day to day. It's okay to be scared to say anything, but it's also okay to keep trying, just maybe with a different approach. You've already tried expressing worry directly, and that didn't land well. Maybe try just describing what you see, without the 'worried' part. Like, 'I noticed the portions in the photos are really small' instead of 'I'm worried you're not eating enough'. It's a small change, but it can sometimes make a difference. And if you're worried about her getting defensive again, you could also ask her if she has a professional she's working with."
syn_005364,synthetic_heldout,Caregiving Challenges – Distance Caregiving,I live with my uncle in India. He has Down syndrome and I've been his main carer for about six months while studying and working part-time in law. My Jewish faith is somewhat important to me but I'm struggling to find time for anything outside work and caregiving.,"Six months of being a primary carer while studying and working is a dense load, and losing your personal time to it is a common but important signal. Can I ask: is there a disability support organisation in your area that offers day programmes or respite for your uncle? Even one or two sessions a week could give you protected time. And what's one thing, connected to your faith, your friends, or just yourself, that you've let go of that you miss most? Naming it might help you prioritise getting at least a sliver of it back.","Six months is a long time to be balancing those three demands. It's good you're recognizing the strain now. It's okay to say no to things, and to protect your time. Do you have a dedicated workspace, even just a corner, where you can focus on work or study? That can help separate the roles. And if you're comfortable, talking to your employer about flexible arrangements or time off could help."
syn_005371,synthetic_heldout,Caregiving Challenges – Distance Caregiving,I'm a nursing student in Ireland living with my grandmother who has epilepsy. It's been a few months and some days after placement I come home and I'm just drained before I even start caring for her. My Buddhist practice helps but I feel like I'm always running on empty.,Studying nursing and then coming home to care for someone is a particular kind of depletion. You give all day on placement and then walk into more giving at home. That's not sustainable without real breaks built in. Can I ask: do you have any family nearby who could be with your grandmother one evening a week so you get genuine downtime? And have you mentioned to your tutor or a student support service that you're caring at home? Nursing schools sometimes have practical accommodations that could lighten your load.,"That's a really common experience for student caregivers. Placement days are long, and then you come home to a second shift. It's not about adding more self-care to a packed day, it's about making sure some of what you're already doing is *restorative*. What part of your Buddhist practice feels most grounding? Could you build in a short, simple version of that right after placement, before you start caring for your grandmother? Even five minutes of mindful breathing can make a difference."
syn_005395,synthetic_heldout,Caregiving Challenges – None Reported,"My older sibling had a traumatic brain injury about a year ago and we live together in Germany. I work part-time and honestly things are stable right now, rehab is progressing slowly and we have a routine. I'm agnostic so I just focus on the practical side. Just checking in somewhere.","A year of co-resident TBI caregiving with slow but progressing rehab and a working routine. That's genuinely worth recognising. Focusing on the practical side is a completely valid way to approach this. Since things are stable, two questions worth sitting with: first, is there a point in your sibling's rehab where the team expects the routine to need changing, a new phase, different therapy, reduced sessions? Knowing what's coming helps you prepare rather than react. Second, is there anyone in your life you can talk to about the emotional side of TBI, not just the practical? A brain injury changes the person as well as the situation, and that part often needs its own space.","""Stable"" is good to hear, and a year in is a milestone. It's also okay to focus on the practical side, especially with a routine in place. If you ever want to share what that routine looks like, or what the practical side involves, I'm here. Or if you'd like to talk about how you're doing, even if it's just to check in, that's fine too."
syn_005425,synthetic_heldout,Online Support – Willingness,"I'm studying full-time here in Sweden and my grandmother back home has schizophrenia. I've been her long-distance support for about a year. I think I'd be open to some kind of online group but I'd want it to understand the cultural layer too, being Black African and agnostic in a mostly white, Lutheran country adds a dimension people don't get.","That cultural layer is real, and a group that misses it can feel more isolating than no group at all. A couple of things worth exploring: carer organisations that run identity-specific or diaspora-focused support circles, and international young-carer networks where distance caregiving is the norm rather than the exception. Can I ask, are you looking more for peer connection (talking to others who get it) or practical strategies for supporting your grandmother from afar? Those needs point to different types of spaces, and knowing which matters most can help you filter faster.","That's a really good point about the cultural layer. It's not just about schizophrenia, but how that's experienced in your family and community, and how that interacts with being a student in Sweden. A general support group might miss that. The organisation mentioned in the background had companion groups for caregivers of the same age in similar situations — maybe there's something like that for Black African caregivers, even if it's not specifically about schizophrenia. Do you know if there's a Black student organisation at your university that might know of something? Or a cultural centre back home that runs online groups? It's worth checking both sides of the distance."
syn_005453,synthetic_heldout,Online Support – Barriers,My cousin lives with me in Stockholm and has heart failure. I try to find support groups online but everything's in Swedish and we're a Tamil Hindu family. I need something that understands both the medical side and our cultural context. Engineering college leaves me almost no time to search.,"Searching for resources that honour both the medical and cultural sides is harder than it should be, and the language barrier adds another layer. A couple of starting points: the Swedish Heart-Lung Foundation has some English material, and the European Society of Cardiology has patient resources in multiple languages. For the cultural dimension, are there specific things you're looking for, like dietary guidance that fits Tamil cooking, or how to talk about heart failure within your family's understanding of health? Also, does your cousin's care team include anyone who speaks Tamil or has worked with South Asian families? They may know resources you won't find through searching alone.","That's a really hard gap to fill. You're looking for something very specific—medical understanding, Tamil Hindu cultural context, and a format that fits around engineering college—and it's not surprising it's hard to find.

One thing that might help is to ask the heart failure team at the hospital if they know of any cultural mediators or community health workers who speak Tamil and understand Hindu family dynamics. They might not run a support group, but they could connect you with someone who does.

Another thing is that the Effective Altruism Forum (forum.effectivealtruism.org) has a lot of people who are good at finding resources and making connections. It's not specific to heart failure or Tamil culture, but it's a place where you could ask if anyone knows of something similar."
syn_005463,synthetic_heldout,Online Support – Barriers,My cousin in Seville has anorexia and I've been trying to support her from here in Madrid for years. Every online resource about eating disorders is either for the person with the condition or it's a treatment centre advert. I can't find anything for family carers that isn't trying to sell me something.,"That gap is frustratingly common, eating disorder resources online lean heavily toward treatment centres marketing their services, and carer support gets buried. Try the Spanish Federation of Eating Disorders (FEAC) and Spain's national health service pages. They offer carer-focused guidance without the sales pitch. Also, your cousin's treatment team, if she has one, can recommend family support resources specific to her situation. And if you want a starting point for carer-specific skills, books like Skills-Based Caring for a Loved One with an Eating Disorder are often recommended by clinicians and aren't tied to any treatment centre.","That's a really common problem, and it's frustrating when you're looking for help and all you get is sales pitches. The NHS guide for young carers mentions Macmillan nurses, who can offer emotional support to families affected by cancer, and Action for Children has a text and email support service. It might be worth checking if either of those can offer the kind of support you're looking for, even if your cousin's condition isn't cancer."
syn_005484,synthetic_heldout,Current Digital Tool Use,"I'm 25, working full-time in social work in Ireland, and my girlfriend has cystic fibrosis. We're long-distance for now, two years in. I use a spreadsheet to track her clinic dates and a separate app for her medications. It's a lot of jumping between things.","Two separate tools for one person's care is a lot of mental switching, and over time that friction wears you down. Can I ask, is the medication info something her clinic dates are tied to, or are they genuinely separate streams? If there's overlap (like medication reviews at clinic visits), it might help to bring them into one view, even if that's just a single spreadsheet tab or a combined note. The goal isn't a perfect system. It's reducing the number of places your brain has to go.","That's a lot to manage, especially long-distance. It's good you've got systems in place, but jumping between a spreadsheet and an app can be exhausting. Have you looked at apps that combine both clinic dates and medication tracking? Some let you share access with her, too, which might make things easier. It's okay to look for ways to simplify, even if your current system works."
syn_005489,synthetic_heldout,Current Digital Tool Use,"I'm 23, doing a psychology apprenticeship in Sweden. My cousin lives with me and has had heart failure for as long as I can remember. I use a medication reminder app, but it keeps sending notifications I've already dismissed and I end up ignoring all of them.","Notification fatigue is real, when an app pings about things you've already handled, your brain learns to dismiss everything from it. Go into the settings and turn off anything redundant: snooze reminders for meds you've already logged, and keep only the ones that catch something you'd actually miss. If the app doesn't let you do that, it's the wrong app. A quiet, single reminder at a time you're usually free is worth more than ten pings you'll swipe away.","That's a really common problem with reminder apps, and it's easy to see why you'd start ignoring them when they're not accurate. It's good you're already using one, though, because it shows you're thinking about this proactively.

If the app isn't working, maybe it's time to look for a different one, or see if there's a setting you've missed. If you're still having trouble, you could try a simple paper chart, or a whiteboard, to check off when medication's been taken. It's less high-tech, but sometimes that's more reliable."
syn_005509,synthetic_heldout,Support Currently Used,"My aunt has epilepsy and lives with me here in Jakarta. I'm studying CS at college. My church group prays for us and one family brings meals weekly, which is helpful. But nobody really asks about the nights I'm up watching her in case she seizes. That exhaustion is invisible.","Five years of nighttime seizure watch while studying is an enormous thing, and it makes complete sense that meal help, while practical, doesn't touch the sleep deprivation you're carrying. The people around you are helping with what they can see, the exhaustion is harder to spot. Two ideas: be specific with your church group about what would actually help, 'someone sitting with her on a Saturday morning so I can sleep' is a clear, doable ask, and if your aunt has a neurologist, ask about whether nighttime monitoring is still necessary or if a seizure alarm could reduce your watch. Your sleep matters as much as her safety.","That exhaustion is invisible, and it's a real thing. It's one thing for people to know about the epilepsy, and another to understand what it's like for you, the person who's up at night. It's not that they don't care, it's that they don't see it.

When people ask how things are going, it's easy to just say ""fine."" But sometimes, ""fine"" hides the nights you're running on fumes. Maybe next time someone asks, you could say, ""It's good, but I'm really tired from being up last night."" It's okay to let them know what's really happening.

If you're comfortable, maybe ask your church group if someone could sit with your aunt for a night or two a week, so you can get some uninterrupted sleep. Or maybe the family who brings meals could also take a shift. It's okay to ask for help with the invisible parts of caregiving."
syn_005521,synthetic_heldout,Support Currently Used,My younger sibling has epilepsy and I'm doing an apprenticeship in the UK. They live with our parents in another city. It's only been a few months since the diagnosis. My Hindu family practices help but I feel like I'm supposed to be strong because I'm the older one.,"Being the older one often comes with an unspoken expectation to be the steady one, and a few months into a new diagnosis, that's a heavy role to hold alone. Your practice might help you find steadiness, but it shouldn't have to carry the weight of 'I'm not allowed to struggle.' A couple of questions: if your younger sibling is living with your parents, are they also adjusting to the diagnosis? Sometimes talking with them about the shared experience, rather than being the strong one apart from them, can relieve that pressure. And is there a young carer organisation near you? In the UK, groups like Epilepsy Action have specific resources for siblings. Being allowed to not be strong for a while matters.","It's a lot to carry, being the ""strong"" one and managing an apprenticeship while your family adjusts to a new epilepsy diagnosis. It's okay to feel a lot of things, and it's okay to ask for help. You're not alone in this.

The Children's Society has a ""Know Your Rights"" pack that might help you understand what support is available to you as a young carer. [childrenssociety.org.uk/sites/default/files/DownloadableResources/know_your_rights.pdf]

Is there someone at your apprenticeship you could talk to about your situation? Sometimes just letting someone know can make a difference."
syn_005524,synthetic_heldout,Support Currently Used,"My cousin has bipolar disorder and lives in another city here in Spain. I work full-time in history. It's only been a few months since the diagnosis. I have a spiritual practice that grounds me, but I feel like I should know what to do because I'm the family member who 'handles things.'","Being the one who 'handles things' can become a trap. People rely on you, and you start expecting yourself to have answers even in situations that are genuinely new. A bipolar diagnosis is a lot to adjust to, and no amount of competence in other areas prepares you for it. A couple of things to think about: what would happen if you told your family, even once, 'I don't know what to do here either'? It might relieve pressure you didn't realise you were carrying. And does your cousin have a mental health team you could contact for family guidance? They often provide psychoeducation that helps you feel less like you're guessing.","It's normal to feel like you should have a plan, especially when you're the one family members turn to. But a new diagnosis is new for everyone, including your cousin. It's okay to not know what to do, and it's okay to not be the one who 'handles things' all the time.

If you're open to it, Cognitive Behavioral Therapy (CBT) is a practical form of therapy that can help with coping strategies. You can ask friends for referrals, and most therapists offer initial consultations to see if it's a good fit.

If you'd like to learn more about bipolar disorder and how to support your cousin, the Spanish Association for Bipolar Disorder (AEBT) has resources in Spanish: [https://www.aebt.org/](https://www.aebt.org/)"
syn_005574,synthetic_heldout,Caregiving Challenges – Emotional Impact,"My mum was diagnosed with autism about a year ago and I manage her support from Indonesia while studying law part-time. I'm Buddhist and try to approach it with compassion, but I feel this weird grief, mourning a mother I thought I knew while learning who she actually is.","Grieving a parent who's still alive and relearning who they are is a profound and rarely talked about experience, late-diagnosed autism reframes an entire relationship history, and that loss is real even when the diagnosis is ultimately clarifying. Your Buddhist practice of compassion can include compassion for yourself in this. If you can, look for peer support for adult children of late-diagnosed autistic parents, connecting with others navigating the same reframe can be deeply validating. And if the grief feels stuck or heavy, a counsellor can help you process it at your own pace.","That grief is absolutely normal, and it's a kind of loss. It's not a loss of the person, but a loss of the story you built up, the expectations you had. It's okay to mourn that story while getting to know the real person. Compassion is a great starting point, but it's also okay to feel the sadness. You're doing this across time zones while studying law, which is a lot. Is there anyone in Indonesia who can share some of the practical load?"
syn_005578,synthetic_heldout,Caregiving Challenges – Care Recipient Behavior,"My dad's been through cancer treatment for three years and I'm studying graphic design in Australia, he's overseas. He's stopped engaging with his recovery, won't do his exercises, barely talks on calls. I feel like I should be pushing him more but I also don't want to be the nagging son.","That distance makes everything heavier. You can see what's happening but can't sit beside him and change the mood. His withdrawal might be depression, fatigue, or just the toll of three years of treatment, and pushing harder from far away often backfires. What sometimes works: name what you see gently ('Dad, you seem low lately') rather than directing him, and ask his care team whether a mood assessment might help. A cancer support line in his country can also reach out to him directly, which takes the push off you entirely.","That's a really hard balance, wanting to support him without becoming the person who's always on his case. Three years is a long time to be fighting, and it's not unusual for someone to lose steam. It's also not unusual for a son to feel like he should be doing more, especially when distance makes it harder to know what's happening. Have you talked to his medical team about this change in engagement? They might have ideas about how to get him back on track, or they might be able to talk to him directly."
syn_005583,synthetic_heldout,Caregiving Challenges – Care Recipient Behavior,"My girlfriend started dialysis a few months ago and I'm in Sweden, she's in another city. She's become really withdrawn and won't talk about how she feels. I try to visit when I can but she often cancels last minute. I've just graduated and I'm job hunting so my head is all over the place too.","That combination, her withdrawal and your own uncertainty, is genuinely hard, and it's recent enough that neither of you has found a rhythm yet. Dialysis is exhausting in ways that aren't visible, and cancelling visits often isn't about you. What can help: send low-pressure messages that don't require a response ('thinking of you, no need to reply'), and ask her if she'd prefer shorter visits or different times. A kidney patient association in your area can also support partners. You're allowed to use those resources even if you're not the patient.","It's a lot to balance a new job search with a partner's health changes, especially when distance makes it harder to know what's happening day to day. It's common for people starting dialysis to withdraw, but that doesn't make it easier when she won't talk. Are there any friends or family in her city who could check in with her between your visits? Even a small update from someone nearby might help you feel more connected."
syn_005622,synthetic_heldout,Caregiving Challenges – Distance Caregiving,"My mum lives in another Mexican city and was diagnosed with diabetes complications a few months ago. I'm 25, working full-time in medicine, and my Jewish faith matters to me. I send money and call weekly but I feel like I should be there in person. Work won't let me travel easily.","Sending money and calling weekly from another city while managing a full-time medical career. That's real, meaningful caregiving, even if it doesn't feel like enough. Two things: if you can't travel easily, maybe one short visit planned well ahead would give you a clearer picture of her situation and ease some of the not-being-there guilt. Also, do you have a sibling, relative, or family friend nearby who could be your eyes and ears? If not, a local diabetes organisation may offer community health workers who can check in. Your medical knowledge is already helping her, even from a distance.","You're right to feel torn between work and wanting to be there. It's a really common feeling when a parent's health changes, especially when distance is involved. It's good you're already sending money and calling weekly. That's a solid base.

Given your work constraints, is there a way to make the calls more focused on what she needs *right now*? Sometimes a practical check-in is more helpful than a general 'how are you?' Also, is there someone local to her who could be a regular point of contact? A friend, relative, or even a paid helper? That might free you up to focus on being a daughter, not a manager."
syn_005640,synthetic_heldout,Caregiving Challenges – None Reported,My boyfriend has Parkinson's and I support him from India. He's in another city. It's been a few months and things are manageable with his local care team. I'm working part-time in education and my faith is important to me. Things are okay.,"Managing distance care for Parkinson's alongside work and faith is a meaningful balance, and it's good that his local care team is solid. Since things are manageable, take this moment to check in with yourself: is there anything you've been meaning to do for your own wellbeing, a health check, rest, time with friends? Also, keeping a brief document of his care team contacts, medications, and schedule means you've got it ready if anything changes. Long-distance caregiving works best when you've got that information to hand. Glad things are steady.","It sounds like you've found a rhythm with his local care team, which is good. Being a distance away adds a layer of worry, but you're keeping in touch and checking in. That's a really practical step. It's okay to feel a little anxious about things slipping through the cracks, or about his health changing. It's natural to want to know things are going well, and asking 'how is it going?' is a good way to stay connected."
syn_005657,synthetic_heldout,Support Needed,"My father has dementia and I'm studying fine arts in Indonesia while he's in another city. It's been three years and I feel like I should have found support by now. I don't know what's out there for someone like me. Hindu, far from home, trying to keep up with his care from a distance.","Three years is a long time to manage this without support, and it's never too late to start looking. Your national dementia or Alzheimer's association is a good first stop, many have telephone helplines and can guide you to local services near your father. Also check whether his area has community health workers or elder care programmes that could do regular home visits. And ask your university counselling service whether they support distance carers. You've been holding this quietly, and reaching out now is a strength, not a failure.","Three years is a long time to carry this alone. It's not a failure to have not found support yet, just a sign that it's harder to find when you're also navigating distance and cultural differences. The guide I have here suggests that universities can help with a plan if you're thinking of moving for study, and that there are resources for caregivers through employers and local government. Would you like me to help you find a carer's organisation that might be able to help you find resources in Indonesia?"
syn_005715,synthetic_heldout,Online Support – Barriers,"My boyfriend has bipolar disorder and we live together here in Ireland. It's been about a year. My Hindu faith matters to me, but everything online about caring for a partner with bipolar is either crisis-focused or completely secular. I need something for the day-to-day that also makes room for my faith.","That gap between crisis resources and day-to-day living is one a lot of partner-carers fall into, and when your faith is part of how you stay steady through the daily ups and downs, leaving it out means the advice never quite lands. A couple of questions: have you looked at Bipolar Ireland's family support services? They're not faith-specific but they do address day-to-day partner living, not just crises. And for the faith side, is there a Hindu temple or community in your area where you could speak with someone about the spiritual weight of caring for a partner with a mental illness? Sometimes you need two streams, one practical, one spiritual, running in parallel. What does your day-to-day support rhythm look like right now?","That's a really specific need, and it's understandable that you're not finding what you need online. Day-to-day caregiving is a different kind of challenge than crisis management, and your faith is a core part of who you are. I'm sorry that's not being reflected in the resources you're seeing.

Do you have a faith leader you could talk to? They might have experience with this, or know someone who does. If not, there are Hindu mental health organizations that might be able to help. I'm not sure about Ireland specifically, but there's the Hindu American Foundation and the Hindu Council UK, and they might have resources or contacts.

If you're looking for a more structured approach, the STOPP process is a quick CBT-based technique you can use to work with any difficult emotion. It's not faith-based, but it might help with the day-to-day emotional load."
syn_005728,synthetic_heldout,Current Digital Tool Use,I work part-time here in Brazil and my mum's had chronic pain for over five years. She's in another city. I use a shared family WhatsApp group and a medication alarm app on her phone that I set up. It works okay but I feel like I'm always the one troubleshooting when something glitches.,"Five years of remote troubleshooting is a lot, and being the default tech support on top of emotional support is exhausting. One thing that can help: see if a younger relative or family friend nearby can be a backup person who knows the basics of her phone setup, so you're not the only one fixing glitches. And it's worth checking whether her medication app has a shared dashboard you can both see. That way you're monitoring rather than constantly intervening. Small shift, but it could free up some headspace.","That's a lot of responsibility to carry across a distance, and it's normal to feel like the default troubleshooter. WhatsApp and alarms are good starts, but they can become a lot to manage on your own. Do you have a sibling or other family member who could share some of the tech support? Or maybe a local friend of your mum's who could check in on the app when you're not available?"
syn_005764,synthetic_heldout,Support Currently Used,"I'm 22, working part-time in education in the UK. My younger sibling had a stroke about a year ago and lives with me. I'm Hindu and my family does puja together, which brings some comfort. But I recently tried a carers support group and just felt out of place, everyone was older, talking about elderly parents. I didn't go back.","It takes real initiative to try a carers group, and it's completely understandable that you didn't feel you fit. Most carers' services are built around older adults caring for parents, and a 22-year-old caring for a sibling post-stroke is a different experience entirely. That doesn't mean groups aren't for you. It means that particular one wasn't. A couple of things worth trying: search specifically for young carers or young adult carers groups in your area. They exist in the UK, and the Stroke Association also runs support that may include younger carers. Can I ask: was it purely the age gap that put you off, or was there also something about the type of stroke conversation that felt disconnected from your experience?","That's a really common experience, finding a group that doesn't quite fit. It's good you tried, but it's okay to move on. You're in a unique position, being a young adult caring for a sibling, and a Hindu family tradition that's a source of comfort. It's worth looking for groups specifically for young carers, or even online forums where you might find people closer to your age and situation. The NHS guide I have access to has a helpline and a video about young carers that might be useful. Would you like the details for those?"
syn_005832,synthetic_heldout,Caregiving Challenges – Care Recipient Behavior,My mum has schizophrenia and for as long as I can remember she stops her medication when she feels better. I'm at university in another city and can't monitor daily. She thinks she doesn't need it anymore and gets suspicious when I bring it up.,"That cycle of stopping medication when symptoms ease is incredibly common, and incredibly hard to watch from a distance. Two things that can help: don't make it a confrontation. Ask what she noticed last time she stopped ('what was the first thing that changed?') so she builds her own awareness. And connect with her care team directly if you can. You can flag patterns even from afar. A schizophrenia charity in your country can also guide you on what a relapse prevention plan looks like and how to involve her clinician without making her feel surveilled.","That's a really common pattern with schizophrenia, and it's so hard when you're at a distance. It's good you're noticing it, and that you're trying to stay connected. It's also understandable that she gets suspicious when you ask about it. It's a sign of the illness, not a rejection of you.

Since you're at university, is there a mental health service there you could talk to? They might have ideas about how to support her from a distance, or how to talk to her without triggering suspicion. And if you haven't already, it's worth talking to her GP or psychiatrist about this pattern, to see if they can help with a plan."
syn_005841,synthetic_heldout,Caregiving Challenges – Care Recipient Behavior,My dad had a stroke over five years ago and we've been living together in Toronto since. Lately he refuses to do his exercises and gets angry when I remind him. I'm working full-time in law and I come home to a fight about physio every day.,"A daily fight about physio is exhausting for both of you, and after five years, fatigue with rehab is real for him too. Two things that might ease it: ask his physiotherapist what exercises are essential versus optional, so you're only holding the line on what matters, and shift the framing from 'you need to do your exercises' to doing something together, a short walk, stretching side by side. His rehab team may also have ideas for rebuilding motivation at this stage. You're carrying a lot, and you don't have to hold every battle.","That's a lot to come home to after a day in law. It's normal to feel stuck when someone you care for is resisting something they need, and it's even harder when it turns into a daily argument. Is there a physio or occupational therapist you could reach out to, to ask what might be making him resist, or how to approach it differently? Sometimes hearing it from a professional can help, and they might have a few tricks up their sleeve."
syn_005862,synthetic_heldout,Caregiving Challenges – Distance Caregiving,My girlfriend has a physical disability and we live together in Lagos. I'm studying education and my Sikh faith is important to me. Three years now and I love her but I'm always tired. I help with everything physical and I don't get a break.,"Loving someone and being tired from caring for them aren't contradictions, both can be true at once. Three years without a break is a long stretch, and tiredness is your body's honest reporting. Two things to try: look into whether a local disability organisation or your council offers personal assistance hours or respite care, even half a day a week can reset you, and talk with her about what she could manage independently or with adaptive equipment, if she hasn't had an occupational therapy assessment recently. Sharing the physical load doesn't mean you love her less.","Three years of always being on call is exhausting. You're building a life with someone you love, and that's beautiful, but it's also a long haul. Your faith is a source of strength, and your studies are a future investment. Both need energy, and so do you.

What's one small thing you could do this week to reclaim a pocket of energy? It doesn't have to be big. A 20-minute walk, a quiet cup of tea, a phone call with a friend? Sometimes the smallest things make the biggest difference.

If you're finding it hard to carve out even that, it might be worth talking to someone about the balance. A trusted friend, a faith leader, or a counsellor. You deserve support too."
syn_005902,synthetic_heldout,Support Needed,"My mum in Indonesia was diagnosed with cancer a few months ago. I'm studying psychology in the Netherlands and my family is Muslim, we pray together over video calls. But I need to understand her treatment plan properly so I can actually help with decisions, not just worry from here.","Wanting to understand the treatment plan so you can contribute meaningfully is one of the most practical things you can do from a distance. Ask your mum if you can join her next appointment by video call. Most oncologists are fine with this. Before that, ask her to share her written treatment summary. Focus on three things: what stage and type, what the treatment aims to do, and what side effects to expect. Your national cancer society's family guide is a reliable starting point. Write down questions beforehand. You'll feel more grounded with specifics.","That's a really good instinct, wanting to understand the specifics so you can help with decisions. It's a lot to process when it's a distance diagnosis, and the medical language can be a real barrier. One thing that helped another caregiver was finding concise, clear explanations of the treatment plan, rather than heavy medical articles. Would it be useful to look for a resource that translates medical terms into everyday language?"
syn_005910,synthetic_heldout,Support Needed,"My uncle in Kenya has been dealing with long COVID for about six months and I'm a medical student here. As a Muslim, our family believes in community care, but I feel like I should be doing more from here. I don't know what resources exist in Kenya for this.","Caring across borders for something as unpredictable as long COVID is genuinely difficult, and your medical knowledge is an asset even if you're not there. Start by contacting Kenya's Ministry of Health long COVID page or local respiratory societies. They may have emerging guidance. Also ask your uncle's doctor directly what support services they recommend. Can I ask what your uncle's main symptoms are? Long COVID varies so much that knowing his specific pattern, fatigue, breathing, brain fog, will help us figure out what resources would actually be useful for him.","Long COVID is a really new problem, and it's hitting poorer countries harder because of limited healthcare. It's good you're thinking about how to help from where you are.

You're a medical student, so you're uniquely placed to research what resources *do* exist in Kenya. Are there any Kenyan doctors or medical charities you could contact to ask what the biggest gaps are? That might point you towards where your skills could be most useful.

There's a lot of focus on global health charities that tackle malaria, HIV, and tuberculosis, but Long COVID is a newer issue. It might be that the best thing you can do is help raise awareness of the need for more funding and research into Long COVID in poorer countries."
syn_005939,synthetic_heldout,Online Support – Willingness,"My mum has schizophrenia and we live together in Canada. It's been about six months since diagnosis. I'm studying engineering and working part-time. I'd use online support if it was for family members and run by people who actually understand schizophrenia, not general mental health stuff.","Schizophrenia has specific dynamics that general mental health forums often miss, so wanting a focused space is sound. Schizophrenia societies and serious mental illness organisations typically run online groups for family members, and some are facilitated by clinicians who understand the condition in depth. Your national schizophrenia fellowship or equivalent in Canada is the best starting point. They often have family-specific online communities. Look for groups that mention 'family education' or 'family support' specifically, as these tend to be better informed than open mental health forums. Your mum's care team may also know of local family support options.","Six months is still early days, and it's completely understandable that you're looking for support that's specific to schizophrenia, not just mental health in general. It sounds like you're already juggling a lot with studies and work, and the added responsibility of being the main support for your mum is huge. Online groups can be helpful, but as one caregiver said, trust is key, so finding one run by people who really understand the condition is a good approach. Have you looked into any schizophrenia-specific family support groups in Canada? They might be a better fit than general mental health forums."
syn_005967,synthetic_heldout,Online Support – Barriers,"I'm 19, working full-time in education here in India. My grandmother has bipolar disorder and lives in another city. I've been supporting her remotely for about six months. I'm Christian and White American. I want to find support online but the bipolar resources I find are either really clinical or full of people's crisis stories that scare me. I can't find a middle ground.","That middle ground is hard to find, bipolar resources tend to split into clinical overviews or raw personal accounts, and neither gives you what you actually need as a family member supporting from a distance. A couple of questions: are you trying to understand the condition better so you can anticipate what she needs, or are you more looking for practical ways to help during her high or low periods? And do you know whether she has a local treatment team you could coordinate with? Those answers would help me point you to something that's informative without being either clinical or overwhelming.","It's understandable to want something between clinical descriptions and crisis stories. It's good you're looking for support, but that doesn't mean you have to settle for resources that don't fit your needs.

Have you tried searching for online support groups specifically for family members of people with bipolar disorder? Sometimes those spaces are more focused on practical advice and shared experiences than on acute crises.

If you're in education, your college or university may have a counseling service that can help you find resources."
syn_006053,synthetic_heldout,Caregiving Challenges – Emotional Impact,My cousin's anorexia has been part of my life for three years and living together in Sydney makes it worse. I'm in law school and I catch myself watching every plate she touches. Some days I feel like I'm the one who's sick.,"When you're living with someone's eating disorder, hypervigilance around food is a recognised response. You're not becoming sick, but your nervous system is stuck in surveillance mode. Two things that help: draw a clear line between what's hers and what's yours (you can support her without monitoring every meal, her treatment team leads on food), and speak to your university's counselling service, because carers of people with EDs benefit enormously from their own support. ED organisations run groups specifically for family and housemates. You're in a demanding degree. Protecting your own mental health isn't selfish, it's essential.","Three years is a long time to carry that worry, and living together makes it a constant presence. It's not unusual to start feeling like you're absorbing some of the anxiety when someone you care about is struggling with an eating disorder. The feeling of being sick yourself is a sign of how much this is affecting you.

Law school is demanding enough on its own. You're not built to carry this on top of it. If your school has a counselling service, that might be a good place to start. If you're not sure where to go, your GP can help you find a counsellor who specialises in family support."
syn_006098,synthetic_heldout,Caregiving Challenges – Care Recipient Behavior,My younger brother has epilepsy and he's started refusing to tell me when he's had a seizure. I'm in another city doing an apprenticeship and I only find out from our mum weeks later. I need to know what's happening but he says I'm overreacting.,"Finding out weeks later that your brother had a seizure and nobody told you undermines your ability to help from a distance, and the frustration is understandable. His not telling you may be about wanting normalcy, not wanting to be the sibling whose seizures trigger concern. Have you tried asking him what 'not overreacting' would look like? Sometimes people have a specific image of what your worry looks like, and giving them a say in how you respond can open things up. And is there a middle ground, maybe a weekly check-in where seizures are one topic among several, rather than the whole reason for the call? That might feel less like monitoring and more like sibling contact.","That's a tricky spot, being a distance away and relying on someone else to tell you what's happening. It's understandable you'd want to know straight away, and it's also understandable he'd push back if he thinks you're getting anxious.

Does he have a neurologist? If so, maybe you could ask to be included in a quick check-in call, so you can hear directly from the doctor about how things are going. That might take some of the pressure off him to be the messenger, and give you a bit more reassurance."
syn_006100,synthetic_heldout,Caregiving Challenges – Distance Caregiving,"My best friend back in Barcelona had a stroke three years ago. I'm in Madrid studying graphic design and working part-time, and I call her every evening. But I'm running out of things to say, and she sounds more tired each time. I feel useless from here.","Calling every evening for three years is a real commitment, distance doesn't shrink that. It's also normal for conversations to feel thinner when one person's world has narrowed. Two thoughts: try shifting some calls to shorter, low-pressure check-ins where you don't need to 'perform' conversation, sharing a photo or watching something together online counts. But I want to ask: what does your friend actually say she needs from these calls? And what would make them lighter for you? Sometimes we assume more is required than is wanted.","It's normal to feel useless when you're far away and can't offer physical help. Your friend is likely tired of hearing ""how are you?"" every night, and you're right to want to offer something more. What if you asked her about a small, specific thing each night? A detail about her day, or a memory you share? It might be a lighter lift for both of you than a full check-in."
syn_006139,synthetic_heldout,Caregiving Challenges – None Reported,"My cousin had a stroke over five years ago and I've been supporting him from here in the US. I'm studying psychology. He's in another state and things are stable, his wife is his main carer. My Hindu faith is important to me and keeps me grounded. Just wanted to say I'm doing fine.","A stable stretch after five years, and a shared setup with his wife as main carer, is worth appreciating. Two things that can help while things are calm: make sure you and his wife have a simple way to reach each other quickly if anything changes, so you're not finding out late. And since your faith is important to you, is there someone in your community who understands your role as a distance carer, not just the spiritual side, but the practical weight of it? Being grounded is a real strength, and it's okay to let others support it.","That's good to hear, and it's a lot to be supporting someone across states for five years. Your psychology studies are a good fit, and your faith is a strong foundation. It's a good sign that things are stable, but it's also normal to feel the distance and the ongoing responsibility. Do you have a regular way to check in with his wife, or a time when you can talk about how she's doing?"
syn_006154,synthetic_heldout,Support Needed,Mum's early-onset Alzheimer's has progressed over two years now. I work part-time in biology and live with her here in Indonesia. I'm Hindu and I try to honour my duty but I'm exhausted and I think I need help. I just don't know what exists or what to even look for.,"Two years is a long time to carry this, and recognising you need help, even without knowing what's out there, is genuinely important. A couple of questions to help us think this through: does your mum have a neurologist or memory clinic involved, and have they ever mentioned any local support services or day programmes? Also, are there other family members nearby who could share even a small part of the routine? Sometimes the first step isn't finding formal services but mapping who's already in your orbit who could take something off your plate, even for an afternoon.","Two years is a long time to be living with that kind of change, and it's normal to feel exhausted. It's good you're recognising that. In Indonesia, Alzheimer's associations can help you find practical support and information. You can also ask your doctor about therapy sessions, which can help you process what's happening and how to provide the best care. It's okay to ask for help, and it doesn't mean you're not honouring your duty. It means you're being realistic about what you can manage."
syn_006173,synthetic_heldout,Support Needed,"My grandfather has a hereditary genetic illness and it's been a few months since his diagnosis. I'm in Ireland working full-time in history, Latino, and not religious. He's far away and I feel like I should understand the condition better to help from a distance. Where do I even start?","Wanting to understand a genetic condition so you can help from a distance is a really practical instinct. A few starting points: ask your grandfather or his doctor for the specific name of his condition. That makes all the difference in finding the right resources. Look for a patient organisation for that condition. They usually have family guides and sometimes tele-support for distant relatives. And since it's hereditary, your family may benefit from a genetics referral, ask his doctor if that's been discussed. Understanding what you're dealing with will help you ask better questions when you speak with his care team.","That's a good instinct to want to understand the condition better, especially when distance makes it harder to help. A few places to start:

*   **Ask his doctors:** They can explain the condition in a way you'll understand, and point you to reliable resources.
*   **Genetic counselling:** If his geneticist offers it, this can help you understand the inheritance pattern and what it means for other family members.
*   **Condition-specific organisations:** Ireland has a few, like Genetic and Rare Disease Organisation (GRDO). They'll have information and support.

It's okay to start small. Don't feel like you need to become an expert overnight. Just a basic understanding will help you ask better questions and support him more effectively."
syn_006183,synthetic_heldout,Online Support – Willingness,My boyfriend had a traumatic brain injury three years ago. I'm in the Philippines studying law part-time and we're long-distance. I'd be willing to try online support but I need something for partners specifically. I feel like TBI carer groups focus on parents.,"You're right that TBI support spaces often default to parents, and partners get overlooked despite facing a very different set of emotional and practical challenges. Your instinct to find partner-specific support is sound. A couple of things that'd help me point you in the right direction: are you looking mainly for emotional peer support from other partners, or do you also want practical information about TBI recovery and managing care from a distance? And would you be open to an international English-speaking community, or do you need something based in the Philippines specifically?","You're right to notice that a lot of TBI carer groups centre on parents, and partners have different needs. The Brain Injury Association of America has a partner-specific support group that meets online: [https://www.biausa.org/support-groups/partner-support-group](https://www.biausa.org/support-groups/partner-support-group). It's good you're looking for something that fits your situation, and being able to monitor things remotely is important when you're long-distance."
syn_006186,synthetic_heldout,Online Support – Willingness,"My dad has bipolar disorder and I've been involved in his care as long as I can remember. I work full-time in psychology here in the Netherlands but we're apart. I'd use an online group, honestly I need somewhere to talk about the emotional toll, not just clinical management.","That distinction you're drawing between clinical management and the emotional toll is important. You already know the clinical side, and what's missing is space to process what it actually feels like. Carer organisations that run professionally facilitated online groups often separate those two needs deliberately. Look for mental health carer networks rather than bipolar-specific ones. They tend to understand that the emotional weight is the real work. MIND and similar organisations run online carer support that focuses on wellbeing rather than diagnosis. Your faith community may also have carer support worth exploring, if that's something you'd want.","That makes sense. You're already skilled in the clinical side, so you need a space for the emotional weight of being a long-distance caregiver. It's good to know what you need, and that you're not looking for clinical advice. Some people find it easier to build trust with someone they already know, as one caregiver mentioned, but others need a space where they can talk openly without feeling like they're being observed. It's okay to need a space for that."
syn_006201,synthetic_heldout,Online Support – Barriers,"My grandmother has a physical disability and I've been managing her care from Bangalore for over five years while studying business. Every online carer resource I find is Western-centric, nothing reflects our family structure or the fact that it's a grandchild doing this. I feel invisible.","Five years of long-distance care for your grandmother while building your own future. That's substantial, and feeling invisible in the resources you find makes complete sense. Most English-language carer content assumes a nuclear-family, Western setup that doesn't reflect multigenerational Indian families where caregiving flows differently. Can I ask, are you mainly looking for practical care coordination tools, or more for emotional support that acknowledges your specific role? And does your grandmother have a local carer or organisation you could partner with? Sometimes the most useful support comes through community networks rather than online guides.","Five years is a long time to navigate this alone, and it's completely valid to feel invisible when resources don't reflect your reality. The Western focus is a real gap, and the grandchild-as-carer dynamic adds another layer.

You're right to notice that the existing resources aren't a fit. It's not you, it's them.

Is there a local carers' organisation in Bangalore that you could contact? They might have a better understanding of the cultural context and family structures. Or, even if they don't have a specific grandchild-carer group, they might be able to connect you with others in similar situations."
syn_006207,synthetic_heldout,Online Support – Barriers,My older sibling had a stroke and is recovering back in our home country while I'm in Kenya working part-time. I've been their long-distance carer basically as long as I can remember in some form. Every stroke recovery site is about the first few weeks and acute care. It's been ages. Nobody talks about the long haul.,"You've identified something stroke resources consistently get wrong. They focus heavily on acute recovery and rehab in the early months, then go quiet exactly when carers like you are still in it for the long haul. That long-term phase has different needs: sustaining emotional connection across distance, navigating plateau periods, and managing your own endurance. Try searching for 'stroke long-term carer' rather than 'stroke recovery,' and look at whether the Stroke Association or a comparable organisation in your sibling's country has any long-term carer content. You're not wrong to feel abandoned by the resources, the gap is real, and it doesn't mean your role has ended just because the acute phase did.","You're right, the stroke recovery sites focus on the initial phase, and the long haul is a different beast. It's a gap that leaves many carers feeling unsupported. What's the biggest challenge right now, beyond the information gap? Is it coordination with local care, monitoring progress, or something else? Knowing that can help narrow down what support might be most useful."
syn_006210,synthetic_heldout,Online Support – Barriers,"My boyfriend was diagnosed with early-onset dementia two years ago. I'm in the Netherlands, he's in another city. I'm 18, work part-time in fine arts, and our faith is important to us both. Everything online is about elderly spouses with dementia, not a young partner trying to hold a long-distance relationship together through this.","Early-onset dementia resources for young partners are painfully sparse. Most content assumes an elderly couple in the same household, and nothing about your situation fits that template. That doesn't mean your experience is less real. It means the resources haven't caught up. Try searching specifically for 'young onset dementia' and 'young dementia carer', organisations like YoungDementia UK have content closer to your reality even if the country differs. Your faith community may also be a source of support for both of you. If there's a dementia organisation in his area, they may offer partner support that's more age-appropriate than general carer services.","Two years is a long time to be navigating this at 18, and long-distance makes it harder still. It's right that the usual advice doesn't fit, and that's frustrating. What's the most pressing thing right now? Is it practical things like visits, or emotional things like feeling connected? And are there faith-based communities in either city that could offer support, not just for him, but for you as a partner?"
syn_006256,synthetic_heldout,Support Currently Used,My older sibling has early-onset dementia and I'm studying part-time in the US while they're back in Southeast Asia with our parents. A local caregiver comes in daily and I video call them weekly. It's been three years and some days I just go numb thinking about it.,"Three years of holding that from another continent is a long stretch, and going numb sometimes is a natural response to sustained worry you can't act on directly. The daily caregiver and weekly calls are solid scaffolding. Two things: ask the caregiver for brief written updates after each visit so you have facts rather than worry to sit with between calls, and consider whether a counsellor at your university could give you a regular space to process what numbness is telling you. You're carrying something heavy, support for yourself isn't optional extras.","Three years is a long time to carry that worry, and ""numb"" is a clear signal that the weight is building up. It's a lot to manage distance, study, and a sibling's dementia all at once. You're already doing a lot by video-calling weekly, but a regular check-in with a peer caregiver might help you process the numbness. The companion group mentioned in one of the experiences might be a good fit. Would you like me to help you find a caregiver support group in your area?"
syn_006259,synthetic_heldout,Support Currently Used,"My grandmother has early-onset Alzheimer's and I'm studying graphic design in Manila while she's back in our hometown. My Hindu community here does prayer circles for her health, which gives me peace. But I feel disconnected from her daily reality. I only see her every few months and each visit she's changed.","The prayer circles sound like a meaningful source of comfort, and that ache of seeing her change between visits is one of the hardest parts of distance caregiving. Can I ask: is there a way to connect with her between visits that doesn't depend on her memory, like sending voice notes she can listen to, or photos with simple labels? Some families find that regular short contacts, even if she doesn't fully track them, help the carers on the ground too. And who is with her day to day, are they getting enough support themselves?","That disconnect is really hard when you're seeing changes every time you visit. It's good you have the prayer circles, and that they give you peace. It's also good to acknowledge the changes, and that it's hard to keep up with them. Do you have a way to get updates from family members between visits? Even small things, like a photo or a quick phone call, can help you feel more connected to her daily reality."
syn_006260,synthetic_heldout,Support Currently Used,I work as a nurse here in Manila and my cousin lives with me. She's had anorexia for over five years. My synagogue has been supportive and I have nursing colleagues who understand. But lately I come home from a twelve-hour shift and I have nothing left to give her. I feel like a terrible caregiver.,"Having colleagues who understand and a synagogue community behind you is a strong network, and running on empty after twelve-hour shifts doesn't make you a terrible caregiver. It makes you human. Can I ask: does your cousin have her own treatment team, or are you functioning as both nurse and primary support at home? Those roles need to be separate for both of you. What would it take to carve out even one evening a week where someone else is with her so you can genuinely rest? You can't pour from a clinical shift and a caregiving shift back to back without cracking.","It's not terrible caregiving to have nothing left to give after a twelve-hour shift. It's honest. You're a nurse, you know how much energy it takes to give care, and you're giving it twice over. It's also common to feel guilty when you can't offer more, but that guilt doesn't change the fact that you have limits. Your synagogue and colleagues are a good start, but do they know how depleted you've been lately? Sometimes just naming that to people who understand can help."
syn_006304,synthetic_heldout,Caregiving Challenges – Emotional Impact,"I'm a Hindu, Indigenous woman in the US, recently graduated in engineering and job-hunting. My aunt has dementia and I support her from a distance, about six months now. I feel guilty that I'm not doing enough, and then I feel guilty that I'm also trying to build my career. Like I'm abandoning her every time I focus on applications.","That double guilt, for not doing enough and for wanting your own life, is one of the most common feelings young carers describe, and it doesn't mean you're doing anything wrong. It means you care. A practical reframe: building your career gives you resources and stability that will make you a better long-term support for your aunt. Try setting fixed boundaries, application time is application time, care calls are care calls, so each gets your full attention instead of competing. And if there are other family members involved, it's worth naming what you can and can't do from a distance. Clarity helps everyone.","That's a really common feeling for caregivers, especially when you're also building a career. It's not abandoning her to focus on applications — it's balancing two important parts of your life. You're a recent graduate, and that's a big step, too. It's okay to feel guilty, but it's also okay to be building your own life.

Do you have a support network of friends, family, or other caregivers you can talk to? Sometimes just voicing those feelings can help. And if you're interested, Bright Horizons has resources for caregivers."
syn_006310,synthetic_heldout,Caregiving Challenges – Emotional Impact,"I'm a Black Caribbean woman in Canada, Buddhist, studying medicine full-time. My dad got long COVID about six months ago and we live together. I'm watching this man who was always strong become someone who can't walk to the kitchen some days. I come home from classes and I just want to cry, but I hold it together because he needs me to be fine.","Watching a parent change like that is a particular kind of grief. You're losing the version of your dad you knew, even though he's right there, and holding it together for him while studying medicine on top of that is an enormous amount to carry. The thing is, 'being fine' for him doesn't require you to never crack. Can I ask: what would happen if you let yourself cry, just once, somewhere he doesn't have to see? And does your medical school have a wellness service you could use confidentially? You're training to care for others, but right now you need someone trained to care for you.","That's a lot to hold, being a medical student, a daughter, and someone who's watching a parent change. It's okay to want to cry, and it's okay to need to hold it together for him, but those two things don't have to be the same. Is there a small space in your day where you can let the crying happen, even if it's just in the shower or on a walk? It won't make you less strong, and it might make the holding-together part easier."
syn_006313,synthetic_heldout,Caregiving Challenges – Emotional Impact,"I'm a Sikh, North African woman studying education in the Philippines. My close friend was diagnosed with early-onset Alzheimer's about a year ago and I support her from a distance. She's only in her thirties. I feel like I'm mourning someone who's still alive and I don't know how to talk about it. Nobody my age gets this.","Mourning someone who's still here is one of the hardest things to explain, especially when they're young, early-onset Alzheimer's is rare and most people your age have no frame of reference for it, which makes the isolation even sharper. You're not mourning her physically. You're grieving the future you both expected, and that's real. Can I ask: have you looked into whether your friend's care team offers family or friend support? And would you be open to an online group for young carers or early-onset dementia specifically? Connecting with even one person who understands this exact grief can lighten it. You shouldn't have to carry this alone.","That's a really hard place to be, mourning someone who's still here. It's a grief that doesn't fit the usual timelines or expectations, and it's especially isolating when it's not something your friends understand. You're right, it's not something people your age typically face.

It's okay to name it as grief, even if it feels wrong. It's grief for the future you imagined with her, for the person she was, and for the loss of what's to come. You don't have to have a perfect way to talk about it. Sometimes just saying ""I'm grieving"" is enough.

Would you like to explore some ways to talk about it, or just sit with the feeling for a moment?"
syn_006338,synthetic_heldout,Caregiving Challenges – Care Recipient Behavior,"My grandfather has Parkinson's and he's started hallucinating, seeing people in the house who aren't there. He's terrified and so am I. I work full-time in computer science and I'm the only one living with him. Is this the Parkinson's or something else?","Hallucinations can be part of Parkinson's itself, a side effect of medication, or a sign of something else, only his neurologist or GP can tell you which, and they need to know about this promptly. Book an appointment and describe what he's seeing and when. In the moment: don't argue with what he sees, but don't pretend you see it either. Try calm grounding, 'I can't see anyone, but I'm here with you and you're safe.' If he becomes distressed or aggressive, that's a medical emergency. You're doing the right thing by taking this seriously. Please don't carry it alone.","Hallucinations can be really frightening for both the person experiencing them and the person witnessing them. Parkinson's can sometimes cause hallucinations, but it's important to rule out other possibilities like a urinary tract infection, dehydration, or a medication side effect. A doctor can help figure out what's causing them and what can be done to manage them. Would you like me to help you find a neurologist who specializes in Parkinson's?"
syn_006363,synthetic_heldout,Caregiving Challenges – Distance Caregiving,"I recently graduated in social work in São Paulo but my mum has epilepsy and lives in another city. I've been managing her care long-distance for two years. I'm supposed to be starting my career but every time I get close to something, a crisis pulls me back.","That cycle, getting close to something for yourself, then being pulled back by a crisis, is exhausting in a way that's hard to explain to people who haven't lived it, and it makes sense that your career feels constantly interrupted. A couple of questions: does your mum have a local neurologist or epilepsy nurse who could be your main clinical contact so you're not the sole coordinator? And is there a trusted relative or friend near her who could be a local backup for non-emergency situations? Building even a small local network around her might give you the space to actually start your career.","That's a really common pattern for carers: you get a step forward, and then a crisis pulls you back. It's exhausting, and it's completely understandable that it's making it hard to start your career.

Two thoughts: first, have you had a transition assessment to look at what support your mum could get in her city? That might give you some breathing room. Second, it's okay to have a 'Plan Z' – a way to cover your bills if a crisis does happen. It doesn't mean you're giving up on your career, just that you're prepared."
syn_006390,synthetic_heldout,Caregiving Challenges – None Reported,My close friend's genetic illness is stable and we're in regular touch from here in Nigeria. I'm studying psychology and honestly things feel manageable right now. Just wanted to check in during a good period.,"A good period with regular contact and things feeling manageable is genuinely worth appreciating. Since things are stable, consider using this time to check in with yourself: is there something you've been putting off, your own health, social life, or just rest, that this calmer period could hold space for? And if you haven't already, it's worth knowing whether your university has any carer support or flexible arrangements, even as a friend-carer, some services include you. Knowing what exists before you need it is always easier. Glad things feel manageable. That's worth saying out loud.","That's good to hear, and it's smart to check in even when things *are* manageable. It's a good habit to build, so you're prepared for when things shift. Psychology students often have a knack for that, seeing the bigger picture. If you ever want to brainstorm ways to stay connected that don't feel like ""checking up,"" or to think through how to handle a shift in stability, I'm here."
syn_006410,synthetic_heldout,Support Needed,My dad was diagnosed with early-onset Alzheimer's three years ago. I'm studying history part-time in Mexico and I'm far from him. My Christian faith sustains me but I'm exhausted. I need to know what support exists for families dealing with this. I can't keep going alone.,"Three years of long-distance Alzheimer's care while studying, exhaustion is a completely understandable response, not a failure of faith. Start with your national Alzheimer's or dementia association. They typically have family helplines, online support groups, and guides specifically for long-distance carers. Your dad's local church may also have a pastoral care or visiting programme that could offer him regular company and you regular updates. And if there's a sibling or relative closer to him, sharing the coordination load, even a regular phone call to split tasks, can ease the distance. You've carried this long enough alone.","It's good you're reaching out. Three years of this distance, and the exhaustion is real. A lot of caregivers find faith helps, but it's not enough on its own.

Alzheimer's organisations often have family support groups, sometimes online, sometimes in person. They're a place to share what's happening, and get ideas from people who understand. You can find the Alzheimer's Association online, and they have a global network.

There are also resources for long-distance caregivers, to help with practical things like managing finances and healthcare from afar.

Would you like me to find some links for you?"
syn_006413,synthetic_heldout,Support Needed,"My grandfather has schizophrenia and lives with me in Lagos. Two years now. I work full-time in biology and my Christian faith matters to me, but I'm stretched thin. I don't know what carer support exists in Nigeria, I've never looked.","Two years of co-resident care while working full-time. It's no wonder you're stretched thin, and never having looked for support isn't a failure. It's a sign you've been in survival mode. Start with the Mental Health Foundation of Nigeria or a local psychiatric hospital. They may offer family support groups or carer education. Your grandfather's psychiatrist, if he sees one, can also connect you to support services. And your church may have a health or welfare ministry that could offer practical help or respite. You've been carrying this. It's okay to set something down.","Two years is a long time to be the main support for someone with schizophrenia, while also working full-time. It's good you're aware you're stretched thin, that's a sign you're being honest with yourself.

The first step is to find out what carer support exists in Nigeria. I don't have a specific list, but you could start with a search for mental health charities or NGOs in Lagos, or a local branch of a national organisation. Your faith community might also know of resources.

If you can find a carer support group, it could help to talk to people who understand. If you're not sure where to start, you could also contact a GP or a mental health professional and ask them what's available."
syn_006421,synthetic_heldout,Support Needed,My aunt has early-onset Alzheimer's and I've been supporting her from South Africa for three years. I work full-time in engineering and my Jewish identity matters to me. I need real support structures. I've been white-knuckling it and I can't anymore.,"Three years of white-knuckling while working full-time, reaching the point of 'I can't anymore' is honest and important, not a failure. Start with Alzheimer's South Africa. They have family support services including helplines and support groups, some accessible remotely. Your aunt's neurologist or clinic may have a care coordinator who can include you in updates. And if there's a Jewish community organisation near her or you, some have welfare or visiting programmes that could offer practical support or regular contact. Three years is enough to earn the right to ask for help out loud.","Three years of long-distance caregiving while working full-time is a lot to white-knuckle through. It's understandable that you're reaching a point where that's not sustainable. Your Jewish identity matters, and that's a good place to start looking for support. Jewish Family Services or community organisations often have resources for caregivers, and sometimes specifically for dementia. Would you like me to help you find a Jewish Family Services organisation in South Africa? Also, are there any engineering professional bodies that offer support for members who are caregivers?"
syn_006440,synthetic_heldout,Online Support – Willingness,"I'm a business apprentice in Australia and my cousin moved in with me three years ago, he has early-onset dementia. I'm Christian. I'd be up for online support but every dementia group I've found is for people caring for elderly parents. My cousin is my age. I need something that gets that this is different.","You're right, early-onset dementia in a peer is a fundamentally different experience from caring for an ageing parent, and most dementia support spaces don't account for that. Your situation involves grief for someone your own age alongside the practical caregiving load. Look for young-onset dementia specific organisations. Some run online groups for carers of people diagnosed under 65, and a few have subgroups for non-spouse carers. Dementia Australia may also know of peer support options for people in your specific situation. You're not picky. You're looking for the right fit.","You're right to say that it's different. Caring for someone your own age with dementia is a unique situation, and the usual support groups won't necessarily understand that. It's good you're looking for something that gets that.

There's a national organisation called Carers Australia, they have a directory of services and might be able to point you to something more specific. They have a helpline too, so you could just talk it through with someone and see what they suggest.

If you're comfortable with it, a lot of people find it helps to just tell their story without being immediately offered advice. It sounds like the caregiving organisation in the background information had that kind of support, and that might be what you're looking for.

Would you like me to find the Carers Australia website for you?"
syn_006470,synthetic_heldout,Online Support – Barriers,"I study and work part-time in law here in Vietnam. My mum has schizophrenia and I live with her. It's been a few months since her diagnosis. Everything online is either in English or terrifying. I just want straightforward, practical information in Vietnamese that won't give me nightmares.","A new schizophrenia diagnosis for your mum, in a language you can't easily find good resources in, while everything you do find is either inaccessible or frightening. That's a terrible combination when you're already adjusting. Two practical steps: ask your mum's psychiatrist or the local mental health centre for Vietnamese-language family resources. They often have printed guides or can recommend local organisations that produce clear, non-alarmist content, and national mental health associations in Vietnam may have family sections written in plain Vietnamese. Avoid forums and unverified pages, stick to sources linked to hospitals or recognised organisations. What's the question you most need answered first, medication, daily support, or understanding what to expect?","That's a really specific need, and you're right to want something calm and practical, especially when everything else feels scary. I'm sorry you're having trouble finding resources in Vietnamese. I can't give medical advice, but I can point you to some places that might help.

There's a Vietnamese mental health organisation called the Vietnam Psychiatric Association. Their website is in Vietnamese and they may have information about schizophrenia and support groups.

I also found a Vietnamese website called ""Tam Ly Hoc Duong"" (School Psychology) that has articles about mental health, including schizophrenia, written in Vietnamese.

It's good that you're looking for information, but remember that a doctor is the best person to give you specific advice about your mum's condition. If you're at university, they may have free mental health services available."
syn_006503,synthetic_heldout,Caregiving Challenges – Care Recipient Behavior,My mum has bipolar disorder and I've been her main support my whole life. We live together in Manila. When she's manic she refuses to believe anything's wrong and stops her medication. I'm working in biology and I'm so tired of the cycle. I never know when to step in versus let it ride.,"Living through that cycle since childhood is a lot to carry, and the uncertainty about when to act is one of the hardest parts. A practical approach: talk with her care team about a written plan for manic episodes, what signs to watch for, when to contact her doctor, and what she agrees to in advance. That way you're following her plan, not making judgment calls in the moment. A local mental health family organisation can also help you recognise early signs and connect with others who understand. You shouldn't have to manage this alone.","That's the hardest part of this kind of support, isn't it? The line between helping and enabling, and the exhaustion of not knowing when to push and when to hold back. You're right to be tired of the cycle. It's not a failure of your care, it's the nature of the illness.

You're in Manila, so I don't know what the local resources are, but is there a psychiatrist or mental health worker who you can talk to about this pattern? Not to ask them to intervene directly, but to get a second opinion on when to step in, and what to say when she refuses medication. Sometimes a professional's perspective can give you a little more confidence in your decisions."
syn_006508,synthetic_heldout,Caregiving Challenges – Care Recipient Behavior,"My grandfather moved in with us in Johannesburg a few months ago after his MS diagnosis. He keeps trying to get up and move around on his own and he's fallen twice. He refuses the walking frame, says it's for old people. I'm studying history part-time and I'm scared he'll really hurt himself.","It's scary when someone you love keeps falling and won't accept help, and his resistance is probably about identity, not stubbornness, a walking frame can feel like admitting something he's not ready to face. Has his physiotherapist or MS nurse been involved? They can often frame equipment differently than family can, and sometimes that carries more weight. Meanwhile, can I ask what he says when you bring up the falls, does he acknowledge them, or brush them off? Understanding how he sees the risk might help us find a way in.","It's really hard when someone you love won't accept help, especially when you're worried about their safety. It's also common for people to resist walking aids, seeing them as a sign of losing independence. Have you talked to his MS team about this? They might have a way to explain the risks in a way he'll hear, or suggest alternatives. If that doesn't work, would it help to focus on what he *can* do, and find ways to make those activities safer?"
syn_006510,synthetic_heldout,Caregiving Challenges – Care Recipient Behavior,"My uncle is autistic and I support him from here in the Netherlands. Over the past year he's started calling me multiple times a night when he's anxious, sometimes until 2am. I work part-time in law and I'm exhausted, but I feel guilty setting boundaries because his anxiety is real.","His anxiety is real, and so is your exhaustion, both can be true at once. Setting boundaries doesn't mean abandoning him. It means making support sustainable. A practical approach: agree on specific call times (say, one check-in call at 8pm), and give him an alternative for nighttime anxiety, a recorded message from you, a grounding exercise his support worker can recommend, or a crisis text line. Talk with him about this during the day when he's calm, not at 1am. His support team should also know about the nighttime anxiety, because it may be treatable.","That's a really tough spot to be in, and it's completely normal to feel guilty when you're trying to protect your own energy. It sounds like you're balancing a lot, and the late-night calls are adding a lot of strain. It's good that you recognise his anxiety is real, but it's also real that you need sleep to function. Would you be open to exploring some ways to set boundaries that feel a little less harsh, like setting a specific time when calls end, or suggesting he try a crisis line for immediate support?"
syn_006518,synthetic_heldout,Caregiving Challenges – Care Recipient Behavior,My younger sibling had a spinal cord injury six months ago. I'm in India studying part-time and they're back home. They've become really withdrawn and won't do their physio exercises. Their messages are short and dark. I don't know how to reach them from here.,"That kind of withdrawal after a spinal cord injury is common, and it can come from grief, depression, or both, and short, dark messages deserve real attention. Please encourage them to talk to someone on their care team about how they're feeling, and if the messages feel urgent or unsafe, contact a local crisis line or someone nearby who can check on them. Physio refusal often eases once the emotional weight is addressed, not before. You can also say plainly: 'I'm worried about you, and I want to make sure you have someone to talk to who can really help.' You matter to them, and they need more support than texts alone.","Six months is a long time to be dealing with this, and the withdrawal and short messages are a clear sign of something more than just the injury itself. It's good you're noticing that.

The distance makes it harder, but you can still ask direct questions: ""What's the hardest part of physio right now?"" or ""What would make it easier to do even one exercise?"" If they won't answer, try asking someone at home to ask those questions for you.

If you're worried about their mood, the Children's Society in the UK has a free helpline (0800 528 0731) that might have advice on how to reach someone who's withdrawn. They're used to this kind of situation."
syn_006521,synthetic_heldout,Caregiving Challenges – Care Recipient Behavior,"My girlfriend has had chronic pain for over five years and I'm in Australia working in medicine. She's back home. She's started refusing to see her specialist and says nothing helps anyway. I understand the clinical picture but I can't make her go, and watching her give up feels unbearable.","It's especially hard when you understand the medical side and still can't change someone's mind, knowledge doesn't make the helplessness easier. Can I ask whether something specific happened before she stopped seeing the specialist, a bad appointment, a treatment that failed, or just accumulated exhaustion? That might tell us what she needs. Sometimes people need to hear 'I know nothing has worked yet, but I don't want you to give up' rather than reasons to keep going. Has she been screened for depression alongside the pain? The two often travel together, and addressing one can help the other.","It's awful to feel helpless when someone you love is giving up on care, especially when you understand the clinical side and can see the potential benefits. You're right, you can't *make* her go, and that's a really hard line to accept. It's also really hard being away when she's giving up on care.

Is there a trusted friend or family member back home who could have a conversation with her, not about the medical side, but about how much her giving up is worrying them? Sometimes a different voice can reach someone. If she's open to it, a care coordinator might be able to help navigate the system and find new options."
syn_006539,synthetic_heldout,Support Currently Used,"My cousin has Down syndrome and I try to stay involved from here in Egypt even though she's in another country. I work part-time in medicine and her support workers send me updates. It helps, but I feel like I should be doing more than just reading updates.","Reading updates and staying informed is more than 'just'. It means you're present and engaged within the limits you have. Working in medicine, you probably hold yourself to a high standard of usefulness, but long-distance caring has built-in constraints that no amount of effort can fully solve. A couple of ideas: ask her support workers if there's something you can do remotely, scheduling, researching activities, or even a regular video call with her. And if you want to do more, advocating or fundraising for her support needs is a meaningful way to contribute from a distance. You're already showing up.","It's good that you're already involved, even from a distance, and that you're thinking about how to do more. It's easy to fall into the trap of thinking ""updates"" are enough, but that's not always the case. Have you thought about what ""more"" would look like? Is there something specific you'd like to be able to do, or something you feel is missing? Sometimes just identifying that can help you focus your efforts."
syn_006568,synthetic_heldout,Caregiving Challenges – Balance & Time,"I recently graduated and I'm job-hunting in the US. My mum had a stroke about a year ago and I manage her care from another state. Between applications, interviews, and coordinating her rehab, I have no time for myself. Some weeks I can barely function and I don't know how to keep going like this.","Job-hunting is stressful enough on its own. Adding distance-care coordination for your mum's stroke recovery on top makes the pressure you're describing completely understandable. Can I ask what your weeks look like right now in terms of structure, do you have set times for job tasks versus care tasks, or is it all blurred together? If we can separate those into distinct blocks, it sometimes helps with the barely-functioning feeling. And is there a friend or family member you've been honest with about how hard this is? Even one person who knows the full picture can lighten the emotional load considerably.","That's a lot to manage at once, and it's not surprising you're feeling overwhelmed. It's common for caregivers to push themselves to the limit, especially when they're also starting a new chapter like job-hunting.

One thing that might help is building in small, regular breaks. Even 15 minutes to yourself can make a difference. It sounds like you're already doing a lot of the practical work of care, but are there any tasks you could delegate or ask for help with? Your employer might have resources available, or there are government programs that can help ease the burden."
syn_006607,synthetic_heldout,Caregiving Challenges – Distance Caregiving,"My close friend in another city was diagnosed with epilepsy a few months ago. I'm a social work student in Mexico City and I want to be there for her, but I'm not sure what long-distance support actually looks like. She says she's fine but I know she's scared. I feel useless being far away.","It's hard to watch someone you care about face a new diagnosis and feel like distance makes you powerless, but you're already doing more than you think. Practical long-distance support can include: learning her seizure triggers so you can gently check in about them. Asking if she'd like you to be her emergency contact or to call her after appointments, and sending her a link to an epilepsy organisation in Mexico so she has reliable information beyond what she's told you. Also, as a social work student, your university may have connections to support networks you could both look into. Being far away doesn't mean being absent, she'll feel your care in the small, consistent things.","It's natural to feel useless when you can't be physically present, especially when a friend is scared. Long-distance support is about staying connected and informed. Since she says she's fine but you sense fear, try asking specifically about what worries her. ""What's been on your mind about the epilepsy?"" or ""What's the hardest part of adjusting?"" can open a conversation.

Other caregivers have found that regular check-ins, not just about her health but about her day, help them feel connected. Ask about her medications and appointments, but also about her life. You can also ask her what kind of support she'd find most helpful, and if she'd like you to learn more about epilepsy to better understand what she's going through."
syn_006625,synthetic_heldout,Caregiving Challenges – None Reported,Things are steady with my uncle since he moved in six months ago. His heart failure is managed with meds and I'm job-hunting in biology so I'm around a lot. No big complaints. Just checking in here.,"Good to hear things are steady, managing heart failure alongside job-hunting is no small thing. Since you've got some calm right now, a couple of things worth thinking about: is there any part of his routine that depends entirely on you, and would it help to write that down? And separately, are you getting any breaks for yourself during this job-hunting stretch? Both matter, even when things feel fine.","That's good to hear things are steady. Six months is a good run, and being around a lot while job-hunting is a practical help. It's smart to check in here, even when things are stable. It's a good habit to have, and it's a place to come back to if things change."
syn_006694,synthetic_heldout,Online Support – Willingness,"My aunt has a hereditary illness and I've been supporting her from here in the Netherlands for two years. I'm 23, studying education at college, and my spirituality matters somewhat. I'd be open to online support but I can't tell if I actually need it or if I'm just tired.","That honest uncertainty is worth sitting with. Sometimes tiredness is the signal that support would help, even if you can't name a specific need yet. It doesn't have to be a crisis to be worth reaching out. Can I ask what the tiredness feels like for you, is it more physical, like you're running on empty, or more emotional, like you're going through the motions? And when you imagine joining a group, what comes up, curiosity, resistance, relief? Sometimes just exploring those feelings can clarify whether it's something you want now or something to keep in your back pocket.","Two years is a long time to be supporting someone from a distance, and it's normal to feel unsure whether tiredness is the main thing, or if you're starting to need more support. It's good you're asking yourself the question now, before you get burned out.

If you're open to online support, the Effective Altruism Forum (forum.effectivealtruism.org) is a place where people share experiences and ask for help. It's not specifically for caregivers, but it's a community that values helping others, and you might find people in similar situations.

If you're looking for something more focused on caregiving, the experience of the other caregiver who found a companion group in a caregiving organisation might be useful. It sounds like that worked well because it was people of your age in similar situations."
syn_006706,synthetic_heldout,Online Support – Barriers,My close friend has MS and lives with me here in Kenya. I'm studying social work part-time. The online MS caregiver stuff all assumes it's a spouse or parent doing the caring. I'm her friend. And most of it is from Western countries. Nothing fits.,"You're hitting two walls at once, the relationship gap (friend-carers are almost invisible in MS resources) and the geographic gap (most content assumes Western healthcare systems). Try the MS International Federation's pages, which include more country-specific branches than most. For the friend-carer gap, you might find more resonance in general young-carer communities than in MS-specific ones. What kind of information are you most pressed for right now, practical day-to-day care, navigating Kenyan healthcare, or emotional support for yourself?","You're right to notice that gap. Most caregiver resources focus on family relationships, and Western contexts don't always translate to Kenya. Your role as a friend is unique, and deserves to be recognised as such. It's good you're studying social work, that will give you a framework for understanding the dynamics.

Is there a local MS organisation in Kenya? They might have a better sense of what support is available for friends, and what the cultural norms are around this kind of care. If not, maybe your course could be a starting point to create something that fits your situation better."
syn_006712,synthetic_heldout,Online Support – Barriers,"My mum had a spinal cord injury a few months ago. I'm doing a computer science apprenticeship here in the Philippines, and she's back in the Caribbean. Everything I find online about SCI is either too technical or too vague. I need something in between that helps me support her from far away.","Finding that middle ground, practical but not clinical, is a common wall with spinal cord injury resources. Try the spinal injury associations in both your mum's country and internationally. They tend to publish the most balanced, plain-language guidance. Filter out hospital clinical pages and personal blogs, and look for their 'family and carers' sections specifically. For anything about her specific injury level or care plan, her rehab team is the right check. If you tell me what you're most trying to figure out, I can narrow the direction.","That's a really hard gap to fill, and it's frustrating when information isn't pitched at the right level. It's good you've recognised that gap, and that you're looking for something in between technical and vague.

I'm not a medical source, but I can point you to some resources that might help you get the right level of information. The Spinal Cord Injury Association has a lot of guides for carers, and they're written in plain language. They also have a helpline, which might be useful for getting specific advice.

Is there a local support group for SCI carers in the Caribbean? Sometimes, the best information comes from people who've been through it themselves."
syn_006725,synthetic_heldout,Current Digital Tool Use,"My girlfriend has schizophrenia and we live together in Stockholm. I'm studying business and I track her meds and appointments in a spreadsheet, plus I set phone alarms for her medication times. It works but I feel like I'm becoming her administrator, not her partner.","That tension, administrator versus partner, is one of the most common and painful shifts in caregiving, and noticing it already is a good sign. Your spreadsheet and alarms are genuinely useful, and you don't have to throw them out. But it might help to separate the roles in small ways: could a medication reminder app take over the alarm role so it's the phone, not you, prompting her? And is there a community mental health nurse or support worker involved who could own some of the tracking? That would leave more room for you to just be her partner.","That's a really common feeling, and it's a sign you're aware of the shift in your relationship. It's good you're tracking things, but it's also okay to want more of a partner dynamic. Could you talk to her about how to share some of that admin work, or even just how it feels to you? Sometimes, just naming it can help."
syn_006733,synthetic_heldout,Current Digital Tool Use,"I'm 25, non-binary, studying nursing part-time in Sweden. My dad lives far away and has diabetes with complications, about six months now. I track his blood sugar readings in a health app and we call weekly. But he sometimes forgets to log his readings and I can't tell if it's a bad day or just missed logging.","That ambiguity, bad day versus missed logging, is one of the most frustrating things about distance care, and it's a sign your system depends too much on one person remembering. A health app is only as good as what gets entered. Does your dad use a glucose monitor that syncs readings automatically to an app you could both see? Some modern continuous monitors do exactly that, which would remove the manual step entirely. If not, is there someone nearby who could help him build a logging habit, a visiting nurse or a neighbour who checks in?","That's a really common worry, and it's smart to be aware of the gap between what you see and what's actually happening. It's hard to know if a reading is missing or if it's a real issue. Since you're studying nursing, you'll know how important that logging is. Maybe you could ask him to text you a quick ""all okay"" when he logs, or when he takes his medication, just to give you a little extra signal? It's not a perfect solution, but it could help close the gap."
syn_006777,synthetic_heldout,Support Currently Used,"My cousin's dementia care falls on me here in Nairobi. I talk to a social work lecturer sometimes when I'm on campus, she gets it. But I feel bad going to her office hours when it's not about coursework.","That lecturer choosing to listen is her offering something real. You're not stealing her time, you're using a door she opened. But if the guilt persists, try framing it as one question: 'Can I book ten minutes that's not about class?' Most lecturers who care will say yes clearly, and you'll know where you stand. If your campus has a student counselling service, that's worth knowing about too, not because the lecturer isn't helping, but because having more than one person in your corner matters when caregiving is daily.","It's good you've found someone at campus who understands, and it's normal to feel awkward using office hours for caregiving. But it's also her job to support students, and she's shown she gets it. Maybe send a quick email first, saying you'd like to talk about your situation when she has a moment? That way it's not a surprise. If that doesn't feel right, are there student wellbeing services at your university who might have someone specifically for carers?"
syn_006789,synthetic_heldout,Support Currently Used,"My sister's diabetes has had complications for years and we live together here in Melbourne. My Hindu community checks in during festivals, but day-to-day I'm mostly on my own with it. I'm training to be a nurse too, so I should be fine, right?","Being a nursing student doesn't make you immune to the weight of caregiving, if anything, knowing the clinical side can make the emotional side harder because you understand what's coming. Festival check-ins are lovely but they're not the same as someone being there on a Wednesday when it's tough. Try reaching out to Diabetes Australia or a young carer organisation, having even one person who gets the daily reality could change things. And please drop 'I should be fine'. You're studying and caregiving simultaneously. Anyone would need support with that.","Training as a nurse is a huge help, but ""should be fine"" doesn't mean you *are* fine. It's normal to feel stretched thin when you're caring for someone long-term, even with professional training. Your community's festival check-ins are great, but day-to-day, it's you. What's one small thing you could ask for help with this week, even if it's just someone to sit with your sister for an hour while you run an errand?"
syn_006810,synthetic_heldout,Caregiving Challenges – Balance & Time,"I'm a law apprentice in Nairobi and my grandfather has cystic fibrosis. He moved in with me about six months ago. My Sikh faith says I must serve family, but between work and his treatments I'm getting maybe four hours of sleep. I keep telling myself I can push through, but I'm starting to shake during the day.","Shaking during the day is your body telling you that four hours of sleep isn't sustainable, and pushing through is reaching its limit. Seva is a beautiful principle, but it was never meant to run the giver into the ground, and you can't serve anyone if you collapse. Two things to help me point you: does your grandfather's CF care team know you're the sole carer at home, and have they discussed whether any home support or respite is available in Nairobi? And is there anyone in your gurdwara who could help with even one night a week?","Shaking is your body telling you ""pushing through"" is costing too much. Four hours of sleep is not sustainable, and your faith doesn't ask you to harm yourself. Bright Horizons suggests simple self-care habits to help you stay grounded. Can you build one small habit into your day, like a ten-minute walk or a quiet cup of tea? Also, your grandfather's care team should be able to help you advocate for yourself at work."
syn_006837,synthetic_heldout,Caregiving Challenges – Emotional Impact,"I'm 18, recently graduated in engineering and looking for work in Jakarta. My grandmother has cystic fibrosis and has lived with me for about a year. I don't have much support, my parents work abroad. Between her treatments and job applications I feel like I'm failing at everything. My Hindu practice feels hollow lately.","Failing at everything is what it feels like from the inside when you're stretched too thin, but you're actually doing two demanding things at once, and the fact you're still standing tells a different story. What would lighten the load most right now: is it help with your grandmother's care, help with the job search, or just space to breathe? Sometimes naming the biggest pressure point makes it easier to tackle one thing at a time. And if your faith practice feels hollow, that's often a sign of depletion, not doubt. It may return when you're less exhausted. Have you spoken to your local temple about any carer support?","That's a lot to carry at once, and it's understandable that your practice feels hollow when you're stretched so thin. Engineering is demanding, and so is caring for someone with cystic fibrosis, especially with limited support. It's not failing to feel overwhelmed by both.

Have you looked into caregiver support groups in Jakarta? Sometimes just knowing others understand can make a difference. And if your grandmother's treatments are regular, could you build them into your job search schedule as non-negotiable blocks of time? That might help you feel less like you're constantly dropping balls."
syn_006866,synthetic_heldout,Caregiving Challenges – Distance Caregiving,"My close friend has long COVID and I'm in Indonesia working part-time in nursing. It's only been a few months but I'm Christian and I feel responsible. She's far away and no one believes her symptoms are real, including her own family. I'm the only one who takes her seriously.","Being the only person who takes someone seriously is a heavy position, especially when you're far away and can't physically show up to advocate. That you believe her matters more than you know. Two questions: is there a doctor or clinic near her that has experience with long COVID, even one informed provider can change how her family sees it? And is there a long COVID support group online she could join, so she has more than just you? You can be her anchor without being her only one. It's okay to widen the circle.","That's a heavy weight to carry, being the only one who believes her. It's good you're there, but it's also a lot to hold on your own. Long COVID is still not well understood, and it's common for families to struggle with it. You're in nursing, so you know that. But it's different when it's someone you love. Is there a support group for long COVID caregivers? Even online, that could take some of the load off you."
syn_006887,synthetic_heldout,Caregiving Challenges – None Reported,My uncle's spinal cord injury recovery is going well. I'm studying medicine here in Lagos and supporting from a distance. Six months in and his local team is great. Things are genuinely okay and I feel grateful.,"Gratitude during a stable patch is a lovely thing to hear. Six months of distance caregiving with a good local team and your medical studies on track is genuinely worth appreciating. Use this calm to protect something for yourself, rest, friends, a night off. And since his local team is working well, it's worth noting their contacts and what they handle so you're prepared if anything shifts. Stable periods are the best time to document what works. Enjoy the steadiness.","That's good to hear. Six months in and things being genuinely okay is a real milestone. It's also smart of you to stay involved from a distance while studying, and to trust his local team. It's a good sign that you feel grateful, and it's okay to lean into that feeling."
syn_006893,synthetic_heldout,Caregiving Challenges – None Reported,My friend's epilepsy has been well-controlled and I'm studying nursing here in Guadalajara. Three years of checking in from a distance and things are genuinely okay. Her local support is strong and I feel like I can step back a bit.,"That's a genuinely good place to be, well-controlled epilepsy, strong local support, and a sense you can step back a little. Since you're in a calm stretch, it's worth asking: what would stepping back look like for you, less frequent check-ins, or just less worry between them? And is there something restorative you could do with the mental space that opens up, rest, friends, focusing on your nursing studies? Stepping back during a stable patch is healthy, and you can always step back in if things change.","That's a big shift, from three years of checking in to feeling like you can step back. It's good her support network is strong, and it's good you're recognising that you can adjust your role. Nursing studies are demanding, and it's right to protect your time for that."
syn_006966,synthetic_heldout,Online Support – Barriers,"My close friend in another Nigerian city had a traumatic brain injury over five years ago. I work full-time and try to support from afar but online resources don't cover long-distance TBI friendship support. Everything's for co-resident family. I'm not religious so I'm not looking for faith content, just something practical about being there for someone with a TBI when you can't be physically present.","Long-distance support for a friend with TBI is a gap almost no resource addresses. Most assume either co-residence or a family relationship. Brainline.org has a section on supporting someone with TBI from a distance that covers practical communication strategies. For the friendship dimension, regular structured contact, a weekly call at a set time, for instance, can be more valuable than sporadic visits. Also, ask your friend what they actually find helpful about your contact, since TBI affects people differently and their own read on what works matters more than any guide. What does your current support pattern look like?","Five years is a long time to be holding that distance, and it's understandable that you're looking for something more concrete than the usual family-focused advice. It's also really good that you're asking about this now, rather than letting it drift.

One thing that comes up for long-distance caregivers is a shared calendar or log. It's not about checking up, but about making sure everyone who's involved knows what's happening, and when. It doesn't have to be fancy — a shared Google Calendar, or even a WhatsApp group where people post updates, can help you feel less like you're relying on a quick 'how's it going?' question.

The NHS guide I have access to mentions Macmillan nurses, who can help with emotional support and advice. They might have a better idea of what's available for long-distance support, even if it's just a phone line or online group. Would you like me to find their contact details?"
syn_007031,synthetic_heldout,Support Currently Used,"My older sibling has a physical disability and I've been supporting them from Manila for three years while studying law. Our extended family helps them directly and I coordinate things remotely. My Hindu faith gives me strength, but lately I feel like I'm managing people rather than caring for my sibling.","That shift from 'caring' to 'coordinating' is something many distance-carers recognise. You become a manager of help rather than a direct giver, and it can feel hollow even when you're doing a lot. Your faith and family network are real assets. Can I ask: when was the last time you and your sibling talked about something other than logistics? And does your family know you're feeling this disconnect, or do they see you as the one who has it handled? Sometimes naming it to them opens up a different kind of support.","That's a real shift, from being a sibling to being a coordinator. Three years is a long time to hold that space, and it's natural to feel the weight of it. Your faith is a good anchor, but it doesn't erase the exhaustion of managing everyone else's help. Is there one small thing you could offload from your coordination role, even if it's just one phone call or email?"
syn_007044,synthetic_heldout,Support Currently Used,My close friend had a spinal cord injury a few months ago and I moved in to help. I just finished my history degree in Toronto and I'm job-hunting. My Hindu faith community has been supportive. But I'm watching my friend grieve the life they had and I feel completely helpless.,"Watching someone grieve the life they knew after a sudden injury is one of the heaviest things a carer can witness, and feeling helpless in the face of that grief is a normal response, not a failure. Your faith community and your willingness to be present are real. Can I ask: does your friend have access to a counsellor or psychologist who specialises in adjustment to injury? Because what you're describing is grief that deserves professional support, not just friendship. And for you, are there moments in the week that are still just 'friends,' not 'carer and patient'? Preserving that matters for both of you.","It's natural to feel helpless when someone you care about is grieving a life they've lost. You're stepping into a care role at the same time as starting your adult life, and that's a lot to balance. Your faith community is a good resource, and so is talking to other people in similar situations. Would you like help finding caregiver support groups?"
syn_007061,synthetic_heldout,Caregiving Challenges – Balance & Time,"My boyfriend's on dialysis for kidney failure and I'm studying education full-time in the UK but he's in another city. Two years of travelling to him, managing his appointments from here. I'm behind on my teaching placements and I feel like I'm watching my own future slip away.","Watching your own future feel like it's slipping while you hold someone else's health together from another city is a painful thing to name, and I'm glad you said it. Can I ask: have you talked to your placement tutor about what's happening? Universities can sometimes adjust placement timing or location when they know a student has caring responsibilities. And what would it look like to reduce the travel frequency slightly, even one fewer trip per month, and use that weekend for a placement catch-up? Sometimes a small shift in the pattern can recover enough space to keep both things moving.","Two years of long-distance caregiving while studying is a huge weight. It's not just the appointments, it's the worry and the feeling of your own life being on hold. It sounds like you're not just behind on placements, but you're losing sight of your own goals.

Your university has a duty of care to support you. You can ask your personal tutor about a learning adjustment plan, or speak to the disability services team. They can help you catch up on placements, or suggest a different route. The Children's Society guide has a section on support you can ask for at school, which might give you ideas.

You're not alone in this. There are other carers who've had to balance study with care, and they've found ways through. Would you like me to find some carer-specific resources for students?"
syn_007078,synthetic_heldout,Caregiving Challenges – Emotional Impact,"My father had a spinal cord injury two years ago. I'm in Indonesia, he's receiving care elsewhere. I graduated in computer science but can't focus on job applications because I'm constantly checking on him. I feel hollowed out.","Being far from a parent after a life-changing injury, unable to be there. That hollowed-out feeling is grief mixed with helplessness, and it makes complete sense. Your checking isn't irrational. It's how you're trying to bridge the distance. Try this: set two fixed check-in times per day rather than monitoring continuously, and ask his care team to send you a brief weekly update. That structure can free your mind for other things without guilt. If the hollowness persists, consider talking to a counsellor, your wellbeing isn't secondary to his care.","That hollowed-out feeling is a real thing when caregiving pulls you in so many directions. It's not just the time, it's the mental energy. You're a computer science graduate, and that's a skill that needs focus. It's okay to admit that the constant checking is making it impossible to apply yourself to job applications.

A small step: could you set aside a specific time each day to check on your father, and then close that loop for the rest of the day? It won't fix everything, but it might give you a few hours of uninterrupted time.

Bright Horizons has senior care support, and caregiver.org and usa.gov can help point you toward available programs in your state."
syn_007086,synthetic_heldout,Caregiving Challenges – Emotional Impact,"I'm 23, studying psychology in Poland. My close friend has cancer and lives with me. I've been her carer for three years. My Sikh faith grounds me but I've started avoiding going home because seeing her deteriorate breaks me each time. I feel like a coward.","Avoiding going home doesn't make you a coward. It makes you someone who's been watching someone they love deteriorate for three years and whose body is trying to protect them from that pain. That's a normal response to prolonged grief, not a character flaw. Two things: is there a friend, community member, or gurdwara contact you could be honest with about how bad it's got? And have you had any contact with a cancer carer support organisation? They understand this specific deterioration trajectory and can offer real support, not just coping tips.","Three years is a long time to be a carer, and it's a lot to carry at 23. It's not cowardice to need space from the pain of watching someone you love deteriorate. It's a natural human response. Your Sikh faith is a good anchor, but even anchors need to be checked and adjusted. Is there a Sikh community leader or counsellor you could talk to, someone who understands both your faith and the weight of caregiving? Sometimes, just having someone who understands both worlds can make a difference."
syn_007093,synthetic_heldout,Caregiving Challenges – Emotional Impact,"I'm 25, working part-time in nursing in Egypt. My father has depression and lives with me. It's been two years. My Muslim faith is everything to me but I feel like I'm drowning. He's my father and I can't help him and I can't leave.","Watching your father struggle with depression while living with him. That helplessness is one of the hardest feelings a child can carry, and your faith doesn't make it easier or harder. It's just part of how you're holding it. You can't fix his depression, but you're not powerless either. Is his depression being treated by a professional? And separately, is there an imam or community elder you trust who could support you, not him? You need someone holding you too. Consider talking to a counsellor yourself. You're worth that care.","Two years is a long time to feel that weight. A lot of people in your position find themselves stuck between wanting to honour their faith and family commitments, and needing to protect their own wellbeing. It's not a sign of weakness to admit you're drowning, it's a sign you're human.

There's a section in this guide about having a ""Plan Z"" – a way to make things tolerable while you work towards something better. It's about finding a way to keep going without burning out. It might be worth reading, just to see if there's anything there that could help you carve out some space for yourself.

Would you like me to share the link?"
syn_007097,synthetic_heldout,Caregiving Challenges – Emotional Impact,"I'm 18, studying education in Sweden. My grandmother has cystic fibrosis and I support her from a distance, three years now. My Christian faith is very important but I feel so helpless being far away. Some days I just want to drop everything and move to her.","That urge to drop everything and be physically near her comes from real love, and it's completely understandable after three years of caring from a distance. But uprooting your life at 18 is a big decision, and it's worth exploring what's underneath that urge. What would actually change for her if you were there, is it practical care, or is it the emotional reassurance of being present? Sometimes distance carers can meet the emotional need through regular video calls and a local support network, without relocating. And is there a trusted person near her you could connect with?","That pull to move and be physically present is really strong when you love someone and see them fragile, and it’s okay to feel helpless when distance makes it harder to help. Three years is a long time to carry that tension. Is there a small, practical thing you could do this week that would feel like a step toward being more present, even from a distance? Maybe a longer call, or helping research something for her? And are there people at your university who share your faith, and might understand the conflict between your studies and wanting to be with your grandmother?"
syn_007107,synthetic_heldout,Caregiving Challenges – Distance Caregiving,I live with my dad in Sweden and he has epilepsy. I'm working part-time in medicine and I've been his carer for over five years. I don't even know what it's like not to be on alert. I'm 22 and I feel like I've skipped my youth. I never know when a seizure is coming and I'm always listening for sounds from his room.,"Being on constant alert for over five years means your nervous system has been in caregiving mode since you were a teenager. That's a profound thing to carry. Two questions: does your dad have a seizure response plan (medication timing, recovery positioning, emergency contacts) that someone else could be trained on so you're not the sole first responder? And have you ever spoken to your own GP about the toll this has taken on you? At 22, your health matters too, and a doctor who understands caregiver stress can be a useful ally.","Five years is a long time to live on alert, and 22 is very young to feel you've skipped your youth. It's not a sign of weakness to feel this way, it's a sign of a very real burden. Do you have anyone you can talk to about this, someone who can help you find ways to carve out some time for yourself, even small amounts? There are carer organisations in Sweden that might be able to offer practical support or just a listening ear."
syn_007152,synthetic_heldout,Support Needed,"My cousin moved in with us in Cairo about six months ago after her heart failure got worse. I'm 20, studying history and working part-time. Between my shifts and her appointments I'm stretched thin. My Buddhist practice helps me stay calm but I've barely had time to sit and meditate. I need something. I just don't know what.","It sounds like the caregiving load has crowded out the very thing that sustains you. That's worth paying attention to. Is there a way to protect even ten minutes of meditation as a non-negotiable part of your day, the way you'd protect one of her appointments? And on the practical side: does anyone else in the household share responsibility for your cousin's appointments, or is that all on you? Knowing whether the gap is emotional, practical, or both can help you figure out what to ask for first.","Six months is a long time to be stretched that thin. It's good your practice has helped so far, but it's not a surprise it's hard to keep up. A small, regular kindness each day might help, even just a compliment to someone at work. It's a way to build a little positive momentum. Would you be open to trying that?"
syn_007163,synthetic_heldout,Support Needed,"My boyfriend was diagnosed with early-onset dementia two years ago. I'm 24, studying and working part-time in history in Melbourne. We're long-distance. He's only in his thirties and I feel like I'm grieving someone who's still alive. Nobody my age understands this. I need someone to talk to who actually gets it.","Grieving someone who's still here is one of the loneliest experiences, and at your age it's especially isolating. Most peers simply haven't encountered it. You're not wrong to need someone who gets it. Have you looked into young-onset dementia support groups, even online? Dementia Australia has resources specifically for partners of people with young-onset dementia, and peer connections there can be a lifeline. Also, is there a counsellor who understands grief and caregiving you could access through your university or workplace? You need a space where this grief is recognised, not explained away.","That's a really hard place to be, grieving someone who's still here. It's not something most people your age are dealing with, and it's okay to need someone who understands that specific kind of loss. Long-distance adds another layer of complexity. There are peer support groups for younger carers, and some offer online options, so you can connect with people who get it without needing to travel. Would you like me to help you find some?"
syn_007172,synthetic_heldout,Support Needed,My cousin had a stroke three years ago and he's been living with me in Chicago while I study medicine part-time. I'm 24. My Hindu faith is very important to me. I understand the medical side but I need emotional support. I'm burnt out and I don't know how to ask for help without feeling like I'm failing.,"Knowing the medicine but struggling emotionally is incredibly common among carers with health backgrounds, the clinical understanding doesn't protect you from the personal cost. Three years co-resident is a long time. What would asking for help actually look like, is there a family member who could take over some tasks, or a respite service you've been hesitant to explore? And does your cousin's care team know you're struggling? They may be able to connect you with carer support through the hospital. Medical knowledge doesn't make you immune to burnout, please treat it as a real signal.","It's a lot to hold, being a medical student and a caregiver. It's also a lot to carry the worry of being seen as failing if you ask for help. You're not failing, you're human. Your faith is important to you, and that's a source of strength, but it doesn't mean you have to do this alone.

There are caregiving organisations that offer listening support, where you can tell your story without immediate advice. That might be a good place to start, to just talk. Would you like me to find some in Chicago?"
syn_007186,synthetic_heldout,Online Support – Willingness,"I study and work part-time in economics in Canada. My dad has a hereditary illness and lives with me, three years now. Not religious. I'd be open to online support but I want it to acknowledge that caring for a parent at my age is not the same as caring for a grandparent.","You're absolutely right, caring for a parent in your twenties has a specific emotional weight that's different from elder care, and it deserves a space that recognises that. Young-carer organisations in Canada sometimes have subgroups for people caring for parents, and genetic illness foundations may have online family communities. Your university's student services might also run carer support groups. What would help you most, connecting with other young people specifically caring for a parent, or finding people who understand the hereditary illness angle and what that means for your family?","That's a really important point. It's easy for support groups to blend generations of caregivers, but your situation is unique. Caring for a parent while still building your own adult life is different from caring for a grandparent, and it's good you want a space that acknowledges that. Online groups can be helpful, but you're right to want to be selective about the level of trust. Is there a university or college student support service that might be able to connect you with other student carers? They'd be more likely to understand the specific pressures you're under."
syn_007198,synthetic_heldout,Online Support – Willingness,"I recently graduated in computer science and I'm job-hunting in the Philippines. My dad has diabetes with complications. I support him from afar, about a year now. Not religious. I'd try online support but I want something that fits around job applications and interviews, not a scheduled commitment.","Job-hunting while caregiving is a real juggle, and not wanting a scheduled commitment makes sense. Look for asynchronous options, diabetes organisations often have online forums or message boards you can dip in and out of, and some have resource libraries you can browse anytime. Young-carer services in the Philippines may also have flexible online chat options. Search 'diabetes family carer forum online Philippines', bookmark what looks useful. You can read and post on your own timeline. What kind of information would be most helpful right now, managing his complications, or the emotional side of long-distance caring?","A year of supporting from a distance while job-hunting is a lot to balance. It's good you're thinking about what fits around applications and interviews, not adding to the pressure. Do you have a list of the practical things your dad needs help with? Sometimes breaking it down like that makes it feel less overwhelming, and you can see what can be delegated or done in small chunks."
syn_007241,synthetic_heldout,Current Digital Tool Use,"I'm 23, studying computer science in Sweden, and my cousin has schizophrenia, about a year now, they're in another country. I use a shared calendar for appointments and a private spreadsheet to track their symptoms and meds. It works technically but I feel like I'm running a clinical operation from my dorm room.","That feeling, running a clinical operation from your dorm, captures something real about distance caregiving, and it makes sense that the tools feel clinical when you're the only one operating them. Is there a family member or friend near your cousin who could take on one piece, like confirming appointments happen, so you're not the sole point of contact? And do you have anyone in your own life who knows you're doing this? The system might be working technically, but you're a person, not an admin system, and you deserve someone who checks in on you too.","That's a really vivid way to put it, ""running a clinical operation."" It's a lot to manage, even with the tools, and it's okay to feel that it's too much. A shared calendar and symptom tracking are smart, but they don't replace a care team that's physically present. Do you have a care coordinator or someone on their side who can take some of that monitoring load? Or even a regular check-in with their local doctor, just to get a professional opinion on how things are going?"
syn_007248,synthetic_heldout,Caregiving Challenges – Care Recipient Behavior,"My uncle back in Nigeria was diagnosed with cancer about six months ago. I'm studying here and trying to coordinate his care from a distance, but he keeps refusing his treatments. He says the spirits will handle it. I don't want to disrespect his beliefs, but I'm terrified he's giving up.","It's really hard when someone you love is making choices that feel risky, especially from far away. Rather than challenging his beliefs directly, try framing treatment alongside them, something like 'the medicine can work with the healing you're already doing.' If there's a spiritual leader he trusts who sees medicine as compatible, that conversation might land better than yours. His oncology team may also have dealt with this and could help you talk it through. You're not disrespecting him by being scared, you're loving him.","That's a really hard place to be, trying to support someone from far away when they're making choices you disagree with. It's good you're mindful of his beliefs, and it's okay to be scared. Maybe you could ask him what the spirits are telling him, and if there's any room for treatment alongside that? Or is there a local family member or friend who could talk to him, someone he trusts more?"
syn_007257,synthetic_heldout,Caregiving Challenges – Care Recipient Behavior,"My uncle has a physical disability and for the past few months he won't accept any help from me, even arranging transport to appointments. He says he'd rather struggle than owe anyone. I'm a medical apprentice and I know he needs the help.","That stubbornness is often about dignity, he doesn't want to feel like he owes someone, which is different from not wanting help. Try reframing it so it doesn't feel like a debt: 'I'm doing this because I want to, not because you owe me anything back.' Sometimes offering practical help rather than personal help lands differently, arranging a taxi service rather than driving him yourself. His local disability organisation may also have transport options he could access independently, which might feel more comfortable than relying on family.","It's really hard when someone you care about pushes away help, especially when you can see they need it. It's a common pattern, and it sounds like your uncle's pride is a big part of this. It's also possible he's worried about being a burden, or losing independence.

As a medical apprentice, you're trained to see what's needed, but this is a situation where his feelings matter as much as his physical needs. Have you tried asking him what would make it easier to accept help? Sometimes framing it as a collaboration, rather than you ""doing"" something for him, can help. For example, ""I'm going to be in the area for my placement, so I can give you a lift to your appointment if that would save you a struggle.""

If he continues to resist, it might be worth talking to a social worker or a care coordinator. They're experienced in navigating these situations and can offer strategies that respect his autonomy while ensuring he gets the support he needs."
syn_007283,synthetic_heldout,Support Currently Used,"My closest friend has battled anorexia for three years. I'm studying economics in Mexico, she's in another city. I see a counsellor at my Buddhist centre which helps, but I've started skipping sessions because I feel like I should be over it by now.","Three years of supporting a friend through anorexia from another city is not something you 'get over'. It's ongoing, and the fact that you're thinking about skipping sessions suggests the opposite of being done. Can I ask: what does 'over it' mean to you? Because caring for someone with a long-term eating disorder isn't a one-time event you process and move on from. It shifts with each phase of their recovery or relapse. Your Buddhist centre's counsellor is there for exactly this. Also, BEAT (and similar organisations in Mexico) have helplines and resources specifically for friends and family of people with eating disorders, not just for the person who's ill. Your friend's journey is hers. Your wellbeing is yours, and both deserve ongoing support.","Skipping sessions because you feel you *should* be over it is a common pattern, and it's a sign the counsellor is helping you process something real. It's not about 'getting over' it, but learning to live with the worry and support her without letting it overwhelm you. Your Buddhist centre counsellor is a good resource, and you're right to use it. Is there a way to reframe the sessions as maintenance, rather than 'fixing'?"
syn_007308,synthetic_heldout,Caregiving Challenges – Balance & Time,"I'm 18, working full-time in engineering in São Paulo. My grandmother back in our hometown has early-onset Alzheimer's and it's only been a few months since diagnosis. I send money, coordinate with relatives, and try to manage everything from here. But I'm always at work when they need decisions made and I feel like I'm failing both sides.","Being 18 and carrying that level of coordination while working full-time is a lot. Most people your age aren't managing anything like this, and it's okay to acknowledge that. Can I ask: which decisions come up most often while you're at work, are they medical, financial, or day-to-day care? And is there one relative you trust enough to be the 'on-the-ground' decision-maker for routine things, with you as backup rather than primary? Sometimes naming that split explicitly can relieve the pressure of feeling like everything has to route through you.","That's a really tough spot to be in, trying to manage a new job and a new diagnosis from a distance. It's not failing, it's just a huge amount to carry. Can you think of one small thing at work that could be a little more flexible, or one person you could talk to about what's going on? It doesn't have to be a big ask, just something to take a little pressure off. And it's okay to say no to extra work right now."
syn_007323,synthetic_heldout,Current Digital Tool Use,"I live with my close friend who has Parkinson's, and I've been using a shared Google Calendar for two years to track her appointments. Lately it's not enough, her symptoms are shifting and I'm scrambling to keep notes across three different apps. I study history full-time in Warsaw and I can't keep context-switching like this.","Two years of coordinating care while studying full-time is a lot, and it makes sense that a system that worked earlier is straining as her needs shift. A couple of questions that might help narrow things down: are you mainly losing track of day-to-day symptom changes, or is it more that appointment details and medication updates are scattered? If it's mostly symptoms, a single structured notes app with dated entries might replace the three you're juggling. If it's appointments and meds, a dedicated care app like one that combines both might reduce the switching. Which piece feels most fragile right now?","Two years is a long time to be adapting to a shared calendar, and Parkinson's symptoms shifting is a real challenge. Three apps is too many, and context-switching is a productivity killer. Have you considered a single app that can handle both appointments *and* notes, like a dedicated care management platform? They're designed for this kind of complexity. If you're happy with Google Calendar, can you add more detail to the events themselves? Like medication timing, or what to watch for during the appointment?"
syn_007352,synthetic_heldout,Caregiving Challenges – Emotional Impact,"My older sister has Down syndrome and I support her from across the country. I study and work part-time, and I send money and coordinate her appointments. Lately I feel this constant low-grade guilt that I'm not there in person.","Distance caregiving carries a particular guilt. You're doing a lot, but because it happens by phone and transfer, it can feel invisible even to you. Coordinating appointments and sending money is real care. Two things that might help: make a quick list of what you handle versus what needs someone physically present, then see if a local service or relative can cover those gaps, and consider joining a sibling support group through a Down syndrome organisation, siblings carry a unique load that others don't always see. If the guilt sits heavily most weeks, a counsellor who understands family caregiving could help.","That guilt is common among caregivers who live at a distance. It's a constant calculation of what you *can* do versus what you wish you could. You're already providing practical support with money and appointments, and that's real help. It's okay to acknowledge the gap between that and being physically present, without letting the guilt overwhelm you. Would it help to set aside a specific time each week for check-ins, so you're not constantly thinking about what you're missing?"
syn_007375,synthetic_heldout,Caregiving Challenges – Distance Caregiving,"I'm a social work student in Jakarta and my younger sibling is on dialysis for kidney failure. We live together and I've been helping manage their care for over five years. Even though we're under the same roof, I feel like I'm caregiving from a distance emotionally. I'm so drained from uni that I'm physically there but not really present.","That distinction you're naming, physically present but emotionally distant, is really common among long-term carers, and it makes sense given you've been managing this for over five years alongside full-time study. Can you tell me more about what 'not really present' looks like in your day-to-day? Is it that you're distracted during time together, or that you've gone into autopilot with the care tasks? And is there anyone in your household or circle who could take over even one evening a week so you can recharge properly? Sometimes the distance we feel isn't about not caring. It's about being depleted.","That's a really common experience for caregivers, especially when you're also juggling something as demanding as social work studies. It's easy to be physically present but emotionally checked out when you're stretched so thin. It's not a sign of failing at caregiving, it's a sign of being human.

You've been doing this for five years, which is a long time to be carrying that emotional load. Are there any small, regular things you could do to reconnect with your sibling, even if it's just a shared cup of tea and a few minutes of focused conversation? It might not fix the emotional distance, but it could be a small step towards feeling more present.

The guide mentions talking to someone at university before or when you start. It might be worth checking if your university has a disability or carer support service, who could help you plan how to balance your studies with your caregiving role."
syn_007390,synthetic_heldout,Caregiving Challenges – Distance Caregiving,My grandmother has Parkinson's and she moved in with me in Canada about a year ago. I'm at university full-time and my Hindu faith is very important to me. It's an honour to care for her but I'm falling behind in my studies and I feel torn between being a good granddaughter and being a good student.,"Feeling torn between caring for your grandmother and your studies is a genuinely difficult position, both things matter, and neither one makes you a bad person for wanting the other. Two things that might help: look into whether your university has a carer support policy or services for student carers, many Canadian universities do, and they can offer extensions, adjusted schedules, or support. And is there another family member who could share some days with you, or community care services for Parkinson's in your area? Caring for her is an honour, and so is your education. Getting support with one doesn't diminish the other.","That's a really common struggle for student carers. It's not just about the hours, but the mental load, as one carer said: ""You constantly think about it in the back of your mind."" It's good you're recognising this now, and that your faith gives you strength.

Have you spoken to your university's disability or student support services? They can help with things like extensions, or a learning plan that fits your situation. Also, the guide suggests talking to someone before or when you start your course, so they can help you plan. It's not about asking for special treatment, but about making sure you have the support to succeed.

Would you like me to share some links to resources for carers in Canada?"
syn_007408,synthetic_heldout,Caregiving Challenges – None Reported,"My uncle is autistic and I've been checking in from Spain for about six months. I'm a graphic design student, 20, Latino, not religious. He's doing fine and has good support locally. Honestly I just wanted to talk to someone because none of my friends really get why I worry about him from afar.","It makes sense that your friends don't quite get it, caring from a distance has its own particular worry that's hard to explain to people who haven't felt it. Six months in and him having good local support is a solid foundation. One thing worth doing: get to know what his support network looks like in detail, who's involved, how often they see him, so you know who to contact if something changes and you're not figuring it out mid-crisis. And if you want to talk more, carer organisations in Spain may have online peer support for young carers.","It's very common for friends to not understand the worry that comes with caring for someone from a distance. It's a unique kind of stress, because you're not in the day-to-day, but you're still responsible for his wellbeing. It's good that he has good local support, but it doesn't mean you don't have a right to worry. Is there anyone at your university who might understand, like a counselor or a student support worker? They might not know autism specifically, but they'll know about the stress of long-distance caregiving."
syn_007417,synthetic_heldout,Caregiving Challenges – None Reported,"I live with my grandmother in the UK and she's had cancer for as long as I can remember. I'm 22, working in psychology, agnostic, of Middle Eastern background. Things are stable right now and she's comfortable. I just wanted to check in because honestly I don't know what it's like to not be a carer and sometimes that hits me.","That realisation, not knowing what it's like to not be a carer, is a profound one, and it makes complete sense that it hits you sometimes. A stable, comfortable period is worth appreciating, and so is the fact that you noticed that thought. Two things to sit with: is there anything you've never tried, a hobby, a social circle, a way of spending time, because caring has always come first? And do you have a space, maybe a therapist, given your psychology background, where you can explore what carer identity means for you without needing to justify it?","That's a really honest thing to say. It's easy to forget what it is to *not* be a carer when it's been a constant in your life. It's not a sign of weakness to feel that, it's a sign of how much of your life has been shaped by it. If you'd like to talk about what it's like to not be a carer, or what you'd like to do with the space that might open up if things change, I'm here. Or if you'd like to just sit with that feeling, that's okay too."
syn_007479,synthetic_heldout,Online Support – Barriers,"My aunt had a spinal cord injury two years ago. I'm in Sweden, she's back in South Asia where our family is from. I'm doing a biology apprenticeship. I keep looking for SCI resources but everything's in English or Swedish and she doesn't speak either well. I feel like I'm the only bridge and there's nothing on her side.","Being the bridge between two languages and two health systems is a heavy role, and you're right that SCI resources in many languages are thin. A practical approach: check whether the International Spinal Cord Society lists organizations or resources in your aunt's language, and look at WHO's patient education materials, which are translated widely. Some major SCI foundations offer PDF guides in multiple languages specifically for this reason. What language does she read most comfortably? If I know that, I can help you think about where to look more specifically rather than translating everything yourself.","That's a lot to carry, being the only link between two worlds. It's not just about the injury, it's about the language barrier and the distance. Is there a family member who could help translate, even if they're not medical? Or maybe a local community centre that offers translation services? It's okay to ask for help with the translation part, so you can focus on the biology apprenticeship."
syn_007518,synthetic_heldout,Caregiving Challenges – Care Recipient Behavior,"My girlfriend has heart failure and I'm studying business in Jakarta, she's in Surabaya. It's been about six months. She's started minimising her symptoms, says she's fine when I can hear her struggling to breathe on the phone. When I push she shuts down completely.","Hearing someone you love struggling to breathe and being told 'I'm fine' is a frightening kind of helplessness, and pushing harder when she's already shutting down usually makes the wall go up faster. A question that might help: when she minimises, is there someone physically present, a parent, a friend, a flatmate, who sees what you hear on the phone and could be a second set of eyes for you? Sometimes having a local contact who can check in takes the pressure off your calls. And has she got a cardiologist or heart failure nurse in Surabaya? If she's downplaying symptoms to them too, that's a clinical concern they need to know about.","That's a really hard spot to be in, hearing her struggle when she's trying to sound okay. It's common for people to minimise symptoms, especially when they don't want to worry someone they love. And shutting down when you push is a way of protecting herself, even if it makes things harder for you.

It sounds like you're trying to balance being supportive and making sure she's getting the care she needs. Have you thought about asking her what would help *her* feel more comfortable talking about how she's doing? Sometimes, shifting the question from ""are you okay?"" to ""what's been the hardest part of today?"" can open up a conversation without feeling like an interrogation."
syn_007534,synthetic_heldout,Support Currently Used,"I'm a part-time business student in Amsterdam and my mother has anorexia. I've been supporting her from here for two years. My church community prays for us and a few people send me messages, which I appreciate. But sometimes the distance makes me feel completely powerless, like prayer is all I have.","Feeling powerless from a distance is one of the hardest parts of caring for someone with an eating disorder, and it makes sense that prayer, while meaningful, doesn't always fill the gap. A few things that can help: ask your mother if you can be in contact with her care team, with her permission, you can sometimes join appointments by phone or video, which gives you a more concrete role. Also, look into F.E.A.S.T. or a similar family support organisation for eating disorders. They have resources specifically for distant family members. Prayer and practical involvement aren't either/or. Both can coexist, and adding a practical thread might ease that powerless feeling.","That's a really hard feeling, to be doing what you can from a distance and still feel powerless. Prayer and messages are lovely, but they don't *do* anything for your mother's anorexia, and they don't fix the distance. You're right to notice that.

What does 'supporting her' look like from Amsterdam? Is it mostly phone calls, or do you help with practical things like appointments or research? Sometimes naming what you *are* doing can help shift the balance from 'nothing' to 'something'.

If you're able to, and it feels right, could you ask the people who send messages if they'd be willing to do something specific? Not to fix things, but to take a small task off your plate? It could be as simple as checking in with your mother on a set day each week.

If you're feeling stuck, it might help to talk to a professional who specialises in family support for eating disorders. They might have ideas for how to support your mother from where you are, and how to manage your own feelings."
syn_007537,synthetic_heldout,Support Currently Used,"I'm a part-time nursing student in Bangalore and my younger sibling is on the autism spectrum. They moved in with me a few months ago. I have a study group that knows, and they sometimes cover my shifts at the hospital. But I feel like I'm always asking for favours and never giving anything back. I'm worried they'll stop offering.","It sounds like your study group has become a real circle of support, and the worry about asking too much shows you care about those relationships. Can I ask: have any of them actually seemed reluctant, or is this fear talking? One thing that helps is finding small, non-caregiving ways to reciprocate, sharing notes, bringing snacks to a study session, covering a shift when you can, so the exchange feels balanced over time. Also, try saying a genuine, specific thank you once in a while rather than a general apology. Most people don't keep score the way we fear they do. They remember that we noticed.","That's a really common worry when you're balancing caring with study. It's easy to fall into a pattern of asking, and it's natural to fear that will wear people out. But your study group is offering because they want to, and they know you're juggling a lot.

Could you think of one small way to return the favour, even if it's not directly swapping shifts? Maybe bringing snacks to the next study session, or taking notes for someone who missed a class? It doesn't have to be equal, just a gesture to show you appreciate their support. And it's okay to say ""thank you"" often. It's a small thing, but it can make a big difference to how you feel about the balance."
syn_007554,synthetic_heldout,Current Digital Tool Use,"I'm 20, studying nursing part-time in the US, and my aunt with schizophrenia lives with me. For three years I've used a pill tracker app and a mood journal for her. Lately I'm falling behind on the journal because of clinical placements and I feel guilty when entries are missing.","Three years alongside nursing placements. You're carrying a lot, and the guilt over missing journal entries is misplaced. The journal is a tool, not a contract. Gaps just mean you were busy, not that you failed her. Two questions: what's the journal actually for, sharing with her care team, or tracking patterns yourself? Knowing its purpose might let you simplify it. And could you shorten entries to one line on busy days, mood, sleep, anything unusual, instead of skipping entirely? A pared-down entry on heavy days still gives you something without demanding what you can't give.","That guilt is a sign you care, but it's also a signal that something needs to shift. A mood journal is a good tool, but it's not a measure of your worth as a caregiver. It's okay to let it slip when placements are intense.

Could you try a simpler version of the journal, like a quick ""good day/bad day"" check-in instead of full entries? Or maybe a reminder on your phone to do it at a specific time, so it feels less like another task?"
syn_007574,synthetic_heldout,Caregiving Challenges – Balance & Time,"I've been caring for my aunt who has severe depression for over five years now. We live together in Munich, and I work part-time in a history museum. Some days she can't get out of bed, and I end up missing shifts. My church community prays for us, but I'm falling behind at work and I don't know how to explain it without betraying her privacy.","Five years of co-resident care for depression, while holding a job. That's a long stretch, and the privacy dilemma at work is a real knot. A couple of questions: does your employer know you have caring responsibilities at all, even without specifics? In Germany, you may be entitled to care leave (Pflegezeit) or reduced hours without disclosing her diagnosis. And is there anyone at church you trust enough to share just your own struggle, not her details, so you're not carrying this alone? Sometimes naming your own need is enough.","Five years is a long time to carry that weight, and it's understandable that you're feeling the strain. It's a real conflict, wanting to protect her privacy while also needing to explain absences at work. Have you looked into what your museum offers in terms of sick leave or family responsibility leave? You don't need to disclose her diagnosis, but you could say you have ongoing family commitments that sometimes require you to be absent at short notice. It's your right to ask for support, and you're not betraying anyone by doing so."
syn_007588,synthetic_heldout,Caregiving Challenges – Balance & Time,"I'm 20, studying education in Dublin, and my cousin with autism lives with us. I've been his main support for about a year, helping with routines, meals, getting him to activities. I'm missing placement hours for my course and I feel guilty whenever I leave the house because he struggles with me being gone.","That guilt when you leave is so common in co-resident care. You've become a key part of his routine, and change is hard for someone with autism. But your placement hours are essential for your qualification, and you can't support him long-term without finishing your course. Can I ask two things: does your cousin have any other consistent people in his life, a sibling, a support worker, or a community programme, who could build a parallel routine so your absence isn't a disruption but an expected part of his day? And have you talked to your course coordinator about adjusting your placement schedule? What feels like the bigger barrier right now, his reaction when you leave, or the placement hours themselves?","It's understandable to feel guilty when leaving the house, especially when your cousin struggles with your absence. It sounds like you're balancing a lot, and missing placement hours adds to the stress. Have you spoken to your course coordinator about your situation? They might be able to offer flexibility or suggest ways to make up the hours. Also, Dublin has young carers services that could offer support for both of you. Would you like me to find some contact details?"
syn_007589,synthetic_heldout,Caregiving Challenges – Balance & Time,"I'm 23, working full-time in biology in Jakarta, and my girlfriend has a physical disability. She lives in another city and I've been supporting her for about a year, organising carers, handling paperwork, and being her emotional rock. Between work and all the calls, I have zero time for myself. My Buddhist practice helps but I can barely sit to meditate anymore.","A year of long-distance care coordination plus full-time work leaves almost nothing for you, and losing your meditation practice on top of that is losing one of your anchors. Two small steps: first, batch your care calls into set windows, two or three fixed times a week for updates, rather than scattered calls throughout the day. This alone can free up meaningful space. Second, protect just ten minutes each morning for sitting practice before anything else, not as a luxury, but as the thing that keeps you grounded enough to keep going. Your girlfriend needs you well, not just available.","It's really clear you're stretched thin, and that even the thing that usually grounds you – your meditation – is slipping away. It's good you're aware of that, and that you're still able to recognise it's a problem.

One thing that can help is to ask the right questions and advocate for yourself and the person you are caring for. This can help you to reduce your workload.

If you can, try to find 10 minutes each day to sit quietly, even if it's not a full meditation session. It's a small step, but it could make a difference."
syn_007610,synthetic_heldout,Caregiving Challenges – Emotional Impact,My girlfriend was diagnosed with MS about a year ago. She's in another city in Nigeria and I'm working part-time in computer science. Between work and worrying about her I feel like I'm running on fumes. My faith helps but I'm scared of what's coming and I can't talk to her about it because she's the one going through it.,"Being scared of what's coming while protecting your girlfriend from that fear is a lonely position, and it makes sense that you're running on fumes. You're right that she's the one living with MS, but you're living with it too, and you need somewhere to put that. Can I ask: do you have a friend or family member you could be honest with about your fear, even just one person? And does your girlfriend have an MS specialist or local support group, because the stronger her local network, the more it eases the weight you're carrying from a distance? Your temple community might also be worth tapping into.","It's a lot to hold, worrying about someone you love from a distance while also building a career. It's kind of you to want to protect her from your fears, but it also means you're carrying them alone. It's okay to ask for support for yourself, even if she's the one with the diagnosis.

There are resources for caregivers, even if you're not physically in the same place. Bright Horizons suggests checking your work benefits for mental health support or flexible work arrangements. You might also look for caregiver support groups online or in Nigeria, where you can talk with people who understand.

It's also okay to talk to someone else about your fears, a friend, family member, or therapist. Sometimes just saying it out loud can make it feel less overwhelming."
syn_007615,synthetic_heldout,Caregiving Challenges – Emotional Impact,My grandfather lives with us in India and has heart failure. I'm in nursing college and it's been a few months. I thought my training would make it easier but instead I understand exactly what's happening to his body and it terrifies me.,"That's a really specific kind of burden, knowing too much can be its own form of fear, and your nursing knowledge, which is usually an asset, is right now making the stakes feel vivid and immediate. Can I ask: are you able to separate what you learn in class from what's happening at home, or does it all blur together? And do you have a tutor or someone on your course who you could talk to about this overlap? Some nursing programmes are very aware of student carers and can offer support or adjustments. Your knowledge will help him eventually, but right now it's okay to just be his grandson.","That's a really hard position to be in, knowing what's happening and feeling helpless to stop it. It's not surprising your training makes it *more* frightening, not less. It's okay to be scared, and it's okay to need to talk about that fear with someone who isn't involved in the day-to-day care. Would you be open to talking to a counsellor or therapist about this? It might help to have a space to process your feelings without needing to be the strong one."
syn_007741,synthetic_heldout,Online Support – Barriers,"I'm 23, studying nursing in Sweden. My mum has bipolar disorder and we've lived together for two years. Everything online either treats bipolar like it's just mood swings or it's so clinical I need a medical degree. I can't find anything in between for family carers.","That in-between space is where most family carers live, too informed for the simplified stuff, not clinicians, and the resources don't bridge that gap well. Try International Bipolar Foundation's family resources, which tend to hit that middle ground, and ask your nursing programme tutors. They may know carer-friendly materials you can access through your university. Your Sikh community may also offer sangat-based support that honours the spiritual dimension of caring for a parent. You're studying nursing and living it at home simultaneously. That's a lot, and finding support that respects both roles is completely fair.","That gap between 'mood swings' and 'clinical' is a real problem when you're living with someone's bipolar, and it's not surprising you can't find a middle ground online. It's a lot to carry, even when you're studying to be a nurse. Do you have a community psychiatric nurse or a care coordinator for your mum? They can be a good source of information about her condition and how it affects you. If not, you could ask her doctor about getting one."
syn_007742,synthetic_heldout,Online Support – Barriers,"I'm 18, studying medicine and working part-time in Kenya. My younger sibling started dialysis a few months ago. I've been looking online but everything's in English and aimed at parents. I'm barely an adult myself and I'm the one doing the caring.","That's a lot to navigate at 18. You're stepping into a role most resources assume belongs to a parent, and the language barrier makes it even harder. Two questions: what language would be most useful for you. Swahili, English, or a mix? And what kind of support are you after, practical dialysis care info, or more emotional and peer support? Kenya's renal patient associations and your hospital's social worker may have local resources that fit better than international sites. You're carrying something heavy while also studying and working, and you deserve support that meets you where you actually are.","That's a lot to carry, being a student, working, and taking on a parent-level role with dialysis when you're still finding your own feet. It's not surprising that resources aimed at parents don't quite fit. Is there anyone at the dialysis unit who could explain things in a way that makes sense for someone your age, or point you to resources that understand that you're not a parent?"
syn_007758,synthetic_heldout,Caregiving Challenges – Care Recipient Behavior,"My cousin has anorexia and lives with me in Stockholm. I'm studying psychology and working part-time. She hides food and lies about eating, and I can't tell if confronting her helps or makes it worse. It's been six months and I'm lost.","You're in one of the trickiest caregiving positions, eating disorders often involve secrecy that isn't about deceiving you but about the illness protecting itself. Confrontation usually deepens the hiding. Calm, non-judgemental observation ('I noticed lunch was hard today') tends to work better over time. Her eating disorder team should be guiding you on what to do if you suspect she's not eating, don't carry that clinical call yourself. And a carers' skills workshop through an eating disorder charity could make a real difference. You're not lost. You're under-supported, and that's fixable.","Six months of this is a long time to feel lost, and it's okay to admit that. It sounds like you're caught in a cycle of trying to help and not knowing if you're doing the right thing. Since you're studying psychology, you're already aware that anorexia is a complex condition. Confronting her might feel like the right thing to do, but it could also trigger more hiding and lying.

Given your studies, you're well-placed to know that professional help is essential here. A doctor or psychiatrist can offer a treatment plan tailored to her needs, and also give you guidance on how to support her without getting caught in the cycle. It's not your job to fix this, and it's okay to step back and let the professionals take the lead.

Would you like me to help you find some resources for eating disorder support in Stockholm?"
syn_007785,synthetic_heldout,Support Currently Used,"My aunt has chronic pain and I've been her long-distance support in Spain for as long as I can remember. I'm doing a computer science apprenticeship. My spiritual practice keeps me grounded, but I feel guilty that I can't be there physically. I send her resources and check in weekly, but it never feels sufficient.","Weekly check-ins and ongoing research for your aunt is meaningful care, and your spiritual practice clearly gives you a foundation. That guilt about not being there physically is something most distance carers live with. It rarely disappears, but it can get quieter. Can I ask: does your aunt have anyone locally who provides hands-on support, or are you also coordinating that from afar? Knowing that might help us figure out where the gap is, physical presence, coordination load, or emotional closeness. And what does your spiritual practice offer you in terms of self-compassion, not just grounding?","It's common to feel like resources and check-ins aren't enough, especially with chronic pain. It sounds like you're already doing a lot, and it's okay to feel guilty about not being there physically. That guilt is a sign of how much you care.

What would it be like to set a boundary around your weekly check-ins? For example, a time limit or a focus on her wellbeing rather than a full update on everything. That might help you feel less overwhelmed and more present."
syn_007833,synthetic_heldout,Caregiving Challenges – Balance & Time,"My close friend moved in with me a few months ago, he has MS and needs help with daily tasks. I'm studying engineering and working part-time in Hanoi. I want to be there for him but my grades are slipping and I don't know how to tell him.","It's hard to tell someone you care about that their needs are affecting your studies, and it's also completely fair to need that conversation. What has your friend said about how he feels being supported by you? Sometimes people worry about being a burden and are relieved when you're honest. And what would feel manageable, a specific number of hours you can commit to, with other support filling the rest? Naming what you can and can't do helps both of you plan rather than drift.","That's a lot to balance, and it's normal for grades to slip when you're juggling so much. You're right to want to talk to him, but it's okay to start by talking to someone at your university about support for carers. They might know about resources you haven't found yet, and can help you plan how to talk to your friend. There's a guide on the UCAS website that might help too: [https://www.ucas.com/undergraduate/applying-university/individual-needs/students-caring-responsibilities](https://www.ucas.com/undergraduate/applying-university/individual-needs/students-caring-responsibilities). Would you like me to help you find the contact at your university?"
syn_007860,synthetic_heldout,Caregiving Challenges – Emotional Impact,"I'm 25, working full-time in computer science in Vietnam. My cousin in another country has MS. I've supported her for as long as I can remember. As a Muslim, faith sustains me, but I feel this heavy, constant grief watching her decline. I can't share it with my family because they're already overwhelmed.","Carrying grief alone because your family is overwhelmed is a heavy and generous thing you're doing, but it leaves you holding too much. Faith can sustain you and still not be enough on its own for the weight of watching someone decline. That's not weakness, that's being human. Two things: check whether there's an MS support organisation offering online groups for family carers, which could give you people who understand, and consider speaking to your imam or a counsellor about the grief specifically. You're allowed to be supported even while others struggle too.","Grief that doesn't have a space to be spoken is heavy, especially when it's constant. It's good that your faith is a source of strength, and it's understandable that your family is already overwhelmed. You're carrying a lot, and it's okay to need a space for your own grief.

Would you be open to finding a grief support group online? Sometimes hearing others who understand can ease the weight, and it doesn't have to be a long-term commitment. I can help you find some resources if you'd like."
syn_007869,synthetic_heldout,Caregiving Challenges – Emotional Impact,"I'm 21, a business student in Ireland. My close friend lives in another country and has a physical disability. I've supported her for about six months. I'm Christian and faith matters to me. I feel so helpless watching her struggle with daily things I can't fix from here. I pray about it, but the helplessness doesn't go away.","Helplessness that persists despite prayer doesn't mean your faith is weak. It means you're human, watching someone you care about face barriers you can't remove from a distance. Prayer and practical support aren't either-or. Both can coexist. Can I ask: what kind of support does she already have locally, are there services, carers, or other friends involved? Knowing what's covered might ease some of the helplessness. And is there a specific way you help her from a distance that actually makes a difference? Sometimes naming what you do well can counter the feeling of uselessness. Your friendship itself is meaningful support.","It's natural to feel helpless when you care about someone and can't fix their struggles, especially from a distance. Prayer can be a comfort, but it doesn't always take away the feeling of powerlessness. Six months is a good run, and it's okay to acknowledge that you can't do everything. Is there a way to focus on what you *can* do, like being a listening ear or helping her find resources in her area? Sometimes, just knowing someone cares is a huge help."
syn_007910,synthetic_heldout,Caregiving Challenges – None Reported,Things are fine. My friend's diabetes is managed well and we stay in touch from Hanoi where I'm studying biology. Three years of distance support and we've got our system. My Hindu practice helps me stay balanced about it all.,"That's genuinely good to hear, a working system after three years of distance support is worth appreciating. While things are steady, it's worth thinking about your own support: do you have someone you talk to about the caregiving side of your life, separate from your friend? And if their condition shifted, would you know who to lean on locally? Banking that knowledge now, a friend, a support group, a counsellor at your university, means you're not starting from scratch if things get bumpy. You've built something solid. Make sure it's not held up by you alone.","That's good to hear. Three years of distance support is a long time to build a system, and it's helpful that you have a practice to stay balanced. It sounds like you've found a way to manage things that works for both of you."
syn_007936,synthetic_heldout,Support Needed,"I'm 19, studying business in Sweden, and my cousin had a traumatic brain injury over five years ago. We live together and I've been involved in her care since it happened. I'm spiritual but not religious, and I feel like I need support but I have no idea what kind. It's just been our normal for so long.","When something has been your normal for five years, it can be hard to even know what support would look like, so it's good you're asking. A couple of things that might help me think with you: are you looking for something just for you, like talking to someone about the emotional side, or are you more interested in practical help with your cousin's daily care? And have you ever been in touch with a brain injury organisation in Sweden, or is this all new territory? Swedish brain injury associations (Hjärnskade Sverige) often have young carer resources, but knowing what feels most relevant to you would help me suggest where to start.","Five years is a long time to have something be 'normal' even when it's deeply affecting you. It's really common for caregivers to feel like they don't need support until they realise they're running on empty. You're studying business, which is demanding, and you're also navigating a complex family situation. It's okay to want something for yourself, even if it's just a space to talk.

One thing that helped someone else was a companion group of other caregivers. It's a space to share and learn from people who understand. Another person found a professional helped them to navigate the balance between supporting their loved one and respecting their independence.

What feels more appealing to you right now, a peer group or a professional? Or maybe just a little time to yourself?"
syn_007941,synthetic_heldout,Support Needed,"I'm 21, a medical apprentice in Poland, and my boyfriend had a spinal cord injury about six months ago. We live together and I'm very involved in his care. My Sikh faith is central to my life, but even with that foundation I feel overwhelmed. I've never reached out for carer support and I don't know what would help.","Being a medical apprentice and caring for your boyfriend after a spinal cord injury. You're drawing on professional knowledge and personal love at the same time, and that's an intense combination. It makes sense that even with your faith, you're feeling overwhelmed. To help me think about what might be most useful: are you looking for emotional support, someone to talk to about what you're carrying, or practical help with his daily care and rehab? And has his rehab team mentioned any family or partner support programmes? Knowing whether you're looking for someone to lean on or something to lighten the practical load would help me point you in the right direction.","Six months is a long time to carry this alone, and it's understandable to feel overwhelmed. You're starting a medical apprenticeship, which is demanding in itself, and adding caregiving on top of that is huge. It's good to know your faith is a foundation, but it doesn't mean you have to do this all on your own.

One thing that stood out from what another caregiver said is the value of just being heard, without judgment or immediate advice. A companion group, like the one they were in, could be a good place to start. Your apprenticeship might have resources for carers, or there might be local organisations in Poland that offer that kind of peer support. 

Would you like me to help you look for carer support groups in Poland? Or would you like me to share some information about your rights as a carer, in case you want to explore options like flexible work arrangements?"
syn_007960,synthetic_heldout,Online Support – Willingness,"My father has MS and I've lived with and cared for him for as long as I can remember. I'm 25, at a vocational college in the Netherlands. Honestly I'd use online support but I'm Hindu and a lot of what I've seen is very Western or Christian-framed. I need something that doesn't assume a particular worldview.","That's a real gap, a lot of carer support material carries cultural assumptions that don't fit everyone, and when faith and worldview are central to how you make sense of caregiving, that mismatch gets tiring. MS organisations in the Netherlands may have carer communities, and it's worth checking whether any have diverse or multicultural subgroups. International Hindu or South Asian community organisations sometimes run online carer support that's culturally grounded. You could also try a general young carer group and name your perspective. Sometimes diversity follows when one person opens the door. You shouldn't have to translate yourself constantly to get support.","That's a really good point. It's easy to miss how much support is shaped by a particular cultural or religious background. It's okay to want something that feels like it understands your own worldview.

I don't have a list of resources specifically for Hindu young carers, but I can suggest a couple of places to start. The Carers UK forum (carersuk.org/forum/support-and-advice/young-adult-carers) is a general forum, so you could ask there if anyone knows of something more specific. Also, Citizens Advice (citizensadvice.org.uk) is a free, independent advice service that doesn't have a religious affiliation. They might be able to point you to local Hindu organisations that offer carer support.

Would you like me to look for any local carer organisations in the Netherlands?"
syn_007968,synthetic_heldout,Online Support – Willingness,"I'm 21, living with my younger sibling who has diabetes with complications. I've cared for them my whole life really. I'm a medical apprentice in the Netherlands. I'd be open to online support but I want something that respects that I'm also building a professional identity in medicine, not just a carer.","That's a thoughtful concern. You're holding both a professional identity and a carer identity, and you want a space that doesn't collapse you into just one. Medical and nursing associations sometimes have online peer support for members who are also family carers, and they tend to understand that dual identity in a way general carer groups might not. Diabetes organisations may have carer forums for the condition-specific side. Young carer communities can offer the emotional peer connection. You might find that two spaces serve you better than one, one for the professional-carer overlap, one for the human side.","That's a really clear need, wanting something that doesn't feel like it's just about being a carer, but also recognises your medical training. It's good you're thinking about that. The Carers UK forum has a section for 18-35s, and it might be worth checking if the people there are also in healthcare or training for it. It's a way to get support that understands your professional side.

If you'd like to explore other options, the Children's Society guide has advice on wellbeing and mental health. And Citizens Advice can help with any practical problems."
syn_007970,synthetic_heldout,Online Support – Willingness,"I'm 20, studying and working part-time in law here in the Philippines. I live with my uncle who has cancer. It's been three years. My Hindu faith is very important to me. I'd try online support but I'd want something that doesn't just push counselling. I value that but I also want peer connection and faith alongside it.","That's a fair distinction, counselling is one thing, but peer connection and faith grounding are different needs, and a space that only offers professional input can feel clinical rather than human. Hindu community organisations sometimes have online seva or service groups that include carer peer support, and cancer charities in the Philippines may have carer forums where you can connect with others in similar situations. Some international Hindu organisations run online communities that blend faith and practical life support. You might also find that a general cancer carer group plus a faith community give you both pieces without either one trying to be everything.","Three years is a long time to be balancing care with study and work, and it's good you're looking for something that fits your faith and your need for connection. Peer support groups can be really helpful for practical advice and just knowing you're not alone. I'm not familiar with Hindu faith-based care groups in the Philippines, but a local temple or community centre might know of one. Online, look for groups that specifically mention peer support and not just counselling. Would you like me to help you search for those?"
syn_007973,synthetic_heldout,Online Support – Barriers,"I'm studying psychology in Mexico City and I live with my older sister who has cystic fibrosis. For three years I've tried finding online communities for sibling carers but everything is either US-based, in English, or aimed at parents. I feel like I'm reading about someone else's reality.","That disconnect is real. Most cystic fibrosis resources assume parents as the default carer, and language and country add another layer of exclusion. You're not imagining the gap. Two things worth trying: search specifically for ""hermanos de pacientes con fibrosis quística"" in Mexican or Latin American patient associations, some run sibling WhatsApp groups that never show up in English searches. Also, your psychology department may know of peer support networks through hospital contacts. What kind of support feels most missing right now, practical CF guidance, or connection with other siblings who get it?","That's a really common feeling, that the support out there doesn't quite fit. It's not just about the language or location, but the specific role of a sibling carer. It's a different dynamic to being a parent, or a spouse, or a friend.

Have you tried searching for cystic fibrosis-specific communities, even if they aren't carer-focused? Sometimes you can find people who understand the condition itself, and then explain your role within that. Also, even if a US-based community isn't a perfect fit, it might still be useful to have a space where you can vent and get feedback.

If you're comfortable sharing, what's the biggest gap in the support you're looking for? Is it practical advice, emotional support, or just knowing you're not alone?"
syn_007974,synthetic_heldout,Online Support – Barriers,"I graduated in medicine last year in Nairobi and I'm job-hunting while helping with my mum's chronic pain at home. I know clinical sources but carer support stuff online feels like it's written for people with zero medical knowledge. It's frustrating and a bit patronising, honestly.","That's a fair frustration. Most carer content is pitched at a very basic level, and when you already have clinical training, it can feel like it's talking down to you. Try clinical workflows instead of carer guides: look at WHO and Kenyan Ministry of Health pain management protocols, and explore the International Association for the Study of Pain's patient-and-family resources. They're more detailed without being textbook-heavy. Your medical school network might also know local carer groups for healthcare professionals specifically. You're not the target audience for most of what's out there, but the right level exists.","That's a really fair point. A lot of carer resources assume you're starting from scratch, even if you've got a medical background. It's frustrating when you're treated like you need things spelled out when you're already familiar with the basics.

Would you like me to try and find some resources that are more direct and less introductory? Or would you rather I focus on something else, like practical help with the job hunt alongside caregiving?"
syn_007985,synthetic_heldout,Online Support – Barriers,My little brother's on dialysis for kidney failure and we live together in the States. I'm working part-time and studying psychology. Everything online about kidney failure is either super clinical or it's about transplant prep. I just need to know how to support him day to day without burning out myself.,"The gap between clinical kidney failure content and day-to-day lived experience is huge, dialysis life has a rhythm and a toll that medical pages don't capture. Try the American Kidney Fund's caregiver resources and the National Kidney Foundation's peer mentoring program, both address the daily realities, not just treatment. Also, dialysis social workers are an underused resource. Ask your brother's clinic if theirs can connect you with other young carers. You need practical day-to-day support and you need to protect your own energy, both are legitimate things to ask for, and the right resources address both.","It's understandable that you're looking for something more practical than clinical details or transplant prep. It's a lot to balance work, study, and the daily realities of dialysis for your brother. Bright Horizons suggests starting by looking into your work benefits such as paid leave, mental health support, or flexible work arrangements. You can also research financial aid, grants, or government programs that may help ease the burden. You're doing a lot, and you deserve to know what support is available."
syn_007990,synthetic_heldout,Online Support – Barriers,I'm studying medicine in Melbourne and my grandfather has lived with us for over five years with cystic fibrosis. I know how to find clinical information but I cannot find anything online about being a young person caring for an older relative with CF. It's always parents caring for kids. Always.,"You've identified a structural bias in CF content. It's built around the parent-child model almost exclusively, and intergenerational co-resident arrangements like yours are barely represented. That's not a reflection of your situation being unusual. It's a failure of the content. Try Cystic Fibrosis Australia's adult CF resources, which at least address adult patients, and look at Carers Victoria's young carer programs. They support under-25s regardless of the condition. Your medical network may also know of CF clinic social workers who work with family carers. The parent-child default is the industry's blind spot, not a sign that you don't belong.","That's a really specific gap in the information, and it's frustrating when you know what you need but it's not written down anywhere. The NHS guide I have access to says that social workers can visit if you or your parents request it, and they can help with problems the family is finding hard to sort out. Would you like me to find you the contact details for your local council?

Also, one carer I spoke to said that talking to other caregivers helped them understand each other, even if their situations weren't exactly the same. Would you like me to look for some carer organisations in Melbourne?"
syn_008020,synthetic_heldout,Caregiving Challenges – Care Recipient Behavior,"My cousin has heart failure and I'm in Cairo studying biology, she's in Tokyo. It's been three years and she's started talking about being a burden, saying things like 'you'd be better off without worrying about me.' I freeze every time because I don't know if she's venting or something worse.","Freezing in that moment is a completely natural response, the stakes feel enormous and you don't want to get it wrong. The safest approach is to take it seriously without panicking: acknowledge what she said ('That sounds really heavy. I'm glad you told me'), ask directly ('Are you thinking about hurting yourself?'), and listen without trying to solve it. Asking directly does not plant the idea. It opens a door. Can you tell me, does she have a mental health professional or care team in Tokyo that you could contact if you're worried? And is there anyone in her daily life there who could check on her in person? If you're ever in doubt about her safety, a local crisis line can guide you on next steps.","That freeze is a natural response to a statement like that, and it's common to feel unsure how to respond. Three years of long-distance caregiving is a long time, and her saying that is a signal that the emotional weight is getting to her. It's also a signal that she's aware of the weight on you, and is trying to give you an out.

When she says things like that, try asking a simple, direct question: ""Are you having thoughts of wanting to end things?"" It's hard to ask, but it's better to know and be able to get her help if she's in a dark place. If she says no, you can acknowledge the burden, and ask what would make things easier for her. If she says yes, you need to get her help immediately.

There are resources for long-distance caregivers that can help you navigate this. The American Heart Association has a section on emotional support for caregivers, and the Family Caregiver Alliance has resources for international caregivers."
syn_008022,synthetic_heldout,Caregiving Challenges – Care Recipient Behavior,"My close friend has bipolar disorder and we've been navigating it together for about three years. I'm doing an education apprenticeship in Oaxaca, he's in Chiapas. When he's manic he texts me constantly, ideas, plans, sometimes accusations if I don't reply fast enough. I want to be there but I'm losing sleep and falling behind at work.","Wanting to be there while also drowning in the volume is such a common tension with bipolar, and the sleep loss is a real problem. You can't support him if you're running on empty. What often helps: set a clear, kind boundary before the next episode if possible, something like 'I'll always reply within a day, but I can't do middle-of-the-night conversations.' You can also mute notifications overnight and respond in the morning, which protects your sleep without cutting him off. Two questions: does he have a care team in Chiapas that could be alerted when his texting escalates? And do you have someone, a mentor, family member, or counsellor, who knows what this is like for you?","Three years is a long time to be navigating this with a friend, and distance makes it harder. Constant texts, especially when mixed with accusations, are exhausting, and it's okay to say so. ""I need a few hours of quiet to focus on work, I'll reply as soon as I can"" is a boundary you can set. It won't fix the mania, but it might buy you some sleep. Is there anyone closer to him in Chiapas who could be a first point of contact when he's in a manic phase?"
syn_008032,synthetic_heldout,Support Currently Used,"I'm 21, working full-time in law in Nairobi. My younger sibling had a traumatic brain injury six months ago and is recovering with our parents in Mombasa. I send money and call daily, but I feel like I should be there in person. My spiritual practice helps me process things, but the guilt of being away is heavy.","The guilt of distance is real, but sending money and calling daily is substantial support. You're contributing to their care in ways that matter, even if they don't feel as visible as being physically present. Your spiritual practice is a genuine source of grounding, and it's good you're using it. One practical step: ask your parents what one task would lighten their load most, maybe coordinating a specific appointment or handling insurance paperwork remotely. And if you can plan even a short visit, having a date on the calendar can ease the guilt between trips.","Six months is a long time to hold guilt alongside everything else. You're working, sending money, calling daily, and processing through your faith. That's a lot. It's natural to feel like being there in person would make things better, but it doesn't mean you're failing by being in Nairobi. It's worth asking yourself what being there would change, and whether that change is something only you can provide. Is there a specific task or gap your parents mention? Or is it more about your own need to see things for yourself? Sometimes naming the need helps to lessen the guilt."
syn_008061,synthetic_heldout,Current Digital Tool Use,"I'm a full-time graphic designer in Egypt, Christian with Caribbean roots. My aunt has depression and lives far away. For three years I've used a mood tracking app she shares with me and scheduled check-in texts. It works but when she stops logging, I panic and flood her with messages.","A shared mood tracker plus regular check-in texts shows real care, and the panic when logging stops is a very common response. The thing is, a gap in logging often isn't crisis. It can be a low-energy day or the app itself feeling like pressure. Try agreeing on a protocol in advance: if she stops logging for X days, one message asking 'how are you today?', not several about the app. That way you have a plan, and she doesn't feel monitored. Her care team can also advise on what gaps actually warrant concern.","That panic when she stops logging is a sign of how much you care, but it's also a signal that you're carrying a lot of worry. Flooding her with messages, even with good intentions, might make her withdraw more. It's a tough balance.

You've already got two good tools going: the mood tracker and the check-in texts. What if you added a third: a pre-agreed ""pause"" plan? Something like, ""If I don't see a log for two days, I'll send one gentle check-in, then wait for your reply."" It's a small change, but it could give you a little space to breathe.

There's a guide I can share with you about CBT, which is a way of managing your emotions and could help you with the panic. Would you like me to send it over?"
syn_008063,synthetic_heldout,Current Digital Tool Use,"I'm studying engineering and working part-time in Brazil, Hindu with European roots. My younger sibling has anorexia and lives far away. For five years I've used a shared food diary app and weekly video meals together. It helps but lately the app feels like it's running our whole relationship.","Weekly video meals plus a shared food diary is a creative and caring approach, sharing meals from a distance is genuinely powerful. The concern about the app dominating your relationship is worth listening to. Try designating one day a week where you connect without the app at all, no food diary talk, just a normal sibling conversation. The app can run in the background without being the subject of every interaction. Your relationship needs room to exist outside the caregiving tools.","That's a really common pattern with shared apps: they start as a tool and become the relationship. Five years is a long time to have that focus. What would it feel like to try one week without the app, and just have the video meal? Or maybe one week with a different kind of check-in, like a quick text each day?"
syn_008071,synthetic_heldout,Current Digital Tool Use,"I'm working part-time in history in the Netherlands, Sikh with Caribbean roots, non-binary. My mum has a traumatic brain injury and lives far away. For about a year I've used a care coordination app and a family WhatsApp group. It works but the WhatsApp group has become a place for relatives to argue about her care and I'm exhausted mediating.","A care coordination app plus a family group shows you're trying to keep everyone connected, and the argument exhaustion is a cost that creeps up quietly. A couple of things to consider: could the WhatsApp group be split, one for care updates only (no replies, just information) and one for family discussion? That way the care information doesn't get buried in disagreement. And is there one family member who could take on the mediator role, or is that falling entirely to you because you're the coordinator?","That's a really common problem with family WhatsApp groups. They can quickly become a battleground. You're right to recognise that mediating is exhausting, especially when you're already managing a distance relationship and your mum's care.

Could you try setting some boundaries in the group? Something like, ""I'm happy to share updates, but I won't be responding to arguments. Please take those offline."" Or, if that feels too direct, could you start sharing updates via the care coordination app instead, and limit the WhatsApp group to urgent things only?

If the arguing continues, it might be worth having a one-to-one conversation with the relatives who are causing the most friction, explaining how it's affecting you. It's okay to say you need them to respect your boundaries."
syn_008078,synthetic_heldout,Caregiving Challenges – Balance & Time,"I'm 25, working part-time in medicine in Toronto, and my uncle with schizophrenia lives with me. It's been about a year. Between his needs and my work shifts, I have no time for anything. I don't even know what I'd do with free time if I had it. I'm just tired all the time.","Being tired all the time after a year of juggling medical work and caregiving makes complete sense, and not knowing what you'd do with free time is a sign you've been running on obligation mode for so long that rest feels unfamiliar. Two things: block one short weekly slot, even an hour, that's non-negotiablely yours, and spend it on something low-stakes (a walk, a podcast, nothing productive). Also, look into whether your province has a caregiver support program, many offer respite or counselling that you don't need a referral for.","A year is a long time to be in that constant state of response. It's not just the tiredness, it's the lack of space to even *imagine* what you'd want to do with time off. That's a real loss.

One small step: could you pick one thing you used to enjoy, even if it's just for 15 minutes a week? It doesn't have to be big, or even meaningful, just something that's yours. If that feels impossible, try a time-tracking tool (Toggl or HourStack) for a week to see where your time actually goes. Sometimes just seeing it laid out can reveal small pockets you didn't know you had."
syn_008140,synthetic_heldout,Caregiving Challenges – Distance Caregiving,"I'm a 22-year-old law worker in Indonesia, Muslim, and my uncle had a spinal cord injury about a year ago. I coordinate his care from another city. I try to honor him as family, but the logistics are overwhelming and I feel like I'm failing him.","Managing care logistics for a spinal cord injury from another city is genuinely complex. There are appointments, equipment, personal care arrangements, and each piece requires coordination. You're not failing. You're doing something really hard. Two questions: is there one person on the ground with your uncle who you trust as your primary contact, and could you build a shared care plan document with them so you're not holding it all in your head? And does his rehabilitation center offer a family coordinator or social worker? That role exists precisely for situations like yours.","A year of coordinating care from a distance is a long time to carry that weight. It's natural to feel overwhelmed and like you're failing, even when you're doing everything you can. It's also normal to feel a conflict between your family obligations and the practical realities of caregiving.

You're trying to honor your uncle and family ties while navigating a lot of logistics. That's a lot to balance. Is there anyone else in your uncle's city who could share some of the coordination tasks? Even small shifts in responsibility can make a difference."
syn_008142,synthetic_heldout,Caregiving Challenges – Distance Caregiving,"I'm a 20-year-old nursing student and part-time worker in the Philippines, Muslim, and my younger sibling had a spinal cord injury about a year ago. We live together. Between caregiving, studies, and work, I'm running on empty and I feel like I can't ask for help.","Running on empty while caring for a sibling, studying nursing, and working is a level of demand that very few people could sustain, and not being able to ask for help is often the biggest barrier, not the caregiving itself. Two questions: is there a family member, even extended family, who could take over one specific task each week, a shift, a routine, anything? And does your sibling's rehabilitation team know you're the primary co-resident carer? They may be able to connect you with respite services or a social worker. In Islam, caring for family is honored, but seeking support so you can continue is part of that duty too.","You're juggling so much, and it's completely understandable you're running on empty. Nursing school, work, caregiving, and your own life – that's a huge load for anyone, let alone someone your age. And the feeling that you can't ask for help is really common when you're already stretched so thin.

One small step, if you're up to it, could be to list out everything you do in a typical week. Seeing it all written down might help you pinpoint where a little bit of support could make the biggest difference. It might also help you explain to someone else what you're dealing with, if you do decide to reach out.

There are organisations in the Philippines that offer support to caregivers, and sometimes they have companion groups for young people in similar situations. Would you like me to help you find some?"
syn_008183,synthetic_heldout,Support Needed,"My father had a traumatic brain injury years ago and I've been caring from afar for as long as I can remember. I just graduated in the Philippines and I'm job-hunting. As a Muslim my faith gives me strength, but I'm stretched thin and I don't know what support exists for long-distance carers like me.","Caring for your father from afar for that long while studying and now job-hunting is a tremendous weight, and faith can be a real anchor even when you're stretched thin. In the Philippines, the Department of Social Welfare and Development (DSWD) can sometimes point you toward carer resources, and your local mosque might have community networks that could help your father locally. Can I ask: does your father have someone with him day-to-day, or are you managing that coordination yourself? And have you looked into whether your municipality has any disability support services? Knowing what's already in place might help you see where the gaps are.","That's a lot to carry while starting your career. Long-distance caregiving adds layers of complexity, and it's good you're looking for support now. Your faith is a strong anchor, but it's okay to need more than that.

In the Philippines, you could start with your local social welfare office for carer resources. Also, check your work benefits for paid leave or mental health support. It's okay to ask for what you need.

If you'd like to talk through what you're looking for, I'm here to listen."
syn_008184,synthetic_heldout,Support Needed,My mum has Down syndrome and I've been her primary carer for three years. We live together in Kenya and I'm doing a history apprenticeship. I don't have a religious background to lean on. I love her but I need to find support for myself because I'm starting to feel really alone in this.,"Three years of being your mum's primary carer at your age takes more than most people realise, and feeling alone in it makes complete sense. In Kenya, the Down Syndrome Society of Kenya can be a starting point. They sometimes have family networks where you'd meet others who get it. Can I ask two things: have you ever connected with another carer your age, even informally? And does your apprenticeship programme know about your caring role, some training providers can offer flexibility? You don't need a faith community to find support. Sometimes one honest conversation with someone who's been there is enough to start.","Three years as primary carer is a long time, and it's completely normal to feel alone in it, especially when you're also building a career. Kenya might not have the same formal support networks as some other places, but there are always people who understand. Have you tried searching for disability organisations or carer groups online, even if they're not local? Sometimes just reading other people's experiences can help. What would be the one thing that would make you feel less alone right now?"
syn_008195,synthetic_heldout,Support Needed,My close friend has been on dialysis for kidney failure for over five years. I support her from Germany where I just graduated in biology. My Buddhist practice is important to me. I've been there for her through everything but I need support for myself now and I don't know what exists for friend-carers.,"Five years of standing beside your friend through dialysis is a profound commitment, and needing support for yourself doesn't make that commitment smaller. In Germany, the Dialyse Patienten Deutschlands (DPSD) has resources for family and close friends, and your university's graduate support service might still be accessible. Online communities for dialysis carers, even informal ones, can be valuable because they understand the specific rhythm of that treatment cycle. Your Buddhist sangha might also be a space to be honest about the weight of this. You've been a steady presence for her. You deserve one too.","Five years is a long time to be supporting someone through dialysis, and it's completely natural to need support for yourself now. Friend-carers often fall through the cracks because support is usually framed around family roles. Your biology background might help you understand some of what she's going through, but it doesn't shield you from the emotional toll.

Your Buddhist practice is a great resource, but it's also good to look for practical help. The guide mentions Carers Passports, which could help you avoid repeating your story to different services. Since you're in Germany, it's worth looking for carer-specific organisations there, or ones that offer online support. Do you want me to help you find some?"
syn_008236,synthetic_heldout,Online Support – Barriers,My cousin has MS and I'm studying and working in computer science in Nigeria. It's been about six months and I'm far from him. The online MS resources are all from countries with totally different healthcare systems and I can't find anything that helps me understand what support looks like here.,"That healthcare-context gap is one of the most frustrating parts of searching for condition-specific support from a different country. Try the Multiple Sclerosis International Federation. They have a section covering MS organizations in African countries, including Nigeria, and their information is reviewed. For the carer side specifically, broad carer organizations in Nigeria might be more practically useful than MS-specific sites. If you can, ask your cousin's neurologist about local MS support groups or carer services. They often know what exists locally even if it's not online. You're not alone in finding this gap. Many distance-carers hit the same wall.","Six months is a long time to be far away, and it's frustrating when online resources don't match your reality. You're right to notice that healthcare systems make a difference. Is there a local MS society or neurology clinic you could contact to ask about support options in Nigeria? Even a brief phone call might point you to something useful."
syn_008248,synthetic_heldout,Caregiving Challenges – Care Recipient Behavior,"My grandmother has anorexia and I live far from her in Cape Town while she's in Cairo. As a Muslim, family duty is everything to me, but every call feels like walking on glass. She gets furious if I mention food or eating. I'm studying part-time and I feel useless from this distance.","It's hard caring across distance, especially when something as loaded as food is the very thing you can't talk about. With eating disorders, the direct approach usually backfires, she likely hears concern as criticism. Instead, keep calls focused on connection itself: ask about her day, her memories, things that have nothing to do with meals. Your presence matters more than your monitoring. Can I ask, is there anyone near her, a relative or family friend, who sits with her more regularly? If we know who's close by, we can think about how you support them rather than carrying this alone.","It's a terrible feeling to be far from someone you love when they're unwell, and it's natural to feel useless when you can't be there in person. You're right to say that every call feels like walking on glass, and it's not your fault that she gets furious when you mention food. It's the illness talking. You're doing the right thing by staying in touch, even when it's hard.

You're also right to say that family duty is everything to you, and it's a testament to your character that you're trying to balance that with your studies. It's not easy, and it's okay to feel overwhelmed.

If you're able, could you find a local organisation in Cairo that can provide support for her? That way, you'll know she's getting the care she needs, and you can focus on your studies without feeling so helpless."
syn_008276,synthetic_heldout,Support Currently Used,"My little brother was diagnosed with early-onset dementia a few months ago. I'm in Egypt studying education and working part-time, so I manage things from here. My Hindu community here has been checking in, but honestly I don't know how to talk to them about dementia in someone so young, it confuses people.","It's understandable that people find it hard to wrap their heads around young-onset dementia. It's rare, and that can make even well-meaning support feel awkward. A couple of things that might help: you don't have to explain everything. A simple framing like 'it's a neurological condition affecting his memory and planning' gives people enough to respond to without overwhelming them. And if there's one or two people in your community you trust most, start there, let them be the ones who help carry the story. You're doing more than you think from that distance.","It's hard when people don't understand what you're going through. Dementia in someone young is a shock, and you're right, it's not something people expect. You don't need to explain everything at once. Maybe start by saying it's a brain condition that affects memory and thinking, and that it's different from normal aging. If they ask more, you can share what you're comfortable with. If they don't get it, that's okay too. You're doing this for your brother, not for their understanding. Do you have a family member or friend who *does* understand, who you can talk to when you need to vent?"
syn_008302,synthetic_heldout,Current Digital Tool Use,"I'm 22, a fine arts part-time student in Poland. My dad had a traumatic brain injury two years ago and I care from a distance. My system is just calling him and asking how he is, but he often says he's fine when he's clearly not. I have no real way to track what's happening and I feel blind.","It's unsettling when you can hear something's off but the information doesn't come through, and that's a very common experience with brain injuries, self-reporting can be unreliable, and it's not that he's hiding things, just that his awareness shifts. Two things that might help: is there anyone who sees him regularly, a neighbour, a community worker, a family member, who could give you a brief weekly summary? And does his rehab team or GP know you're coordinating from afar? They may be able to schedule check-ins you can join by phone. Building a small circle of on-the-ground eyes will feel less like guessing in the dark.","That's a really common pattern with people who don't want to worry others, and it's especially hard when you're caring from a distance. A lot of caregivers find they need to ask more specific questions than ""how are you?"" to get a real sense of what's happening. Things like, ""Did you manage to take your medication today?"" or ""What did you have for lunch?"" or ""Did you get out for a walk?"" can give you more to work with. It's not about distrusting him, it's about building a clearer picture when you can't be there in person. Would you be open to trying a few specific questions on your next call?"
syn_008331,synthetic_heldout,Caregiving Challenges – Balance & Time,"My younger sister was diagnosed with epilepsy a few months ago. I'm studying social work and working part-time in Australia, but she's back home with our parents. I coordinate with her neurologist, manage her meds schedule, and try to support her emotionally. I'm Hindu and my faith helps, but I'm so stretched I can barely think.","A new diagnosis on top of study and work, no wonder you can barely think. That's a lot of plates to keep spinning from a distance. One thing that might ease the load: ask whether her neurologist offers telehealth appointments you could join remotely, so you're not coordinating after the fact but hearing information directly. Also, are your parents involved in the day-to-day medication management, or is most of that falling to you? If they can take on more of the practical side, it might free you to focus on the emotional support that only a sibling can give, and give you a bit of breathing room for your own studies.","It's normal to feel stretched when you're juggling studies, work, and coordinating care from a distance. Your faith is a good anchor, but it's also okay to need more support. You're already coordinating with the neurologist and managing meds, which is a lot. Could you ask your parents to take on one small task, like refilling prescriptions, to free up a little headspace? Or could you talk to your university about flexible study options?"
syn_008347,synthetic_heldout,Caregiving Challenges – Balance & Time,"My grandfather had a stroke over five years ago and we've lived together since. I work part-time in social work and I'm his primary carer. Between his needs and my job, I have nothing left. My Christian faith sustains me, but I'm running on fumes.","Five years as a primary carer alongside work, running on fumes is an accurate description, and the fact that your faith sustains you doesn't mean it's enough on its own. Two things that can help: first, contact your local stroke association or area agency on aging and ask about respite care, even a few hours a week of professional in-home support could give you a predictable break. Second, talk to your employer about carer-friendly options, flexible hours or adjusted shifts. Many workplaces have provisions they don't advertise. Your faith teaches that rest is creation, not collapse. It might be time to claim some.","Five years is a long time to be primary carer, and it's not surprising you're running on fumes. You're in social work, so you know the theory of burnout, but living it is different. Your faith is a good anchor, but even anchors need checking.

The Bright Horizons guide suggests simple self-care habits. What's one small thing you could add to your routine, even if it's just a 10-minute quiet moment with a cup of tea?

If you're able, could you ask your employer about flexible working? Or look into respite care, even for a few hours a week?"
syn_008351,synthetic_heldout,Caregiving Challenges – Emotional Impact,My girlfriend's brain injury was three years ago. I finished my social work degree but I'm job-hunting in Cairo and she's in another city. I love her but I feel like I'm stuck in a life I didn't choose. I pray about it but the guilt of wanting my own life is crushing.,"What you're describing, loving someone and simultaneously mourning the life you expected, is one of the hardest things about young caregiving, and the guilt doesn't make you selfish, it makes you honest. Your faith tradition actually holds space for difficult discernment. This isn't a failure of devotion. Can I ask: is there anyone in your spiritual community you could speak with honestly, someone who wouldn't rush to judgment? And what would 'your own life' look like if it could coexist with caring, even in a small way? Sometimes the crushing part isn't the caring, it's feeling like there's no room for anything else.","Three years is a long time to be separated, and it's understandable that you're feeling stuck and guilty. It's okay to want your own life, even when you love someone deeply. It sounds like you're trying to balance your own aspirations with your commitment to her, and that's a really hard place to be.

Have you talked to anyone about this guilt, or about what your own life might look like? Sometimes just voicing those feelings can help. And if you're job-hunting in Cairo, is there any way to connect with other social workers there, or to get some mentoring? It might help to feel more grounded in your own career path."
syn_008386,synthetic_heldout,Caregiving Challenges – Distance Caregiving,"I'm 20, an education apprentice in Brazil, and my grandmother has had chronic pain for over five years. She's in a rural area far from me and the nearest decent clinic is hours away. I try to coordinate her care by phone but honestly I feel useless most of the time.","Coordinating care for someone in a rural area with limited healthcare access is genuinely difficult, and feeling useless doesn't mean you are. It means the system around her is thin and you're trying to fill gaps that shouldn't be yours alone. One practical step: ask her clinic whether they offer telehealth appointments you can join by phone, so you're not just relaying messages but participating in her care decisions. If there's a community health worker or agent in her area, building a relationship with them can give you a local set of eyes. You're doing more than you think.","That feeling of uselessness is common when distance and limited access to care get in the way. You're doing the best you can, and coordinating care from afar is genuinely hard. What's one small thing you could ask her about on your next call that would feel like you're helping her manage the pain, rather than just checking up?"
syn_008388,synthetic_heldout,Caregiving Challenges – Distance Caregiving,"I'm 19, part-time law student in Ireland, and my mum has heart failure. She lives with me and I manage her meds and appointments. Two years now. My Buddhist practice helps me stay grounded but some nights I lie awake convinced she's going to die and I won't have done enough.","That nighttime fear is exhausting, and it's very common among carers living with someone with a serious condition, your mind is trying to protect her by staying alert, but it's costing you rest you need. One practical step: ask her cardiac team about the signs that genuinely warrant emergency action versus the signs that are part of her daily condition, so you have a clear mental line between 'this is manageable' and 'this needs help.' If your university has a counselling service, even a few sessions focused on carer anxiety can help. Your practice grounds you, but you don't have to carry the fear alone.","That's a lot to carry at 19, even with a strong practice. It's very common for caregivers to feel that fear, that you haven't done enough, even when you're doing everything right. It sounds like your Buddhist practice is a good anchor, but those late-night worries are worth talking through. Is there a support group for carers in Ireland, or a counsellor at your college who understands the emotional toll of caregiving? Sometimes just voicing the fear to someone who *gets* it can make a difference."
syn_008428,synthetic_heldout,Support Needed,"My boyfriend has schizophrenia and we live together in Ireland. I'm studying economics and caring for him for three years now. I don't have a faith background to lean on. I need to find support, for me, not him, because I'm cracking and I don't know what's out there for partners like me.","Three years of co-resident caregiving for a partner with schizophrenia. That's intense, and wanting support for yourself isn't secondary, it's essential. Look into Shine in Ireland. They support families and partners affected by mental illness, including schizophrenia specifically. Your college likely has a counselling service too. You don't need a faith framework to access either. Please consider reaching out to one of them this week. You've been holding a lot and 'cracking' means you need more than willpower now.","Three years is a long time to balance study and care, and it's good you're recognising you're reaching a point where you need your own support. Partners of people with schizophrenia often feel isolated, and there aren't always services designed for you specifically.

In Ireland, the Carers Association ([https://carersireland.ie/](https://carersireland.ie/)) offers support and information for carers, and they may be able to point you towards partner-specific groups or resources. Also, the mental health charity, Shine ([https://shine.ie/](https://shine.ie/)), has a helpline and support services that might be useful.

You mentioned economics study, and the Children's Society guide ([https://childrenssociety.org.uk/youngcarer/advice-for-young-people/well-being-andmental-health](https://childrenssociety.org.uk/youngcarer/advice-for-young-people/well-being-andmental-health)) has advice on mental health and well-being. It's worth looking at, even though it's UK-based, as the advice is generally applicable."
syn_008449,synthetic_heldout,Online Support – Willingness,"My dad's been dealing with long COVID for a few months now and I'm home from my biology apprenticeship every evening trying to help. I'd be open to an online support group, honestly, but I'd want one that's not all doom. I need practical stuff, not people just venting about how awful it is.","That's a solid instinct, venting has its place, but if you're in the thick of it every evening, you probably need solutions and people who've found ways through. Look for long-COVID specific groups rather than general carer forums, and check whether they describe themselves as practical or solution-focused. Some are moderated by rehab professionals or linked to hospital programmes. Long-COVID foundations in Spain and Europe often run online groups with a structured format rather than open chat. If you find one that feels too negative after a session or two, it's fine to switch. You're allowed to be selective.","That's really sensible. Venting can be useful sometimes, but you're right to want a group that also focuses on what works. It's good to know what you need from it. Action for Children has a text and email support service for young carers, and Macmillan nurses can help with practical and emotional support if your dad's long COVID is related to cancer. Would either of those be a good starting point?"
syn_008464,synthetic_heldout,Online Support – Willingness,"My uncle back home was diagnosed with early-onset Alzheimer's about six months ago. I'm 18, studying and working part-time here in Australia, so I can only help from afar. I'd use online support if it was actually useful, but I need something practical, not people telling me it'll be okay. It won't be okay.","That honesty is fair, early-onset Alzheimer's is progressive, and platitudes aren't helpful when you're watching it unfold from a distance. Practical online support does exist: Alzheimer's associations in Australia and internationally run online resources and groups focused on day-to-day strategies rather than reassurance, and young-carer organisations often have online spaces where people share concrete tips. For long-distance specifically, look for content around coordinating care remotely and supporting other family members who are on the ground. Your faith community here might also know of Muslim carer groups. You deserve real information, not comfort that doesn't match your reality.","That's a really clear way to put it. You're right to be wary of empty reassurance. Six months is still early days, and it's okay to not feel okay about it. What kind of practical help would be useful to you right now? Is it information about the condition, help with managing finances, or something else?"
syn_008467,synthetic_heldout,Online Support – Willingness,My older sibling has early-onset Alzheimer's and we've lived together for three years. I'm studying psychology part-time in Brazil and I just feel like I'm slowly losing the person I grew up with. I'd want online support but I don't know if I can handle hearing other people's grief on top of my own. Is that selfish?,"That's not selfish at all. It's a realistic awareness of your own emotional capacity, and grief from watching a sibling change is already a heavy load without taking on others' too. A couple of things to consider: are you looking for support around the practical side of caregiving, or somewhere to process the grief, or both? Some online groups are structured with topics or facilitation, which can feel more contained than open-ended sharing. Others focus on practical strategies, which might give you connection without the emotional weight. Knowing what you can carry right now, and being honest about that, is actually a healthy instinct, not a selfish one.","It's not selfish to want to protect your emotional space. You're already carrying a lot, and it's okay to be cautious about adding more grief to your plate. Online support can be helpful, but it's also good to start small. Maybe try a forum where people share practical tips rather than just stories of loss, or look for a group specifically for siblings of people with early-onset Alzheimer's. You're not alone in this, and it's okay to take things at your own pace."
syn_008469,synthetic_heldout,Online Support – Willingness,My older brother has Down syndrome and we've lived together for a few months now. I just finished law school in the US and I'm job-hunting. I'd be open to online support but I'm not religious at all and a lot of disability carer stuff I've seen seems to run through churches. I need something secular.,"That's a common frustration, in the US, a lot of disability support is faith-based, and if that's not your framework, it can feel like everything useful comes with assumptions you don't share. The good news is there are secular options: the National Down Syndrome Society and similar organisations run online communities that aren't faith-affiliated, and sibling-specific support networks exist for adult siblings of people with disabilities. SibNet on Facebook is one example. It's a large online group specifically for adult siblings. Your state's disability services may also know of secular carer groups. You shouldn't have to pretend a faith you don't hold to get support.","You're right to look for secular support. A lot of disability carer resources *do* run through faith-based organisations, but that doesn't mean there's nothing else out there.

You've just finished law school and you're job-hunting while also moving into a new living situation with your brother. That's a lot of change at once. You're allowed to feel overwhelmed.

Have you looked into whether your law school has a carer support network? Sometimes those stay active even after graduation. If not, there are national organisations that might offer online groups. The Arc is a big one, and they're definitely secular. Also, the Bright Horizons guide suggests looking into your work benefits, such as mental health support or flexible work arrangements."
syn_008552,synthetic_heldout,Current Digital Tool Use,I'm studying and working part-time in Poland. My dad's recovering from a stroke and lives far away. For as long as I can remember I've just used a paper diary for his appointments and meds. Now it's getting too much to track and I can't share it with anyone helping locally.,"A paper diary you've maintained for that long shows real commitment, and it makes complete sense that it's straining as his needs have grown. The thing I'd want to understand: is the main pressure that you can't share it with people near him, or that the volume of information has outgrown what paper can hold? If it's the sharing issue, moving the appointments and meds to a shared Google Calendar that a local helper can see might be the lightest fix. If it's the volume, a simple app like Medisafe handles meds with reminders. Which one's biting you more right now?","That's a really common tipping point, when a paper diary stops working because it's too hard to share or update from a distance. It sounds like you've been managing this on your own for a long time, and it's okay to look for something that makes it easier. One caregiver found a phone app called Minimalist really useful for simple task lists, because it's always with you. Would you like me to share a few other app options, or do you want to think about what you'd need from a digital system first?"
syn_008563,synthetic_heldout,Current Digital Tool Use,"I'm in the Philippines, working part-time in engineering. My cousin with Down syndrome lives with me. I've used a printed weekly schedule on the fridge for two years. It works but nothing adapts when things change mid-week and I end up scribbling over it.","A printed weekly schedule that's lasted two years is a sign it genuinely works for routine, and scribbling over it mid-week just means you need something that handles change as well as it handles structure. A shared Google Calendar that you can edit from your phone might be the simplest upgrade: keep the printed version for your cousin to see, but update the digital one when things shift, and re-print or just check your phone when the plan changes. That way the fridge stays visual and you're not crossing things out.","That's a common problem with printed schedules: they're hard to adjust on the fly. It sounds like you've made a good start with the fridge schedule, and now you're looking for something more flexible. Have you considered a shared online calendar, or a task management app that lets you assign things to different days and people? That way, you can shift things around without rewriting everything."
syn_008567,synthetic_heldout,Current Digital Tool Use,"I live with my uncle who has Down syndrome in the UK. I work full-time in computer science. I've cared for him as long as I can remember. I use a custom database I built to track his routines, health, and activities. It's thorough but nobody else understands it. If I got hit by a bus, no one would know how to run it.","Building a custom database for your uncle's care shows extraordinary commitment and skill, and it clearly works. But you've identified the critical vulnerability yourself: if only one person can run the system, it's fragile regardless of how good it is. What would it take to make a version someone else could use? Could you create a simple one-page guide, 'If I'm not here, here's where to find his routine, his health contacts, and what he needs each day'? It doesn't have to replace the database. It just needs to be a bridge so someone could step in. Who in your life would be the most likely person to need that guide?","That's a really common problem for dedicated caregivers. You've built something incredibly useful, but its value is limited to you. It's worth thinking about how to document the key parts of the database, even if it's just a 'cheat sheet' for the most important routines. It doesn't have to be perfect, just enough to get someone started. Would you like to brainstorm ways to do that?"
syn_008579,synthetic_heldout,Caregiving Challenges – Balance & Time,"My grandmother's early-onset Alzheimer's has progressed over two years. I'm in Brazil working full-time in history, she's elsewhere. I manage her household remotely, bills, staff, medical scheduling. My own work keeps slipping and I'm exhausted. I can't keep doing both at this level.","Running someone's entire household remotely alongside a full-time job is a huge load, and it makes complete sense that your work is slipping, something has to give. Two steps: list every recurring task and flag which ones could be delegated to a local person, a neighbour, a paid care manager, or a relative who hasn't been carrying any of this. Then take that list to your manager and ask about temporary flexible hours or reduced load. Many workplaces can accommodate this for a set period. You don't have to do everything at the same level forever. This is a phase to get through, not a permanent arrangement.","That's a lot to manage from a distance, and it's no surprise your work is slipping and you're exhausted. It's not sustainable to keep both things at this level. You're right to recognize that.

The Bright Horizons guide suggests setting boundaries between work and caregiving, and communicating your needs to your employer. It's okay to say no, and to protect your time. Is there one small thing you could delegate or simplify in either area to start with? Even a small change can make a difference."
syn_008605,synthetic_heldout,Caregiving Challenges – Emotional Impact,"My grandmother in Suriname has had early-onset Alzheimer's for three years. I coordinate her care from here in the Netherlands while studying biology. Lately I feel this deep sadness that comes in waves. I'll be fine, then suddenly I'm crying in the library. It's embarrassing.","Those waves of grief are a natural response to losing someone gradually. You're mourning someone who's still alive, and it doesn't announce itself on a schedule. Crying in the library isn't embarrassing. It's your grief finding the only gap it could. A couple of things: see if your university has a counsellor you can speak to regularly, someone who can hold space for that sadness rather than you managing it alone between study sessions. And if you practice prayer or meditation as part of your faith, some people find that ritual helps them sit with grief rather than fight it. The waves may not stop, but you don't have to drown in them alone.","Waves of sadness are common when you're caring from a distance, and it's not embarrassing to cry. It's a natural response to the changes in your grandmother, and the worry about what's coming. It's okay to let yourself feel it, and to ask for help with the practical coordination so you have more space to feel. Do you have a trusted friend or family member who can sit with you when the waves hit?"
syn_008609,synthetic_heldout,Caregiving Challenges – Emotional Impact,"I'm 22, working part-time as a nurse in Sydney and living with my grandfather who has schizophrenia. It's been about a year. I feel like I'm always walking on eggshells, never sure which version of him I'll get. My faith teaches compassion, but I'm just tired. Sometimes I dread coming home.","Dreading coming home after a year of walking on eggshells. That's not a failure of compassion, it's your nervous system telling you it's overloaded. As a nurse, you probably hold others to the standard of 'I should handle this,' but living with it 24/7 is a different thing entirely. Can I ask: do you have any formal support, a carer service, a mental health helpline, or scheduled time where someone else is there with him? And is there a colleague or mentor at work you could be honest with, given you're in the field? You deserve the same care you'd tell a patient's family member to seek.","That dread is a real sign of caregiver strain. It's one thing to offer compassion when you're fresh, another to do it when you're already depleted. A year of walking on eggshells is a long time, and it's okay to admit you're tired.

The Children's Society has a guide for young carers, and they mention Move On Up, a flatshare option for people who have cared for someone. It's at quakersocialaction.org.uk/we-can-help/your-houseand-home/move. It might be a way to get some space and predictability.

If you're at a point where you're dreading going home, it's worth talking to a professional. Your workplace might have an employee assistance program, or a GP could point you to a carer support service."
syn_008616,synthetic_heldout,Caregiving Challenges – Emotional Impact,"I'm 22, studying engineering in Hanoi. My aunt had a spinal cord injury about six months ago and I help manage things from here. I feel useless. I can't physically be there to help, and phone calls feel hollow compared to what she actually needs. My faith teaches patience, but I just feel powerless.","Feeling powerless when someone you love has had a life-changing injury and you're far away. That's not weakness, that's the honest reality of distance caregiving after a sudden trauma. Phone calls can feel hollow, but coordination, emotional presence, and being the person who holds the overview of her care is real and valuable work, even when it doesn't feel like enough. Can I ask: what specifically makes you feel most useless, the physical care you can't provide, or something else? And is there a family member or friend closer to her who you could work with as a team, so you're not carrying the helplessness alone? Sometimes naming the exact thing that hurts helps you find the part you can actually do.","It's really common to feel useless when you can't be physically present, especially when your faith encourages action. Phone calls *do* feel thin when someone needs hands-on help. You're not powerless, though. Managing things from a distance is a real skill, and it's a way of using your engineering mindset to solve problems. It's also okay to feel the frustration of distance, and to acknowledge that faith doesn't erase that. Would it help to make a list of what ""managing things"" actually involves, so you can see the value of your work?"
syn_008639,synthetic_heldout,Caregiving Challenges – Distance Caregiving,My mum is on dialysis back home in Nairobi and I'm studying economics and working part-time here in India. It's only been a few months but I send money and manage her appointments by phone. My Jewish community here keeps me grounded but the financial pressure and the distance are crushing me. I can't focus on work.,"Sending money and managing appointments from another country is substantial caregiving, and the financial pressure on top of distance is a heavy combination. It makes sense that your focus is suffering. Two things: ask your mum's dialysis unit whether they have a social worker. They may know about subsidised transport, medication assistance, or local support groups that could reduce what you're carrying financially and logistically. And be honest with your employer about your situation, some companies in India now have carer leave or flexible arrangements that aren't always announced. You're doing more than you give yourself credit for.","That's a lot to manage, and it's normal to feel crushed by the distance and the financial strain. It sounds like your community is a lifeline, which is good, but it doesn't take away from the weight of everything else. Have you looked into any financial aid or government programs that might ease the burden, or asked about flexible work arrangements? It's worth knowing what support is available, even if you don't need it right now."
syn_008641,synthetic_heldout,Caregiving Challenges – Distance Caregiving,My boyfriend has Parkinson's and we live together in Mexico City. I work full-time in engineering and it's been over five years. My Hindu faith teaches me devotion but honestly watching him decline so slowly is its own kind of grief. Every day he's a little less himself and I don't know how to mourn someone who's still here.,"What you're describing, grieving someone who's still physically present, is one of the most complex and lonely experiences in caregiving, and it has a name: anticipatory grief. It's real and valid, and your faith's teaching on devotion doesn't have to mean you don't feel the loss. Contact a Parkinson's support organisation, many run groups specifically for partners, and being with people who understand that slow grief can be deeply grounding. Also consider speaking to a counsellor who works with carers, mourning in a healthy way while still showing up daily is a skill, and you shouldn't have to figure it out alone.","Five years is a long time to be holding this grief, and Parkinson's is a slow loss. It's not wrong to mourn someone who's still here, and your faith doesn't invalidate that. It's a different kind of grief, but it's grief nonetheless. Do you have a space to just feel that sadness, or does work or devotion always need to fill the time? Sometimes a small, scheduled moment to just *be* with the sadness can help it feel less overwhelming."
syn_008663,synthetic_heldout,Caregiving Challenges – None Reported,"My cousin's epilepsy has been well-managed and we've lived together here in Nigeria for as long as I can remember. I just finished my history degree and I'm job-hunting. My Christian faith is important to me. Things are stable, no urgent concerns.","A stable period with your cousin's epilepsy, alongside the big transition of finishing your degree and job-hunting. That's a lot of change and continuity at once, and it's good things feel steady on the care side. Your faith and that long-standing routine clearly help. While things are calm, one practical step: if there's any part of their epilepsy management that only you know, seizure response, medication timing, emergency contacts, jotting it down now means someone else could step in if your job search takes you elsewhere. And after this long, make sure you're not putting your own plans entirely on hold. You deserve both.","That's good to hear about your cousin's epilepsy being well-managed, and that things are stable. A history degree is a strong base for many jobs. Do you have a sense of what kind of work would feel meaningful, or where your faith might fit in? Sometimes just listing out options, even if they seem unlikely, can help."
syn_008683,synthetic_heldout,Support Needed,"I'm 24, non-binary, working part-time in psychology here in South Africa. My close friend had a spinal cord injury three years ago and I've been their live-in carer since. My Muslim faith is very important to me. I love them, but I need to find actual support. I'm running on empty.","Three years of co-resident caring for a friend is a profound commitment, and running on empty is a clear sign it's time to bring others in. Start with the QuadPara Association of South Africa. They offer support and resources for carers and families, not just those with the injury. Your local mosque or Islamic community services may also have counselling or practical volunteer support. And since you work in psychology, check whether your employer or professional body offers carer support or supervision. You need a space that's just for you.","Running on empty is a signal, not a failure. You've been providing intensive care for three years, and it's understandable to need support. Your faith is a strength, and your psychology background may give you some insight, but neither replaces the need for practical help and emotional replenishment.

You're right to seek it now, before things get harder. The companion group mentioned by another caregiver might be a good fit. It's a chance to connect with people who understand the realities of caregiving. Online support can also help you monitor your friend's condition and learn how to communicate effectively.

There are organisations that can help you find respite care, financial assistance, and counselling services in South Africa. Would you like me to share some resources?"
syn_008717,synthetic_heldout,Online Support – Willingness,"My girlfriend has schizophrenia and I'm studying medicine part-time in Vietnam, she's in another city. It's been two years. My Christian faith matters a lot to me. I'd use online support but only if it's grounded, no stigma around psychosis, and ideally faith-aware.","Finding a group that's both psychosis-aware and faith-respecting is a specific but achievable combination. Look for: Christian mental health organisations that explicitly address serious mental illness without stigma (NAMI's FaithNet is one example). Schizophrenia family organisations that sometimes have faith-friendly spaces, and international carer communities that allow you to bring your faith context without it being the sole focus. If you tell me whether you'd prefer an English-language group or if Vietnamese resources are important, I can help narrow the search.","Two years is a long time to be balancing medical studies with this distance and worry. It's good you're looking for online support, but you're right to be careful about stigma and finding something that respects your faith. That's a real need that isn't always met.

Have you looked for online groups specifically for caregivers of people with psychosis, and then asked if anyone knows of faith-based options within that? Sometimes the smaller, more specific groups are more attuned to individual needs. There's also a lot of stigma even *within* faith communities, so a group that's already psychosis-aware might be a safer place to start."
syn_008764,synthetic_heldout,Support Currently Used,"My closest friend has chronic pain and I support him from here in Durban. It's been about a year. I'm studying medicine and working part-time. My Sikh faith is central to me, but lately I feel like I'm giving everything to everyone and there's nothing left. Some nights I just cry alone and don't know why I'm doing any of this.","I'm hearing that you're stretched very thin, and crying alone at night while giving everything to others is a sign that the balance has shifted too far. Your Sikh faith teaches seva, selfless service, but it also teaches that you are worthy of care. Please talk to someone soon: a counsellor at your university, your GP, or a crisis line in South Africa if the nights feel too heavy. Two practical steps: ask your medical school about student wellbeing services. They exist for exactly this, and reach out to a chronic pain organisation for carer support. You can't pour from an empty cup, and seeking help is not a failure of seva.","That's a lot to hold, especially with medical studies and part-time work on top of supporting a friend. It's not selfish to feel depleted when you're giving so much, and crying alone is a sign you're running on empty. Your Sikh faith is a source of strength, but it doesn't mean you're immune to burnout.

What's one small thing you could do this week to refill your own cup? It doesn't have to be big, just something that's uniquely for you. If you're unsure, could you talk to a trusted elder or counsellor within your faith community? They might have guidance on balancing caregiving with your own wellbeing."
syn_008786,synthetic_heldout,Current Digital Tool Use,"I'm 23, working part-time as a nurse in Kenya. My mum has cancer. I've been involved in her care as long as I can remember, from a distance. I use a shared family calendar and a folder of her medical records on my phone. But the folder is getting huge and I can never find anything quickly.","A overflowing medical folder is a common problem. It grows faster than you organise it. Try creating subfolders by category, scans, lab results, appointment summaries, medication lists, and rename files with dates in the format YYYY-MM-DD so they sort automatically. Most phones let you search within folders, so consistent naming makes a huge difference. If her hospital offers a patient portal, check whether you can access records there instead. It might already be organised and updated without you doing anything. And ask her oncology team if they need copies or can access her records directly, which might reduce what you need to carry.","That sounds really stressful, having a growing folder of records and not finding things when you need them. It's good you're using a shared calendar and keeping records, but it's also okay to admit that the current system isn't working. Have you thought about using a dedicated medical record app? Some let you tag things, search, and share with other family members. Or maybe breaking the folder into smaller, more specific ones?"
syn_008801,synthetic_heldout,Caregiving Challenges – Care Recipient Behavior,"I'm a Black Caribbean Buddhist living in South Africa, studying fine arts and working part-time. My grandmother has a physical disability and we've lived together about six months. She's started hiding things and accusing me of moving them. It's exhausting and I don't know if this is part of her condition or something else.","Those accusations are genuinely draining, and it's fair to feel exhausted by them. Hiding and misplacing items can be part of several conditions, or it can stem from anxiety about losing control. Two questions worth exploring: has she had any cognitive assessment recently, or spoken to a doctor about these changes? And is there a pattern to what goes missing, particular items, particular times of day? That information could help you decide whether this needs a medical conversation or a practical response like agreed 'safe spots' for important things.","That's a really tough spot to be in, especially when you're balancing study, work, and caring. It's exhausting to be constantly questioned about things, and it's okay to feel drained by it. It's good you're asking if this is part of her condition, or something else, because it could be a sign of anxiety or confusion that's treatable. If you're able to, talk to her doctor about the hiding and accusations. They can assess if it's related to her physical disability or something separate. If it's separate, they can help you both find ways to manage it."
syn_008808,synthetic_heldout,Caregiving Challenges – Care Recipient Behavior,"I'm 23, Muslim, Black African, studying psychology in the Philippines. My older sibling had a traumatic brain injury about a year ago and lives with me. He gets angry outbursts now and lashes out verbally. It's nothing like who he used to be and it cuts deep every time.","Those outbursts are the injury talking, not your brother, but knowing that intellectually doesn't make the words hurt less. Two things that often help: during a calm moment, try agreeing on a signal he can use when he feels rage building, so he can step away before it spills onto you. And after an episode, don't replay it, just reset. TBI support groups for families can be invaluable because people there know exactly what those words feel like. Your university counselling service may also be worth exploring. You're carrying grief alongside the caregiving.","A year is not long after a brain injury. It's normal for things to be changing and for your sibling to be struggling with mood and behaviour. It's also normal for you to feel cut deep when he lashes out, especially because you know the person he used to be.

Would you like to explore some resources for caregivers of people with brain injuries? Or would you like to talk about how to protect yourself when he lashes out?"
syn_008821,synthetic_heldout,Caregiving Challenges – Care Recipient Behavior,"I'm 25, no religion, Indigenous, recently graduated in engineering in the Philippines. My aunt has dementia and I've been her distance carer for two years. She's started telling me elaborate stories about things that never happened and gets angry when I correct her. I don't want to lie to her but the truth upsets her.","This is one of the most common and difficult dementia dilemmas, and the answer from dementia specialists is usually: stop correcting. Her stories aren't lies to her. They're her brain's current reality, and correcting them causes distress without any benefit. Try joining her reality instead: 'That sounds like quite a day, tell me more about it.' You're not lying, you're meeting her where she is. Dementia organisations have excellent guides on this approach, often called validation therapy, and her care team can help you practice it. Two years of distance caregiving is a lot, please look into support for yourself too.","That's a really hard spot to be in. It's natural to want to protect her from upset, but correcting things feels wrong too. A lot of carers find that with dementia, it's less about the fact itself and more about the feeling behind it. So, instead of saying ""That didn't happen"", you could try to reflect the feeling: ""That sounds like a really lovely day"" or ""You were very brave"". It doesn't validate the story, but it validates her feeling. It's a small shift, but it can make a big difference. Would you like to explore that a little more?"
syn_008827,synthetic_heldout,Caregiving Challenges – Balance & Time,My grandmother has had Parkinson's for over five years and I've been her long-distance support from Mexico while working part-time in engineering. Lately I'm spending whole evenings on logistics for her care instead of resting or developing my skills. I feel like I'm stuck.,"Five years of managing someone's care logistics from afar is a serious commitment, and it makes sense that your own development feels stalled, the evening hours that should be yours are being absorbed. What would help most: is there a way to batch her logistics into one fixed slot a week rather than spreading it across every evening? And have you looked into whether a local care coordinator or her GP's office could handle some of the admin? It's worth asking what could be delegated so your evenings become yours again.","Long-distance caregiving can easily eat up all your time and energy, and it's very common to feel stuck when you're constantly in logistics mode. It's good you're noticing this now. One small step could be to map out everything you're doing for her care each week, then look for one thing you could delegate or simplify. Bright Horizons suggests checking your work benefits for support, and there may be local resources in her area that could help with some of the logistics. It's okay to ask for help, and it doesn't mean you're failing as a caregiver."
syn_008842,synthetic_heldout,Caregiving Challenges – Balance & Time,I live with my younger sibling who has cancer in Spain. I finished my psychology degree but I'm job-hunting and three years of caregiving has left me with no time to even apply properly. I'm supposed to be starting my career and instead I'm stuck at home.,"Three years of co-resident caregiving for a sibling with cancer while also finishing a degree is a huge amount, and feeling stuck doesn't mean you've failed. It means your circumstances have been all-consuming. A couple of things to think about: does your sibling's oncology team have a social worker who could look into respite or home support for your family? That could free up application time. And have you looked into remote or flexible roles that would work around your caregiving schedule? Some employers specifically accommodate carers. What feels most important to tackle first, freeing up time or finding carer-friendly work?","Three years is a long time to be sidelined from your career, and it's normal to feel stuck. The 80,000 Hours guide suggests that a job hunt can take six months or more, even in normal times, and you've had a lot more than that. It's also normal to get rejected a lot – they say 20 to 100 leads for one good job.

Do you have a 'Plan Z' – something to fall back on while you're job-hunting? It could be a temporary job, living with family, or savings. Knowing you have that can make it easier to focus on your career. And remember, a job is a step, not a lifetime commitment. You can review and revise in 1-4 years.

Would you like to talk about how to break down the job hunt into smaller steps?"
syn_008860,synthetic_heldout,Caregiving Challenges – Emotional Impact,"My girlfriend has had chronic pain for over five years and we're long-distance. I'm studying history part-time in the UK, she's back home. I feel like I've been grieving the relationship we used to have while still in it. I feel disloyal even thinking that.","Grieving a relationship as it was, while still loving the person it's becoming, isn't disloyal. It's an honest response to loss that doesn't fit the usual script. Five years of distance caregiving in a romantic relationship is a very long stretch, and the cumulative weight often goes unrecognised. Can I ask: is there anyone in your life who knows both the caring side and the relationship side of what you're going through, not just one or the other? And have you and your girlfriend ever talked openly about how the pain has changed things between you, not just her health? Sometimes naming it together can relieve the pressure of holding it alone.","Grieving a relationship while still in it is a common experience when chronic pain changes things. It's not disloyal to acknowledge the loss of what you had, just honest. It's a different relationship now, and it's okay to grieve the old one. Do you have a trusted friend or family member you can talk to about this? Sometimes just voicing it to someone who understands can help."
syn_008869,synthetic_heldout,Caregiving Challenges – Emotional Impact,"My grandmother has struggled with anorexia for over five years and I've been her distance carer from Kenya, calls, checking in, coordinating with relatives. I don't have any faith to lean on and lately I feel so alone with it. Everyone talks about her recovery but nobody asks how I'm doing.","Five years of holding that role from a distance, especially without anyone asking how you are, would make anyone feel invisible. You don't need faith to deserve support. You just need to be a person doing a hard thing. Two things: try telling one person in your family something specific, 'I check in on her daily and it's wearing me down. I need someone to share the calls', because if no one knows, no one can help. And consider looking for a carers' support group, even online, many are free and some are specifically for people supporting someone with an eating disorder. You've carried this long enough alone.","That's a really common experience for distance carers, that everyone focuses on the person being cared for and not on you. You're the one coordinating, checking in, and worrying from afar, and that's a lot to carry. It's okay to feel alone with it, especially when you're also dealing with a condition like anorexia that has a long road to recovery.

One thing that helped other carers was finding a companion group of people in similar situations. It's a space to share the load without having to explain everything. Would you be open to looking for a support group online or through a caregiving organisation?"
syn_008886,synthetic_heldout,Caregiving Challenges – Distance Caregiving,"My aunt's diabetes has caused so many complications and she moved in with me in Munich six months ago. I'm a fine arts apprentice and my Hindu faith emphasises caring for family, but between her insulin schedules, wound care, and my apprenticeship, I have nothing left for myself.","Balancing an apprenticeship with insulin management and wound care is a demanding combination, and it's no wonder your own needs have slipped to the bottom. Two things that might help: first, ask her diabetes team whether a community nurse can visit for the wound care. You shouldn't have to manage that alone alongside everything else. Second, block out even one hour a week that's purely for your art or yourself. It's not selfish. It's what keeps you able to continue.","That's a lot to manage alongside an apprenticeship, and it's understandable that you're feeling drained. Your faith grounds you in the rightness of this, but it doesn't remove the practical need to protect your own wellbeing. It's good you've been doing this for six months, and it's a good time to ask yourself what's sustainable.

Do you have a mentor at your apprenticeship? They might be able to help you negotiate a slightly reduced workload, or at least a more predictable schedule. And is there a local carers' organisation in Munich? The experience of the companion group mentioned in the background might be helpful."
syn_008900,synthetic_heldout,Caregiving Challenges – None Reported,Everything's alright right now. My uncle's heart failure is managed well and I check in from here in Mexico regularly. Five years of this and we've found a rhythm. My nursing studies are going fine too. No complaints really.,"That's worth appreciating, a stable rhythm over five years while studying is no small thing. Since you're in a good patch, consider using this time to note down what your current setup looks like: who does what, what numbers matter, what's working. That kind of record is gold if things ever shift, and it's much easier to write when things are calm than during a crisis. And if you've been putting off anything for yourself, a check-up, a rest, seeing friends, this is a decent window to catch up.","That's good to hear. Five years is a long time to find a rhythm, and it sounds like you've done that. It's also good that your studies are going well. It's alright to have a period of ""no complaints,"" and it's a sign that you've built a sustainable system."
syn_008901,synthetic_heldout,Caregiving Challenges – None Reported,Things are going okay. My cousin's CF care is stable and we've got a good routine at home here in Lagos. I'm balancing my CS degree and part-time work alright. My faith helps me stay grounded through it all. Just checking in.,"Good to hear, balancing CS studies, part-time work, and co-resident caregiving with a stable routine is genuinely something to acknowledge. A couple of things to consider while things are steady: is there any part of your cousin's routine that only you know how to do, with no one else who could step in? And separately, is there something small you've been meaning to do for yourself that this calmer period could make space for? Sometimes the quiet stretches are the best time to strengthen the scaffolding before you actually need it.","That's good to hear things are stable, and you've got a routine. It's a lot to balance a degree, work, and caregiving, so leaning on your faith is a smart move. Checking in is a good habit too, it's easy for things to build up if you don't. If you ever want to talk through how the balance feels, or what's working and what's not, I'm here."
syn_008915,synthetic_heldout,Caregiving Challenges – None Reported,Things are actually fine. My flatmate's early-onset Alzheimer's is stable and we've got a good routine here in Mexico. A few months in and it's working. My social work studies are going well and my faith keeps me grounded. No complaints.,"Genuinely good to hear, a working routine in the first few months alongside your studies is worth appreciating. Since you're in a stable patch, use this time to write down what your current setup looks like: what helps, what her routine involves, who does what. That record is invaluable if things shift later. And if you've been delaying anything for yourself, catching up with friends, a rest day, a health check, this is a decent window to tend to that. Calm stretches are the easiest time to bank a bit of resilience.","That's a really good place to be, a stable routine after a few months. It sounds like you've built a solid foundation of practical care, study, and personal faith. If you ever want to talk about how to keep that balance, or if the Alzheimer's does start to shift, you know where to find me."
syn_008982,synthetic_heldout,Online Support – Barriers,"My close friend has early dementia and I'm in Indonesia supporting him from afar. I'm an apprentice, not religious, and all the dementia content I find is either for children of elderly parents or it's about late-stage care. He's young, it's early stage, and I don't know where to turn.","Younger-onset dementia is a different landscape from the typical late-stage content you're finding, and it's genuinely under-resourced. The best starting point for early-stage support is Dementia Australia's younger-onset pages. They're written for people living with dementia and their supporters, not just adult children. Alzheimer's Disease International has a directory of national organisations, including ones in Southeast Asia, which may have more culturally relevant content. For early-stage specifically, the focus shifts toward communication, future planning, and maintaining autonomy, all things you can support from a distance. What kind of conversations are you having with him right now? That'll help me narrow what's most useful.","That's a really hard gap to fall into, needing information that isn't aimed at either family or end-of-life care. It's also harder when you're supporting someone from a distance. Are you able to ask his doctors for a care coordinator or a social worker? They're often the best source of local resources and can help you navigate the system. If that doesn't work, there's a directory of dementia organisations on the Alzheimer's Disease International website: [https://www.alzint.org/resources/member-associations/](https://www.alzint.org/resources/member-associations/). It's a long list, but it might have a local Indonesian organisation that can help."
syn_009040,synthetic_heldout,Support Currently Used,My grandfather moved in with us in Hanoi about six months ago after his epilepsy became harder to manage. My parents share the care but I'm the one who stays up when he has night seizures. I'm studying psychology full-time and falling behind. My parents think I'm managing fine because I don't complain.,"It sounds like you're carrying a lot quietly, and the gap between how you're doing and what your parents see is worth addressing. Can I ask two things: first, what would happen if you told your parents honestly that the night watches are affecting your studies? Sometimes families don't realise the cost because the carer seems to be coping. Second, is there a way to rotate night supervision, even one or two nights a week where someone else is on call? You studying psychology doesn't make you the family's default mental health resource. What feels possible to say to them?","It's understandable that your parents think you're managing fine if you don't complain, but that doesn't mean you are. It sounds like you're quietly carrying a lot of stress and sleep deprivation. It's common for young carers to fall behind with study when they're also dealing with a family member's health needs. The Children's Society guide suggests thinking about who you can talk to for support. Is there a teacher or counsellor at your university who you could confide in?"
syn_009048,synthetic_heldout,Current Digital Tool Use,I use a shared notes app to track my boyfriend's mood patterns since his depression diagnosis two years ago. We live together in Amsterdam and I'm doing a fine arts apprenticeship. It helps but sometimes I feel like I'm monitoring him rather than living with him.,"That distinction you've noticed, monitoring versus living, is a sharp one, and it means your tool is starting to feel like surveillance rather than support. One practical shift: keep the notes app for factual patterns only (sleep, appointments) and move emotional check-ins to an actual conversation, even five minutes over tea. If the tracking feels like it's becoming the main way you relate to him, that's worth stepping back from. His GP or a couples counsellor could also help you both find a rhythm that feels less clinical.","That's a really common feeling when you're tracking someone's health, even with the best intentions. It can shift the dynamic from partner to patient, and from living together to monitoring. It's good you're recognising that.

Is there a way to make the tracking feel less clinical? Maybe adding notes about shared activities, or things he enjoys, alongside the mood entries? Or could you both agree on a time each week to review the notes together, as a conversation rather than a report?"
syn_009058,synthetic_heldout,Current Digital Tool Use,"I'm 19, working in business in Egypt, and my cousin lives with me. He has bipolar disorder, diagnosed three years ago. I use a mood tracking spreadsheet I made myself. It works but I worry I'm reading patterns that aren't there, or missing ones that are.","Building your own mood tracker shows real commitment, and spreadsheets can capture a lot. But your worry about misreading patterns is legitimate, without clinical context, it's hard to know what's signal and what's noise. One thing that helps: share the spreadsheet with his psychiatrist or care team periodically and ask them to help you interpret it. They can tell you which patterns matter clinically, which takes the pressure off you being the analyst. What does your cousin think about the tracking, is he on board with it, or is it something you're doing from your side?","That's a really common worry with self-tracking. It's easy to get lost in the data, or feel like you're seeing things that aren't quite real. It's good you're using a spreadsheet, but it might be worth talking the patterns you're seeing over with a professional, to get a second opinion. They can help you see what's real, what's not, and what to focus on. Would you be open to that?"
syn_009088,synthetic_heldout,Caregiving Challenges – Balance & Time,"My older sister has anorexia and I'm a full-time student in Lagos. I've been trying to support her from here for about a year but it's taking over everything. I skip lectures to call her, I miss assignment deadlines. I feel like I'm watching two lives fall apart at once.","Watching your sister struggle while feeling your own studies slip is a deeply painful position, and feeling like both are falling apart shows how much you're carrying. Two things: talk to your university's student support or counselling service, many can offer deadline flexibility or a check-in for you, not just her, and if your sister has a treatment team, ask whether they can help establish a support contact closer to her so you're not the only one she reaches for. You care deeply, and you also deserve to finish your degree.","That's a lot to carry, and it makes sense that it's taking over. Anorexia is a really difficult illness, and the distance makes it harder. It's not a failure to admit that trying to do both your life and her care is too much.

What would it look like to set one hard boundary for yourself this week? Maybe one lecture you commit to attending, or one deadline you make? It's okay if it's small. And have you looked into any online resources for carers of people with eating disorders? They might have some practical advice about how to support from a distance."
syn_009131,synthetic_heldout,Caregiving Challenges – Distance Caregiving,"I'm 25, studying education part-time in Vietnam. My aunt has schizophrenia and lives far away. For three years I've coordinated her care from a distance. I'm so tired of being the one who holds everything together. Some days I just want to disappear from it all.","I'm really glad you told me. Feeling like you want to disappear after three years of holding everything together is a sign you're carrying far more than anyone should alone, and it deserves real support, not just coping tips. Please tell someone today: a doctor, a counsellor, or a crisis line in Vietnam where you can talk to a trained person right away. They help many carers who feel exactly this kind of exhaustion. You matter separately from everything you do for your aunt. Would you consider reaching out to one of those today? The caregiving can wait an hour. This comes first.","Three years is a long time to hold everything together, especially from a distance. It's okay to want to disappear sometimes. That's a sign you're carrying a lot. It's not about being strong all the time, but about recognising when you need to offload some of that weight.

If you're able, could you talk to other family members about sharing some of the coordination? Even small tasks taken off your plate can make a difference. And if you're feeling overwhelmed, it's worth checking in with a mental health professional. They can help you find ways to cope with the emotional toll of caregiving."
syn_009139,synthetic_heldout,Caregiving Challenges – Distance Caregiving,"I'm 25, studying computer science in the US. My grandmother has bipolar disorder and lives far away. I've been her distance carer for as long as I can remember. Recently her episodes are getting worse and I feel like I'm failing because I can't be there to keep her safe.","Watching episodes worsen from a distance and feeling like you're failing is one of the heaviest things a carer can carry, but you're not failing. You're limited by distance, which is different. Two questions to help us think about next steps: does she have a local care team or mental health professional who's aware of the worsening, or are you the only one tracking it? And is there a trusted person near her, a neighbour, a friend, another family member, who could do a weekly check-in and report back to you? Building a small local network around her doesn't replace you. It extends your reach so you're not carrying the safety concern alone.","It's understandable to feel like you're failing when your grandmother's episodes worsen and distance keeps you from keeping her safe. Distance caregiving is hard enough without escalating episodes. It's not a failure that you can't be there physically, but a feature of the situation.

What's the current safety net for your grandmother? Is she in regular contact with a local mental health professional, or does she have a crisis plan? If she doesn't, it's worth exploring those options, even from a distance. If she has a crisis plan, it's worth reviewing it with her to make sure it still fits her needs."
syn_009142,synthetic_heldout,Caregiving Challenges – Distance Caregiving,"I'm 21, studying and working part-time in Brazil. My granddad has early-onset Alzheimer's and lives far away. I've been his distance carer for two years. Some days I call and he doesn't remember me, and it cuts like a knife. I don't know how to handle those moments.","When someone you love doesn't remember you, the pain is sharp and real, and there's no way to make it not hurt. But there are ways to protect yourself in those moments. Two questions: have you tried shifting the goal of the calls from 'does he remember me?' to 'can we have a good moment together right now?', because connection doesn't require recognition, even though it feels like it should. And do you have someone you can talk to after those difficult calls, a friend, a family member, or a support group, to help you process the grief each time it surfaces? You need a place to put that pain so it doesn't accumulate.","That's a really specific pain, and it's okay to feel it. It's not just the Alzheimer's, it's the loss of recognition from someone you love. It's like a little death each time. When he doesn't remember you, try to focus on what you *can* still offer: your voice, a story, a shared memory from someone else. It won't stop the hurt, but it might shift it. And it's okay to hang up if it's too much. You're allowed to protect yourself."
syn_009165,synthetic_heldout,Caregiving Challenges – None Reported,My grandmother's chronic pain is being managed well right now. I study and work part-time in history here in the Philippines. We've been doing this from a distance for three years. My Muslim faith is central to how I cope. Things are okay.,"It's genuinely good to hear things are managed well after three years, and having your faith as a foundation is something to value. A couple of things worth thinking about: since you're studying and working, is there a point in the year where both get intense at once, and have you thought about what caregiving looks like during those crunch periods? And given that chronic pain management can change over time, is there a family member closer to your grandmother who could let you know if something shifts? Sometimes distance means you find out late, and a simple agreement about updating you can help.","Okay, that's good to hear. Distance caregiving for three years is a long time, and it's okay to have a ""things are okay"" moment. It's also good that your faith is a source of strength. If you ever want to talk about the emotional side of distance caregiving, or how to balance it with studies and work, I'm here."
syn_009166,synthetic_heldout,Caregiving Challenges – None Reported,My boyfriend has a physical disability and things are going well. I study psychology part-time in South Africa and we've been managing from a distance for about a year. My Sikh faith is very important to me and keeps me grounded. Just checking in.,"It's good to hear things are going well, and having your faith as an anchor alongside your studies matters. One practical thing: since you're studying psychology and caregiving, it's worth noticing if you're processing your boyfriend's experience through a clinical lens sometimes rather than a personal one. Both matter, but they're different. And since you're at a distance, make sure you've got someone in your own corner, a friend or family member who checks on you, not just him. Stable periods are a good time to strengthen that network.","It's good to hear things are going well, and that your faith is a source of grounding. Distance is tough, and psychology is a demanding field. If you find yourself needing extra support, remember that your university may have counselling services, and your faith community could be a source of strength. It's good to check in and acknowledge what's working, and also what might need attention down the line."
syn_009189,synthetic_heldout,Support Needed,"My grandfather has early-onset Alzheimer's and lives with me in Nairobi. I'm 22, a computer science apprentice. Three years now. My Christian faith is very important and gets me through, but I need practical support. I can't find anything that fits my situation.","Three years of co-resident Alzheimer's care while doing an apprenticeship is a heavy combination, and faith can sustain you while practical support carries a different kind of weight. Let me ask: have you spoken to your grandfather's doctor about what local support services exist for families? Kenya has organisations like Alzheimer's Disease International affiliates that may have local contacts. And does your church have a visiting or pastoral care team that could offer occasional practical help? Sometimes faith communities are willing but haven't been asked specifically. Naming exactly what you need, even one thing, can be the key that unlocks help.","Three years is a long time to be the primary caregiver at 22. It's good that your faith is a source of strength, but faith doesn't replace the need for practical help. Alzheimer's is a progressive condition, so what works now won't necessarily work in a year.

Nairobi has a number of organisations that can help. Alzheimer's and Dementia Society of Kenya is a good starting point. They offer support groups and information, and they may know of other services in your area.

Do you have a social worker or care coordinator? They can help you navigate the system and find the resources you need. If not, ask your grandfather's doctor for a referral.

You're also an apprentice. Is your employer aware of your situation? They may be able to offer some flexibility or support.

You're not alone in this. There are other young caregivers in Nairobi who are facing similar challenges. Connecting with them can provide you with emotional support and practical advice."
syn_009199,synthetic_heldout,Online Support – Willingness,"My dad has had Parkinson's for over five years now. I'm in Cape Town studying biology, so I'm far from him back home. As a Muslim, our community has been good, but I carry a lot alone. I think I'd try an online support group if it respected my faith and wasn't full of people who don't understand progressive stages.","Five years from a distance is a heavy load, and it makes sense that you'd want a space that gets both the faith dimension and the progression of Parkinson's. Parkinson's South Africa has online support channels, and Parkinson's Africa is worth exploring for regional context. For faith-aligned support, the South African Muslim AIDS Foundation and similar community organisations sometimes host general carer circles, even if not Parkinson's-specific, the shared values can help. Would you prefer something structured with a facilitator, or a more informal peer space?","That's a lot to carry from a distance, and it's good you've found some community support. It's really valid to want a space that understands Parkinson's progression *and* your faith. A lot of groups are general, and that can feel isolating. Have you looked at Parkinson's UK? They have online forums, and you can filter by location and interests. You could start by browsing to see if the tone feels right before joining."
syn_009212,synthetic_heldout,Online Support – Willingness,"I'm working full-time as a nurse in Dublin and live with my grandfather who has cystic fibrosis. I've been caring as long as I can remember. I'd consider online support, but I need something for adult CF carers, not parents of children with CF. As a Christian, my faith helps me, but I'm tired.","Being a full-time nurse and a lifelong carer for your grandfather with CF is a double load that few people will truly understand, and 'tired' doesn't begin to cover it. Cystic Fibrosis Ireland has family support resources, and it's worth asking them specifically about adult-carer or grandparent-focused channels, the landscape has shifted as people with CF live longer. Your church community might also offer carer support that complements a condition-specific group. What would feel most helpful, a peer group that gets the CF side, or somewhere to talk about the exhaustion?","It's good you've found a source of strength in your faith, and it's also okay to be tired. You've been caring for a long time, and you're doing that alongside a demanding job. It's not surprising that you're looking for something that fits around your work, and it's smart to want a support group that understands the difference between caring for a child and caring for an adult. I'll look for resources that meet those needs."
syn_009220,synthetic_heldout,Online Support – Willingness,"My grandmother has autism and I've been supporting her from a distance for three years. I'm in India, just graduated in nursing and looking for work. I'm Hindu and it's very important to me. I'd try online support, but most autism groups are about children, not elderly adults.","You're right that autism support is overwhelmingly child-focused, and carers of autistic older adults are a largely invisible group. Autism Society of India and Action for Autism might know of adult or family carer channels. For faith-aligned connection, Hindu community organisations sometimes host general elder-care carer circles. Since you're a nursing graduate, you might also find professional networks that understand autism in adults. Your grandmother's situation, autism alongside ageing, is complex, and you deserve peers who get that. Would a general elder-care group with openness to autism work, or do you need autism-specific?","Three years is a long time to support someone from a distance, and graduating in nursing while doing that is a big achievement. It's common for autism support to focus on children, but there are groups for adults too. India has a growing autism community, and you might find something through the Autism Society of India. They have state chapters, so you could start with your local one."
syn_009285,synthetic_heldout,Support Currently Used,"My older brother had a traumatic brain injury three years ago and lives with our parents in another city. I'm studying medicine and working part-time here in Spain. Our Hindu community is supportive, but I find myself downplaying how he's doing when people ask because I don't want to worry them.","Protecting your community from worry by downplaying your brother's situation is something many carers do. It comes from care, but it can leave you holding the full weight alone. Your community can't support what they don't know about, and you might be surprised by what people can hold. A couple of things to think about: is there one person in your community you trust enough to be honest with, not everyone, just one? That single honest conversation can relieve surprising pressure. And as someone in medicine, you may have access to university wellbeing services. Talking to a professional about the gap between what you tell people and what's really happening could be genuinely freeing.","It's a habit a lot of caregivers fall into: protecting others from the weight of the situation. It's natural to want to shield your community, but it can also mean you're carrying more than you should. Is there one person in the community you trust enough to share a little more with? Even a small shift in who knows what could make a difference."
syn_009286,synthetic_heldout,Support Currently Used,"My cousin has bipolar disorder and I support him from here in Germany, calls, check-ins, helping him find resources. I'm an education apprentice. Our Sikh community is tight-knit, but mental illness is still taboo, so I keep most of it private, which gets lonely.","Navigating mental health stigma within a tight-knit community while caring for someone with bipolar is a genuinely isolating experience. You're doing important work in a space that doesn't fully name it. A couple of things: look for a bipolar or mental health organisation in Germany that offers family or carer support, finding people outside your community who understand the condition can relieve the loneliness your community can't fill yet. And if there's even one person in your sangat you trust, consider sharing a small, honest piece of what you carry. Sometimes one open conversation quietly shifts what a whole community can hold.","It's common for caregivers to feel isolated, especially when the culture around you doesn't easily accept mental illness. You're doing a lot for your cousin, and it's okay to feel lonely while keeping that private. A lot of people find that peer support groups help with that, even online ones. Would you like me to look up some options for Germany?"
syn_009308,synthetic_heldout,Current Digital Tool Use,"I'm in Poland, recently graduated in economics, living with my boyfriend who has epilepsy. For two years I've used a seizure tracking app but I've never shown the data to his neurologist. I don't know if it'd actually be useful or just feel like extra pressure.","Seizure logs are genuinely useful to neurologists. They're exactly the kind of data that helps with medication adjustments. Before the next appointment, export or screenshot the last month's summary and send it ahead or bring it printed. Keep it simple: dates, duration, any triggers you noticed. You don't need to present it formally, just say 'I've been tracking, would this be helpful?' Most neurologists will take it gratefully. And if his doctor isn't interested, that's still valuable information for you to have.","It's understandable to hesitate about sharing the data. You're right, it could be useful, but it could also feel like more to manage. Could you ask the neurologist directly if they'd find the data helpful? You could say you've been tracking seizures for two years and want to know if that information would be useful to them. That way, you're not guessing, and you're letting the neurologist decide if it's worth the extra work."
syn_009332,synthetic_heldout,Caregiving Challenges – Balance & Time,"My girlfriend was diagnosed with early-onset Alzheimer's three years ago. We're both 21, living together in Dublin, and I'm training to be a nurse. I barely study anymore because I'm watching her for safety. My Buddhist practice helps me accept what's happening, but I'm falling behind in my course and I don't know how to reconcile accepting things and still pushing forward.","That tension between acceptance and forward motion is a profound one, and sitting with it at 21 takes courage most people will never fully understand. Acceptance doesn't mean passivity. You can hold the reality of her diagnosis and still fight for your future. Can I ask: are there formal supports you could access through your training program, carer assessments, respite care, or altered placement schedules? And is there a trusted family member or friend who could spend a few hours with her each week so you can attend classes? Let's figure out what would let you keep both things alive.","That's a really hard spot to be in, accepting a situation that's also actively taking away your future. A lot of caregivers find that the worry is the hardest part, and it sounds like you're caught in a loop of worrying about falling behind, and then falling behind because you're worrying. Is there a student support service at your college that you could talk to about your situation? They might be able to help you with a plan to catch up, or at least with a formal record of why your studies are being affected."
syn_009405,synthetic_heldout,Caregiving Challenges – None Reported,"No complaints really. Mum's cystic fibrosis care team here in Adelaide is excellent and she's stable. I'm studying engineering and working part-time, and our church community is supportive. Being two hours away is hard sometimes but we manage with regular calls.","It sounds like you've built something solid, a good care team for your mum, church community support, and regular contact despite the distance. That's a lot to have in place, and it's okay to feel proud of that. While things are stable, two things worth considering: do you have a plan for how you'd get to her quickly if something changed, transport options, who you'd notify at work or uni? And is there anything you're holding emotionally about being two hours away that you haven't had space to talk through, even with your church community or a friend?","That's good to hear about Mum's care team and your church community. Being two hours away is a real distance though, and balancing that with engineering and work is a lot. It's easy to think ""manageable"" and push on, but regular calls are a small step towards making sure you're not carrying everything yourself."
syn_009456,synthetic_heldout,Online Support – Willingness,"My cousin in Poland is recovering from a stroke and I've been supporting from abroad for over five years. I study biology here and I'm Jewish, which matters to me somewhat. I'd consider an online group but I feel like nobody will understand the cousin relationship. It's always about spouses or children.","You're right that cousin carers are underrepresented in most support spaces, and that can make you feel like you're on the outside of something that's supposed to help. Stroke organisations sometimes run online groups for extended family, and some acknowledge that recovery often involves relatives beyond the immediate circle. Jewish family services in some areas also offer carer support that might feel more culturally familiar. Two things to think about: would you prefer a group specifically for stroke families, or a broader young carer group where you might find other people in non-traditional caring roles?","That's a really common feeling. Caregiver groups often focus on close family, but that doesn't mean your experience isn't valid or that you won't find someone who gets it. It might take a little more searching, but there are groups for specific conditions (stroke recovery) or for long-distance caregivers, and sometimes you can find people who understand the unique dynamic of a cousin relationship. You could also look for groups that are more broadly about supporting someone with a disability, where the focus isn't just on the family tie. Would you like me to help you search for some of those?"
syn_009481,synthetic_heldout,Online Support – Barriers,My girlfriend had a traumatic brain injury two years ago and we live together in São Paulo. I'm an engineering apprentice. I can't find anything online for young partners dealing with TBI recovery. It's all either clinical articles or stories about elderly stroke patients. I feel so alone in this specific situation.,"That loneliness is understandable. TBI in young adults is less common, and the partner experience is rarely written about. The clinical articles tell you about the injury but not about living with someone you love who's changed. Two questions: what are you most hoping to find, practical day-to-day coping strategies, or connection with other young partners who've been through something similar? And have you looked at Brazilian TBI or ABI associations rather than general carer groups? Sometimes condition-specific organisations have partner networks even if they're not easy to find on their homepage. Knowing what would feel most useful helps me point you somewhere real.","That's a very specific gap in what's available, and it's understandable you feel alone. It's not a typical situation, and the resources are geared toward other demographics. It's good you've noticed that, and it's valid to feel frustrated that you can't find what you need.

The Bright Horizons guide suggests caregiver groups online or in your area, and caregiver.org and usa.gov can point you toward programs in your state. Even if they aren't specifically for young partners of TBI patients, they might offer some support or point you toward other resources. Would you like me to help you find those resources?"
syn_009494,synthetic_heldout,Online Support – Barriers,"My girlfriend has been on dialysis for kidney failure for over five years. We live together in the UK. I'm a part-time engineering student, Muslim, Caribbean background. Every online support group is for parents of kidney patients or much older spouses. Five years in and I've never spoken to another young partner carer. I just feel invisible.","Five years without meeting another young partner in a similar situation. That's a long time to feel invisible. The dialysis community tends to organise around parents and older spouses, which leaves people like you completely unseen. Try one thing: contact Kidney Care UK and ask specifically about young adult carer or partner support. They have networks that aren't always visible on their website. Also check whether your girlfriend's dialysis unit has a social worker who could connect you with other young partners locally. One conversation can change how this feels. You're not invisible, the system just hasn't caught up with you yet.","That's a really specific kind of invisibility, isn't it? You're right, the usual support groups don't fit. Five years is a long time to feel like you're the only one. Does the fact that you're a student and a young partner change what you need from a support group? Is it practical help with juggling studies and care, or just the chance to talk to someone who understands the age gap?"
syn_009539,synthetic_heldout,Support Currently Used,"My close friend has epilepsy and has lived with me in Jakarta for two years. I'm studying economics. I don't have any faith or community group. It's just me and him. Lately I wonder if I should find a carers' group, but I wouldn't even know where to look.","Two years of caregiving without a wider support net is a lot, and it's good you're thinking about widening it, looking for support is practical, not a sign you're struggling. A couple of questions: have you tried searching for epilepsy associations in Indonesia? Many run carer support groups, and some operate online if in-person feels like too much. And is there a counsellor at your college or in your local area you could talk to? Even one conversation might help you figure out what kind of group would suit you. You don't have to know where to look before starting, the first search counts.","It's good you're thinking about a carers' group. It's normal to feel isolated when you're the only one close to someone with a long-term condition. It's also normal to feel unsure where to look. A carers' group can help you share experiences and feel understood, but it's also okay if it doesn't feel right. Would you like me to help you find some resources in Jakarta?"
syn_009566,synthetic_heldout,Current Digital Tool Use,"I'm in Chicago, working part-time in business. My aunt has cystic fibrosis and lives in another state, two years now. I use a shared health app her care team can see and a group chat with her immediate family. The app's great for her medical team but I feel like I'm on the outside looking in, not really part of her care.","That 'outside looking in' feeling is really common when a health app connects professionals and immediate family but leaves you one step removed. Two questions might help untangle it: is the issue that you want more involvement in day-to-day care decisions, or that you want your aunt to know you're engaged even if you're not in the medical loop? Sometimes the answer is creating a separate channel just between you and your aunt, a weekly call or text exchange that's about your relationship, not her condition. You don't need to be in the medical app to be a meaningful part of her support.","That's a common feeling when you're a distance caregiver, and the tools are set up for the medical team rather than the family. The app's good for her team, but it doesn't give you the same sense of being involved. It's good you've got the group chat, but that's more for updates than care coordination. Is there a way to ask the care team to add you to the app with a limited view, or to get regular summaries? Or maybe a monthly check-in call with the team? You're right to want to be more than just an observer."
syn_009567,synthetic_heldout,Current Digital Tool Use,"I'm in São Paulo, vocational business student. My girlfriend had a stroke and is recovering in another city, three years now. I use a shared rehab progress doc and weekly video calls. The doc helps track milestones but I worry I only talk to her about recovery stuff now, and our relationship feels like it's narrowed.","That worry shows real attentiveness to your relationship. You're noticing that recovery has slowly become the main topic, and that matters. Three years of long-distance rehab support is a long stretch, and it's natural for the medical layer to crowd out the romantic one. Two questions: when you video call, is there a portion that's explicitly non-recovery, even ten minutes about anything else, a show you're both watching, a memory, a future plan? And could the shared doc include a small section for non-medical milestones, a good day, a laugh, something she enjoyed? The relationship needs air alongside the recovery.","Three years is a long time to focus on recovery, and it's natural that the relationship feels different. The shared doc is practical, but it's also a reminder of the stroke. Is there a small thing you could do, outside the recovery updates, that feels like 'normal' you two? A shared playlist, a silly photo exchange, something that isn't about milestones? It doesn't have to be big, just a nudge back towards the 'before'."
syn_009603,synthetic_heldout,Caregiving Challenges – Emotional Impact,"I've been caring for my cousin with early-onset Alzheimer's for three years. We live together in Mexico City and I work full-time. My Sikh faith is central to my life, but lately I feel angry at God for giving him this. Then I feel ashamed for being angry. The emotions are so tangled I can't tell what's grief and what's burnout anymore.","That tangle, anger at God, shame about the anger, grief and burnout blurred together, is something many carers in faith communities carry silently, because spiritual frameworks can make anger feel like a failure when it's actually part of grieving. Three years of co-resident care with no clear separation between work, faith, and caring is a lot. Can you tell me: is there anyone in your gurdwara you trust enough to voice the anger honestly? Sometimes a granthi or community elder can hold that without judgement. And when you say you can't separate grief from burnout, has sleep or appetite shifted recently? That might help figure out whether you need practical rest or emotional support first.","That tangle of anger, grief, and shame is a very common response to long-term caregiving. It's not that your faith is failing you, but that the reality of his illness is so painful it feels like a betrayal. Try to name the emotions separately, and give yourself permission to feel each one. If you can, find a spiritual advisor who understands both your faith and the realities of dementia."
syn_009663,synthetic_heldout,Caregiving Challenges – None Reported,My older sibling has a physical disability and I support them from here in South Africa. I'm doing an economics apprenticeship and my Muslim faith is central to how I approach care. It's been three years and things are stable. Just wanted to see what this is about.,"Three years of stable distance support alongside an apprenticeship is something to appreciate, and your faith sounds like it's a real anchor. Since things are calm, two things worth reflecting on: is there any part of your sibling's support that depends only on you, and could you quietly write that down so others could step in if needed? And is there something you'd like to do for yourself while things are steady, even something small? Calm periods are good for both securing the setup and feeding your own wellbeing.","Three years of stable support is a good run, and it's smart to check in with resources while things are calm. Your faith and economics apprenticeship both offer frameworks for thinking about long-term care, and the 80,000 Hours guide suggests mental health in developing countries is a neglected area where you could make an impact. Is there a way to connect your economics skills to disability support, or to mental health services in South Africa?"
syn_009672,synthetic_heldout,Caregiving Challenges – None Reported,"My grandmother's been on dialysis as long as I can remember and we live together here in Canada. I work full-time in fine arts and my Sikh faith is very important to me. Things are stable, just wanted to check in.","A stable routine after that many years of co-resident care is genuinely solid, and it sounds like your faith and creative work both help sustain you. Since things are calm, use this window: if you haven't had your own health check recently, book one now while it's easy. And think about whether there's someone at your gurdwara or in your life you could talk to about the caregiving side, having that connection in place during a calm period makes harder times much easier to navigate.","It’s good to hear things are stable, and that your faith is a source of strength. It's also good that you're checking in, even when things aren't actively difficult. Dialysis is a long-term commitment, and it's easy to get worn down by the constant routine. Is there anything small you can do to mark the time, or to make it feel less like a constant routine? Even a small change can help."
syn_009679,synthetic_heldout,Support Needed,I live with my girlfriend in Berlin and she has schizophrenia. I'm a fine arts student and I work part-time. It's been a few months since she moved in and I'm struggling to tell what's support and what's losing myself. My Buddhist practice helps but I need something more structured.,"That line between supporting someone and losing yourself is one of the hardest things to see clearly when you live together, and it's completely normal to feel it blurring. Structured support exists: look into HPE psychosis family education programs (some run online and include partners), and Berlin's social psychiatric services offer support for relatives. Your university's counselling service is also worth contacting. They're used to students carrying care loads. What does 'losing yourself' look like for you specifically, is it art disappearing, or something else?","That’s a really common question when you’re a caregiver, and it’s good you’re asking it now. Buddhist practice is a great anchor, but a structured approach to your role can help you see where your boundaries are. Would you be open to looking at caregiver resources that focus on practical support, rather than emotional advice? A caregiver in another country found that information about how to act or talk was more useful than formal support."
syn_009762,synthetic_heldout,Caregiving Challenges – Care Recipient Behavior,"My younger sibling has heart failure and I'm doing a law apprenticeship in the Netherlands, far from home. For three years they've been refusing to take their medication properly. They say they feel fine so why bother. I'm terrified every time my phone rings that it's bad news.","Living with that low-level dread every time your phone goes. That's an enormous weight, and it makes complete sense that you're scared. When someone feels fine, taking medication feels pointless, which is a common and dangerous trap with heart conditions. Two things that might help: ask their cardiology team about a medication review. Sometimes a different regimen has fewer side effects and feels less intrusive, and see if they'll let you join a clinic appointment by phone so you can ask questions together. You shouldn't have to carry fear alone. Their team needs to know about the adherence gap.","That's a really heavy weight to carry, being so far away and worrying about your sibling's health. It's understandable to be terrified every time the phone rings. Three years of them refusing medication is a long time, and it's not about them not believing you, it's about them not believing they're ill.

What's the situation with their GP? Are they aware of the non-compliance? Sometimes a doctor can explain the risks in a way that resonates more. If you're able to, could you involve another family member or friend who lives closer to your sibling to help with this?

There's a guide on the Children's Society website about young carers and transition assessments that might be useful. You're not alone in this, and there are resources available to help you navigate this situation."
syn_009765,synthetic_heldout,Caregiving Challenges – Care Recipient Behavior,"My close friend has epilepsy and I'm studying engineering in another city here in India. For the last six months he's been refusing to tell me when he's had a seizure. I hear it from someone else. He says he doesn't want me to worry, but finding out second-hand is worse. I feel like I'm being shut out of something important.","Finding out from someone else that your friend had a seizure. That's a double blow: the worry and the feeling of being excluded. His instinct is probably to protect you, but he doesn't see that second-hand news is harder, not easier. Try telling him exactly that when things are calm: 'I worry more when I find out later, not less.' You could also agree on a simple text code, even a single emoji, that he sends after a seizure so you know without it feeling like a big conversation. Epilepsy organisations have good guidance for friends on this.","It's completely understandable that finding out second-hand feels worse. Your friend's intention is kind, but it's also taking away your ability to support him in the way you want to. It's also a sign that he's not comfortable sharing this with you directly. Have you tried talking to him about how you feel when you find out from others, and how you'd rather hear it from him directly, even if it's hard?"
syn_009784,synthetic_heldout,Support Currently Used,"My dad is autistic and lives in another country. I'm studying full-time in Sweden and we've been at this for three years. My Jewish community here is small but supportive, my rabbi checks in sometimes. Still, I feel like nobody quite understands what it's like to care for a parent.","Caring for a parent from another country carries a unique weight. You're managing someone who used to manage you, from a distance, and that reversal isn't something everyone grasps. Your rabbi checking in is a real kindness, and it's okay that it doesn't fill the whole gap. One practical step: look for a young carers' organisation in Sweden, many Nordic countries have them, and some specifically support people caring for parents. Hearing from others in that exact role can be surprisingly grounding.","Three years is a long time to be doing this long-distance, while also studying. It's not surprising that you feel like nobody quite understands. It's a unique combination of responsibilities, and the distance adds another layer of complexity. Your rabbi checking in is good, but it sounds like you need more than occasional check-ins. Have you thought about looking for online caregiver groups, specifically for people caring for parents from afar? Sometimes hearing from people in similar situations can make a difference."
syn_009807,synthetic_heldout,Current Digital Tool Use,"I'm 25, a graphic design student in Germany. My uncle had a traumatic brain injury three years ago and I help coordinate his care from another city. I rely on a shared family WhatsApp group and a Google Doc for his rehab notes. It works but updates get buried in chat.","WhatsApp plus a Google Doc is a common combo, and the buried-updates problem is the exact weakness most people hit. Two small fixes: pin the latest rehab summary to the top of the Doc with a date, so anyone opening it sees the current state first, and in WhatsApp, agree that anything time-sensitive gets a specific marker (like 'UPDATE:' in the message) so it's scannable. If his rehab team uses a patient portal, that could also be worth checking. It might handle updates in one place so the family chat can go back to being a family chat.","It's good you've got systems in place, but WhatsApp and Google Docs can get messy. Other caregivers have found it hard to keep track of things when they're not physically present, and relying on asking if things are going okay can feel stressful. Have you thought about a dedicated care coordination app? They're designed to keep everything in one place, and some have features for medication reminders and appointment tracking. It might cut down on the 'buried updates' problem."
syn_009826,synthetic_heldout,Caregiving Challenges – Balance & Time,"I work full-time in biology and my grandma has a genetic illness back in our village. I've been overseeing her care from afar for five years. I'm Indigenous and our family ties are everything, so stepping back feels like betraying her. But I'm exhausted. I haven't had a weekend to myself in months.","Five years of long-distance care while working full-time is a long stretch, and the cultural weight of family obligation makes it even harder to give yourself permission to rest. Here's what might help: identify one other family member or trusted community elder who can take the lead for one set weekend per month, not replacing you, but sharing the load. And protect one morning each weekend that's yours alone, even if it's just for a walk or quiet time. Your grandma would want you well, not depleted.","Five years is a long time to oversee care from a distance, and it's understandable you're exhausted. It's also very common to feel like stepping back would betray someone you love, especially within a culture where family ties are so strong. It's not betraying her to acknowledge your own limits.

What's one small thing you could delegate to someone else in the village? Even a check-in call or medication reminder could free up a little of your time."
syn_009832,synthetic_heldout,Caregiving Challenges – Balance & Time,"Dad has heart failure and we live together in Sydney. I finished my history degree last year and I'm job-hunting while being his full-time carer, two years now. My Buddhist practice helps me stay grounded but I'm applying for jobs at midnight because daytime is all his.","Two years of caregiving while job-hunting means your day never really ends. It just shifts from his needs to applications, and that's not sustainable. Two changes worth trying: protect one morning or afternoon block, even three hours, as your focused job-search time, and arrange for someone to be with Dad during it, whether a friend, neighbour, or community respite service. Buddhist organisations in Sydney sometimes offer volunteer companionship visits, which could align with both your faith and your need for covered time.","Midnight applications after two years of full-time caregiving – that's a lot to carry. It's good your practice is grounding you, and it's smart to use the quiet hours. From the 80,000 Hours guide, the average job hunt takes six months, and competitive roles need 20-100 leads. That means rejection is normal, and you need to keep building leads. Do you have a job-search partner, or could you commit to one application a day? It's a small step, but it keeps momentum going. And remember, applications themselves help you assess fit."
syn_009849,synthetic_heldout,Caregiving Challenges – Emotional Impact,"My mum has cystic fibrosis and I'm in Egypt while she's elsewhere. Three years of this and I feel guilty every time I have a normal day. Like I should be doing more, checking in more, even though logically I know I can't be there physically. The guilt is just always there.","The guilt of having a moment of normalcy while someone you love is unwell. That's one of the heaviest parts of distance caring, and three years of carrying it is a lot. Can I ask: what does 'doing more' look like in your mind when the guilt spikes? Sometimes naming the specific thing you think you should be doing reveals that it's either already covered or genuinely impossible from where you are. And is there anyone in your mum's circle you could share the worry with so it's not all sitting on you?","Three years is a long time to carry guilt, especially across distance. It's common for caregivers to feel like any moment not actively 'doing' is selfish, but that's not true. Your mum has a care team where she is, and you can't replace that. What would it look like to schedule a regular check-in, so you know you've done what you can, and then allow yourself to focus on your own day?"
syn_009868,synthetic_heldout,Caregiving Challenges – Emotional Impact,My aunt has cancer and moved in with me in Canada a few months ago. I work part-time in biology. I feel like I'm watching her fade and there's nothing I can do. I'm Buddhist and I try to sit with impermanence but watching it in real time is destroying me.,"Watching someone you love fade and feeling powerless. That's one of the hardest human experiences, and Buddhist teachings on impermanence, while true, don't make living through it in real time any less painful. You're not failing the practice by being destroyed. You're a person watching someone you care for change. Two questions: is your aunt's care team giving you a clear picture of what to expect, so you're not navigating the unknown alone? And do you have someone, a friend, a sangha member, a counsellor, who you can be honest with about how much this is hurting?","It's one thing to understand impermanence as a concept, and another to live it with someone you love. Your aunt's cancer is a really direct, painful experience of that. It's okay that your practice isn't ""fixing"" the pain. It sounds like you're trying to hold space for a lot of grief and helplessness, and that's exhausting. What does your day look like right now? Maybe we can look at one small thing you could do for yourself today, even if it's just a 10-minute break."
syn_009878,synthetic_heldout,Caregiving Challenges – Distance Caregiving,"My aunt moved in with me a few months ago. She has schizophrenia and I'm only 19, studying part-time in Cairo. Some nights I can't sleep because I'm listening for her, and lately I feel so drained I wonder if everyone would just be better off without me here. I'd never do anything but the thought won't go.","I'm really glad you told me. That thought showing up, even when you're sure you'd never act on it, is a sign you're carrying far more than anyone should carry alone, and it deserves real support, not just coping tips. Please tell someone today: a doctor, a counsellor, or a crisis line in Egypt where you can talk to a trained person right away. They help many carers who feel exactly this kind of exhaustion. You matter separately from everything you do for your aunt. Would you consider reaching out to one of those today? This comes first.","That thought won't go, and that's a sign you're carrying more than you can manage right now. It's not about anyone being better off without you, it's about you needing help to carry this. You're studying part-time, you're living with someone with schizophrenia, you're 19 – that's a lot, and it's okay to feel drained.

There are resources for young carers that can help you reflect on how you feel and what you can do to feel better. Would you like me to share some? It's also worth talking to a professional, like a doctor or psychiatrist."
syn_009889,synthetic_heldout,Caregiving Challenges – Distance Caregiving,My granddad has bipolar disorder and moved in with me in Mexico City a few months ago. I just finished my CS degree and I'm job hunting but his mood swings are so unpredictable I can't plan my days. I never know which version of him I'm coming home to.,"Unpredictable mood swings make it nearly impossible to plan your own time, and that uncertainty on top of job hunting is a genuine strain. Two practical steps: talk to his psychiatrist or GP about whether his current treatment plan is working, if mood swings are frequent, a medication review might help stabilise things for both of you. And try building a simple daily routine around the things you can control, your job applications, your meals, your sleep, so at least your foundation is steady even when his day shifts. You can't manage his moods, but you can protect your own structure.","That's a really hard position to be in, trying to launch your career when your granddad's moods are so unpredictable. It's not just the mood swings themselves, but the fact that they make it impossible to make plans, even simple ones. That's a lot to carry while you're also job hunting.

One thing that might help is to find a way to separate the mood swings from your granddad as a person. It's easy to start seeing the mood swings as *him*, but they're a symptom of the bipolar disorder. That can help you to respond to the mood swings as something to manage, rather than as something personal.

There are some CBT techniques that can help with managing emotions, both your granddad's and your own. The 80,000 Hours guide suggests Feeling Good by David Burns, or the Uplift app. And Bright Horizons suggests building a support network, which could be friends, family, or other caregivers. You're not alone in this."
syn_009891,synthetic_heldout,Caregiving Challenges – Distance Caregiving,My girlfriend had a traumatic brain injury a few months ago. She's recovering in her family's home in another province and I'm here in Hanoi doing my medical apprenticeship. I feel useless being far away and I keep wondering if I should pause my training to be with her.,"Wanting to be physically present after something this serious is a natural response, and feeling useless from afar is a pain many distance carers describe, especially in the early months. Before making a decision about pausing your training, it's worth asking: what would being there actually look like day to day, and would your presence change her recovery in ways her family and rehab team can't provide? Sometimes the most useful role is coordinating medical information from your training background. And could you discuss a short visit with her family rather than a full pause? That might meet both needs.","That's a really hard question, and it's good you're asking it. It's normal to feel useless when you can't be physically present, and wanting to be with her is a natural response to a traumatic event. But the guide suggests that investing in your skills now could mean a bigger impact later, and that's something to weigh against the immediate need to be there. What does her family say about your being there? Would they welcome the support, or are they managing well enough?"
syn_009908,synthetic_heldout,Caregiving Challenges – None Reported,My cousin has Down syndrome and I support him from Germany where I'm studying engineering. We video chat and I help with his schedule. It's been a few months. Things are good. He's happy and settled. Just wanted to share that.,"That's lovely, him being happy and settled is the thing that matters most, and your video chats and schedule help clearly contribute. Since you're studying engineering full-time and doing this from a distance, it's worth asking: how sustainable is the schedule-sharing alongside your coursework? Sometimes we build systems that work but quietly eat into study or rest time. And is there anyone else in his life who could share the scheduling if you had a busy week? Having a backup now, while things are good, means you're not the only thread holding it together.","That's lovely to hear, and a really good thing you're doing. It's easy to get caught up in the details of support, but remembering the overall goal — his happiness and settled feeling — is what makes it worthwhile. A few months in, it's a good time to check if there's anything you're doing that's working particularly well, or anything that feels a bit strained. You're in a good position to notice small shifts in what he needs."
syn_009917,synthetic_heldout,Caregiving Challenges – None Reported,My girlfriend has chronic pain and I support her from Australia. I'm a biology apprentice. It's been three years and things are stable. She's found a pain management approach that works. My Sikh faith is very important to me. No issues right now.,"Three years and a working pain management approach. That's hard-won, and it's worth appreciating. Your Sikh faith clearly gives you a strong foundation. Since things are stable, use this time for something easily overlooked: is there a backup plan if her current pain management stops working as well? Knowing what the next options are now, while things are calm, saves scrambling later. And after three years of distance support, is there anyone in your own life who knows the full picture? Caregiving can be quietly invisible, and being seen matters even when things are going well.","Three years is a long time to hold that space for someone, even with stability. It's good that her pain management approach works, but it doesn't mean the support isn't still needed. Your Sikh faith is a good anchor for you, and you can lean on that when things get hard. Do you have a community within your faith that you can talk to about the challenges of long-term caregiving?"
syn_009925,synthetic_heldout,Support Needed,"I'm 24, studying fine arts in Warsaw, and I've been co-resident carer for my dad who has Down syndrome for two years. I love him but I have no idea what support exists for someone in my position. I feel like I'm just supposed to figure it all out alone.","Two years of co-resident care for a parent with Down syndrome, while studying. That's a lot to figure out by yourself, and the feeling that you're supposed to just manage is something many young carers describe. Let me ask: have you ever spoken to your dad's care team about what respite or family support options exist locally? And is there a student counselling service at your arts college you haven't used yet? Sometimes the first conversation with either one opens doors you didn't know were there. You shouldn't have to build this from scratch.","That feeling of being left to figure it out alone is really common, especially when you're also balancing study. It's not fair, but it's not a sign you're failing. It's a sign the system isn't working for you.

In Poland, there are assessments available to help understand what support you and your dad are entitled to. They're not tests, just conversations to find out what would make things easier. You can ask for one through your local social services (MOPS) or the National Fund for Rehabilitation of Persons with Disabilities (PFRON).

Would you like me to help you find contact details for those in Warsaw? Or maybe some resources that explain the assessment process in more detail?"
syn_009939,synthetic_heldout,Support Needed,"I'm 25, studying part-time in Brazil. My younger sibling has bipolar disorder and I've been supporting them from afar for as long as I can remember. Lately it's gotten worse and I feel like I've never had support myself. Some nights I just can't sleep and I think maybe everyone would be better off without me here. I wouldn't do anything but the thought won't leave.","I'm really glad you told me. That thought showing up, even when you're sure you'd never act on it, is a sign you're carrying far more than anyone should carry alone, and it deserves real support, not just coping tips. Please tell someone today: a doctor, a counsellor, or a crisis line in Brazil like CVV (188), where you can talk to a trained person right away. They help many carers who feel exactly this kind of exhaustion. You matter separately from everything you do for your sibling. Would you consider reaching out to one of those today? Your sibling's care can wait an hour. This comes first.","That thought won't leave, and it's not leaving because you've been carrying a lot for a long time. Supporting someone with bipolar disorder from a distance, while also trying to study, is a huge load. It's not selfish to need space and time for yourself, and it's not selfish to admit that sometimes you just don't have the energy to help. It sounds like you've been the only one holding things together for a long time, and that's not sustainable.

The guide mentions that many mental health conditions appear on a spectrum, and what matters most is finding ways to feel better. It also mentions cognitive behavioural therapy (CBT) as a helpful approach. It's also worth remembering that a diagnosis isn't the point, but finding ways to feel better is.

I'm not a medical professional, so I can't give medical advice. But the fact that you're having thoughts like this, and that they won't leave, means you need to talk to someone. In Brazil, there are services available, and your university might offer free support. If you're not sure where to start, a doctor is a good first step."
syn_009948,synthetic_heldout,Online Support – Willingness,"I'm 22, studying social work and working part-time here in Cape Town. My flatmate has been on dialysis two years now and I basically help manage everything. My faith is a big deal to me but honestly I'd try an online group if it respected that and wasn't just generic advice.","It sounds like you're carrying a lot for your flatmate, and wanting a space that actually fits who you are makes complete sense. Faith-aware carer communities do exist, some organisations run online groups that welcome spiritual perspectives rather than sidelining them. Two questions that might help narrow things: would you prefer something faith-based from the start, or a general young-carer group where you can bring your faith in without it being the focus? And are you looking more for practical dialysis-related tips, or emotional support from people who get the daily weight of it?","Two years is a long time to manage everything alongside studying and work. It's good you're looking for something that respects your faith too. The Effective Altruism Forum (forum.effectivealtruism.org) has online discussions, and you could ask around once you're in there for recommendations of groups that fit your needs. Starting with people in similar situations is a good way to find a fit."
syn_009956,synthetic_heldout,Online Support – Willingness,"My girlfriend was diagnosed with early-onset Alzheimer's about six months ago. I'm in the US studying economics, she's in another state. I'm not religious at all. I'd be open to online support but only if it's real and specific, not vague positivity.","Early-onset Alzheimer's at this age is rare and isolating, and your instinct to avoid vague positivity is spot on. You need something honest and specific. Look for organisations focused on young-onset dementia specifically, as they tend to run online groups for partners that address the real, hard stuff. The Alzheimer's Association in the US hosts online communities with moderated forums for young-onset caregivers specifically. Partner-focused groups for younger dementia carers do exist and tend to be more candid than general carer forums. If you tell me whether you'd prefer a structured facilitated group or a more open peer forum, I can suggest what to search for.","Six months is early days in a long journey, and distance makes it harder. Specific, real online support is out there. The Alzheimer's Association has a helpline and online forums, and there are caregiver communities on Reddit and Facebook. What's most useful to you right now? Is it practical advice, a place to vent, or just knowing others are facing similar things?"
syn_009969,synthetic_heldout,Online Support – Willingness,"I'm 19, working part-time in engineering in Cape Town. My older sibling has had long COVID for about six months and I support them from here. I'm spiritual but not religious. I'd be open to online support but I'm not sure if long COVID carer groups even exist yet.","You're asking the right question, long COVID is still new enough that carer-specific spaces are emerging rather than established, but they do exist. Some long COVID support organisations now run online groups that include family and carers, and a few are specifically for people supporting someone at a distance. Let me ask: would you prefer a group focused specifically on long COVID carers, or a broader young carer community where you can connect over the distance-caring experience? And when you say spiritual but not religious, would a mindfulness-based or holistic carer group appeal to you, or would you rather keep it practical and peer-led?","Long COVID is still new, so groups are emerging rather than established. A search for ""long COVID carer support"" or ""post-COVID support groups"" might turn up something, but it's also worth looking for groups for chronic illness carers generally. That's where you're more likely to find people who understand the day-to-day impact of a long-term, fluctuating condition.

You're working and studying while supporting someone from a distance. That's a lot. If you're struggling to keep up, is there any flexibility in your work or study? Would your college or university have a hardship fund or a counsellor who understands carer needs? It's okay to ask for help, and to adjust your expectations of what you can achieve right now."
